-- MySQL dump 10.13  Distrib 8.0.28, for Win64 (x86_64)
--
-- Host: 192.168.1.40    Database: liga
-- ------------------------------------------------------
-- Server version	8.0.29-0ubuntu0.21.10.2

/*!40101 SET @OLD_CHARACTER_SET_CLIENT=@@CHARACTER_SET_CLIENT */;
/*!40101 SET @OLD_CHARACTER_SET_RESULTS=@@CHARACTER_SET_RESULTS */;
/*!40101 SET @OLD_COLLATION_CONNECTION=@@COLLATION_CONNECTION */;
/*!50503 SET NAMES utf8 */;
/*!40103 SET @OLD_TIME_ZONE=@@TIME_ZONE */;
/*!40103 SET TIME_ZONE='+00:00' */;
/*!40014 SET @OLD_UNIQUE_CHECKS=@@UNIQUE_CHECKS, UNIQUE_CHECKS=0 */;
/*!40014 SET @OLD_FOREIGN_KEY_CHECKS=@@FOREIGN_KEY_CHECKS, FOREIGN_KEY_CHECKS=0 */;
/*!40101 SET @OLD_SQL_MODE=@@SQL_MODE, SQL_MODE='NO_AUTO_VALUE_ON_ZERO' */;
/*!40111 SET @OLD_SQL_NOTES=@@SQL_NOTES, SQL_NOTES=0 */;

--
-- Table structure for table `arbitros`
--

DROP TABLE IF EXISTS `arbitros`;
/*!40101 SET @saved_cs_client     = @@character_set_client */;
/*!50503 SET character_set_client = utf8mb4 */;
CREATE TABLE `arbitros` (
  `id` int NOT NULL AUTO_INCREMENT,
  `nombre` varchar(120) DEFAULT NULL,
  `nacionalidad` varchar(120) DEFAULT NULL,
  `FechaNacimiento` date DEFAULT NULL,
  PRIMARY KEY (`id`),
  UNIQUE KEY `nombre` (`nombre`)
) ENGINE=InnoDB AUTO_INCREMENT=10 DEFAULT CHARSET=utf8mb4 COLLATE=utf8mb4_0900_ai_ci;
/*!40101 SET character_set_client = @saved_cs_client */;

--
-- Dumping data for table `arbitros`
--

LOCK TABLES `arbitros` WRITE;
/*!40000 ALTER TABLE `arbitros` DISABLE KEYS */;
INSERT INTO `arbitros` VALUES (1,'Damir Skomina',NULL,NULL),(2,'Martin Atkinson',NULL,NULL),(3,'Jonas Eriksson',NULL,NULL),(4,'Néstor Pitana',NULL,NULL),(5,'Cüneyt Çakır',NULL,NULL),(6,'Bjorn Kuipers',NULL,NULL),(7,'Viktor Kassaï',NULL,NULL),(8,'Antonio Miguel Mateu Lahoz',NULL,NULL),(9,'Mark Geiger',NULL,NULL);
/*!40000 ALTER TABLE `arbitros` ENABLE KEYS */;
UNLOCK TABLES;

--
-- Table structure for table `clasificacion`
--

DROP TABLE IF EXISTS `clasificacion`;
/*!40101 SET @saved_cs_client     = @@character_set_client */;
/*!50503 SET character_set_client = utf8mb4 */;
CREATE TABLE `clasificacion` (
  `id` int NOT NULL AUTO_INCREMENT,
  `id_club` int unsigned NOT NULL,
  `puntos` int DEFAULT '0',
  `golesAfavor` int DEFAULT '0',
  `golesEncontra` int DEFAULT '0',
  `partidosGanados` int DEFAULT '0',
  `partidosEmpatados` int DEFAULT '0',
  `partidosPerdidos` int DEFAULT '0',
  `temporada` int DEFAULT NULL,
  PRIMARY KEY (`id`),
  KEY `FK_clasificacion_ID_club` (`id_club`),
  KEY `FK_clasificacion_temporada` (`temporada`),
  CONSTRAINT `FK_clasificacion_ID_club` FOREIGN KEY (`id_club`) REFERENCES `club` (`id`),
  CONSTRAINT `FK_clasificacion_temporada` FOREIGN KEY (`temporada`) REFERENCES `temporada` (`id`)
) ENGINE=InnoDB AUTO_INCREMENT=238 DEFAULT CHARSET=utf8mb4 COLLATE=utf8mb4_0900_ai_ci;
/*!40101 SET character_set_client = @saved_cs_client */;

--
-- Dumping data for table `clasificacion`
--

LOCK TABLES `clasificacion` WRITE;
/*!40000 ALTER TABLE `clasificacion` DISABLE KEYS */;
INSERT INTO `clasificacion` VALUES (207,1,38,53,63,11,5,15,1),(208,2,68,88,51,22,2,7,1),(209,3,52,69,61,17,1,13,1),(210,4,38,62,68,12,2,17,1),(211,5,43,53,67,14,1,16,1),(212,6,70,86,48,22,4,5,1),(213,7,27,54,83,7,6,18,1),(214,8,62,78,50,19,5,7,1),(215,9,48,78,59,15,3,13,1),(216,10,56,81,56,17,5,9,1),(217,11,31,61,82,9,4,18,1),(218,12,49,60,49,15,4,12,1),(219,13,42,57,66,13,3,15,1),(220,14,41,60,62,13,2,16,1),(221,15,28,50,78,9,1,21,1),(222,16,48,58,60,15,3,13,1),(223,17,42,63,61,13,3,15,1),(224,18,36,53,71,11,3,17,1),(225,19,49,55,50,15,4,12,1),(226,20,29,45,79,8,5,18,1);
/*!40000 ALTER TABLE `clasificacion` ENABLE KEYS */;
UNLOCK TABLES;

--
-- Temporary view structure for view `clasificacionview`
--

DROP TABLE IF EXISTS `clasificacionview`;
/*!50001 DROP VIEW IF EXISTS `clasificacionview`*/;
SET @saved_cs_client     = @@character_set_client;
/*!50503 SET character_set_client = utf8mb4 */;
/*!50001 CREATE VIEW `clasificacionview` AS SELECT 
 1 AS `puesto`,
 1 AS `nombre`,
 1 AS `puntos`,
 1 AS `golesAfavor`,
 1 AS `golesEncontra`,
 1 AS `diferenciaGoles`,
 1 AS `partidosGanados`,
 1 AS `partidosEmpatados`,
 1 AS `partidosPerdidos`,
 1 AS `id_club`*/;
SET character_set_client = @saved_cs_client;

--
-- Table structure for table `club`
--

DROP TABLE IF EXISTS `club`;
/*!40101 SET @saved_cs_client     = @@character_set_client */;
/*!50503 SET character_set_client = utf8mb4 */;
CREATE TABLE `club` (
  `id` int unsigned NOT NULL AUTO_INCREMENT,
  `nombre` varchar(100) DEFAULT NULL,
  `pais` varchar(100) DEFAULT NULL,
  `nJugadores` int DEFAULT NULL,
  `ValorTotal` int DEFAULT NULL,
  `activo` int DEFAULT '0',
  `id_estadio` int DEFAULT NULL,
  PRIMARY KEY (`id`),
  UNIQUE KEY `nombre` (`nombre`),
  KEY `FK_estadio` (`id_estadio`),
  CONSTRAINT `FK_estadio` FOREIGN KEY (`id_estadio`) REFERENCES `estadios` (`id`)
) ENGINE=InnoDB AUTO_INCREMENT=21 DEFAULT CHARSET=utf8mb4 COLLATE=utf8mb4_0900_ai_ci;
/*!40101 SET character_set_client = @saved_cs_client */;

--
-- Dumping data for table `club`
--

LOCK TABLES `club` WRITE;
/*!40000 ALTER TABLE `club` DISABLE KEYS */;
INSERT INTO `club` VALUES (1,'Tottenham Hotspur','Inglaterra',33,613585000,1,1),(2,'Chelsea','Inglaterra',33,981225000,1,2),(3,'Liverpool','Inglaterra',33,1182100000,1,3),(4,'Manchester United','Inglaterra',33,730330000,1,4),(5,'Arsenal','Inglaterra',33,539975000,1,5),(6,'Manchester City','Inglaterra',32,1235240000,1,6),(7,'West Ham United','Inglaterra',33,363685000,1,7),(8,'Barcelona','España',33,888900000,1,8),(9,'Real Madrid','España',33,1038200000,1,9),(10,'Atlético de Madrid','España',33,865125000,1,10),(11,'Sevilla FC','España',33,559950000,1,11),(12,'Juventus','Italia',27,717600000,1,12),(13,'Inter de Milán','Italia',25,628450000,1,13),(14,'AC Milán','Italia',28,622150000,1,13),(15,'Napoli','Italia',24,495700000,1,15),(16,'Borussia Dortmund','Alemania',33,665975000,1,16),(17,'Bayern de Múnich','Alemania',31,965230000,1,17),(18,'Leverkusen','Alemania',29,484375000,1,18),(19,'Paris saint-germain','Francia',32,1099325000,1,19),(20,'Olympique De Marseille','Francia',33,325300000,1,21);
/*!40000 ALTER TABLE `club` ENABLE KEYS */;
UNLOCK TABLES;

--
-- Table structure for table `estadios`
--

DROP TABLE IF EXISTS `estadios`;
/*!40101 SET @saved_cs_client     = @@character_set_client */;
/*!50503 SET character_set_client = utf8mb4 */;
CREATE TABLE `estadios` (
  `id` int NOT NULL AUTO_INCREMENT,
  `nombre` varchar(100) NOT NULL,
  `ciudad` varchar(100) DEFAULT NULL,
  `capacidad` int DEFAULT NULL,
  PRIMARY KEY (`id`),
  UNIQUE KEY `nombre` (`nombre`)
) ENGINE=InnoDB AUTO_INCREMENT=47 DEFAULT CHARSET=utf8mb4 COLLATE=utf8mb4_0900_ai_ci;
/*!40101 SET character_set_client = @saved_cs_client */;

--
-- Dumping data for table `estadios`
--

LOCK TABLES `estadios` WRITE;
/*!40000 ALTER TABLE `estadios` DISABLE KEYS */;
INSERT INTO `estadios` VALUES (1,'Tottenham Hotspur Stadium',NULL,NULL),(2,'Stamford Bridge',NULL,NULL),(3,'Anfield',NULL,NULL),(4,'Old Trafford',NULL,NULL),(5,'Emirates Stadium',NULL,NULL),(6,'Etihad Stadium',NULL,NULL),(7,'London Stadium',NULL,NULL),(8,'Camp Nou','Barcelona',99354),(9,'Estadio Santiago Bernabéu',NULL,NULL),(10,'Wanda Metropolitano',NULL,NULL),(11,'Ramón Sánchez-Pizjuán',NULL,NULL),(12,'Waldstadion (Fussballstadion)',NULL,NULL),(13,'San Siro',NULL,NULL),(15,'Stadion Olympik',NULL,NULL),(16,'Signal Iduna Park',NULL,NULL),(17,'Sanderson Park (FIFA 13 NEW generic)',NULL,NULL),(18,'BayArena',NULL,NULL),(19,'Parc des Princes',NULL,NULL),(20,'Euro Arena',NULL,NULL),(21,'Orange Vélodrome',NULL,NULL);
/*!40000 ALTER TABLE `estadios` ENABLE KEYS */;
UNLOCK TABLES;

--
-- Table structure for table `estadisticas_partido`
--

DROP TABLE IF EXISTS `estadisticas_partido`;
/*!40101 SET @saved_cs_client     = @@character_set_client */;
/*!50503 SET character_set_client = utf8mb4 */;
CREATE TABLE `estadisticas_partido` (
  `id` int NOT NULL AUTO_INCREMENT,
  `id_jugador` int unsigned NOT NULL,
  `id_partido` int NOT NULL,
  `goles` int DEFAULT '0',
  `asistencias` int DEFAULT '0',
  `amarillas` int DEFAULT '0',
  `rojas` int DEFAULT '0',
  `titular` int DEFAULT '0',
  PRIMARY KEY (`id`),
  KEY `FK_estadisticas_partido_id_jugador` (`id_jugador`),
  KEY `FK_estadisticas_partido_id_partido` (`id_partido`),
  CONSTRAINT `FK_estadisticas_partido_id_jugador` FOREIGN KEY (`id_jugador`) REFERENCES `jugadores` (`id`),
  CONSTRAINT `FK_estadisticas_partido_id_partido` FOREIGN KEY (`id_partido`) REFERENCES `partidos` (`id`)
) ENGINE=InnoDB AUTO_INCREMENT=8681 DEFAULT CHARSET=utf8mb4 COLLATE=utf8mb4_0900_ai_ci;
/*!40101 SET character_set_client = @saved_cs_client */;

--
-- Dumping data for table `estadisticas_partido`
--

LOCK TABLES `estadisticas_partido` WRITE;
/*!40000 ALTER TABLE `estadisticas_partido` DISABLE KEYS */;
INSERT INTO `estadisticas_partido` VALUES (1,11,1,0,0,0,0,1),(2,4,1,0,0,0,0,1),(3,6,1,0,0,0,0,1),(4,16,1,0,0,0,0,1),(5,22,1,0,0,0,0,1),(6,3,1,0,0,0,0,1),(7,8,1,0,0,0,0,1),(8,14,1,0,0,0,0,1),(9,18,1,0,0,0,0,1),(10,15,1,0,0,0,0,1),(11,9,1,0,0,0,0,1),(12,12,1,0,0,0,0,0),(13,13,1,0,0,0,0,0),(14,2,1,0,0,0,0,0),(15,334,1,0,0,0,0,1),(16,340,1,0,0,0,0,1),(17,349,1,0,0,0,0,1),(18,339,1,0,0,0,0,1),(19,343,1,0,0,0,0,1),(20,331,1,0,0,0,0,1),(21,330,1,0,0,0,0,1),(22,335,1,0,0,0,0,1),(23,344,1,0,0,1,0,1),(24,338,1,0,0,0,0,1),(25,332,1,0,0,1,0,1),(26,351,1,0,0,0,0,0),(27,348,1,0,0,0,0,0),(28,337,1,0,0,0,0,0),(29,36,2,0,0,0,0,1),(30,38,2,0,0,0,0,1),(31,49,2,0,0,0,0,1),(32,40,2,0,0,0,0,1),(33,56,2,0,0,0,0,1),(34,35,2,0,0,0,0,1),(35,47,2,0,0,0,0,1),(36,45,2,0,0,0,0,1),(37,34,2,0,0,0,0,1),(38,52,2,0,0,0,0,1),(39,50,2,0,0,1,0,1),(40,48,2,0,0,0,0,0),(41,41,2,0,0,1,0,0),(42,46,2,0,0,0,0,0),(43,373,2,0,0,0,0,1),(44,370,2,0,0,0,0,1),(45,375,2,0,0,0,0,1),(46,377,2,0,0,0,0,1),(47,369,2,0,0,0,0,1),(48,363,2,0,0,0,0,1),(49,365,2,0,0,0,0,1),(50,371,2,0,0,0,0,1),(51,382,2,1,0,2,0,1),(52,376,2,0,0,0,0,1),(53,364,2,0,0,1,0,1),(54,388,2,0,0,0,0,0),(55,374,2,0,0,0,0,0),(56,368,2,0,0,0,0,0),(57,68,3,0,0,0,0,1),(58,77,3,0,0,0,0,1),(59,82,3,0,0,0,0,1),(60,85,3,2,0,0,0,1),(61,83,3,0,0,0,0,1),(62,80,3,0,1,0,0,1),(63,73,3,0,0,0,0,1),(64,69,3,0,0,0,0,1),(65,81,3,0,0,0,0,1),(66,75,3,0,0,0,0,1),(67,84,3,0,0,0,0,1),(68,88,3,0,0,0,0,0),(69,72,3,2,0,0,0,0),(70,86,3,0,0,0,0,0),(71,395,3,0,0,0,0,1),(72,393,3,0,0,1,0,1),(73,409,3,1,0,0,0,1),(74,396,3,0,0,0,0,1),(75,402,3,2,0,0,0,1),(76,392,3,0,0,0,0,1),(77,403,3,0,0,0,0,1),(78,391,3,0,0,0,0,1),(79,400,3,0,1,0,0,1),(80,407,3,0,0,0,0,1),(81,398,3,0,0,0,0,1),(82,406,3,0,0,0,0,0),(83,408,3,0,0,0,0,0),(84,401,3,0,0,0,0,0),(85,120,4,0,0,0,0,1),(86,107,4,0,1,0,0,1),(87,111,4,0,0,0,0,1),(88,121,4,0,0,0,0,1),(89,117,4,0,0,0,0,1),(90,115,4,0,0,0,0,1),(91,109,4,0,0,0,0,1),(92,103,4,0,0,0,0,1),(93,122,4,0,0,1,0,1),(94,106,4,2,0,1,0,1),(95,102,4,0,0,2,0,1),(96,108,4,0,0,0,0,0),(97,130,4,0,0,0,0,0),(98,110,4,0,0,0,0,0),(99,435,4,1,0,0,0,1),(100,419,4,0,0,0,0,1),(101,430,4,0,0,0,0,1),(102,417,4,0,0,0,0,1),(103,415,4,0,0,0,0,1),(104,422,4,0,0,0,0,1),(105,436,4,0,0,0,0,1),(106,418,4,0,0,0,0,1),(107,427,4,0,0,0,0,1),(108,421,4,0,0,0,0,1),(109,423,4,0,0,0,0,1),(110,426,4,0,0,0,0,0),(111,425,4,0,0,0,0,0),(112,432,4,0,0,0,0,0),(113,146,5,0,2,0,0,1),(114,136,5,0,0,0,0,1),(115,144,5,3,0,0,0,1),(116,148,5,0,0,0,0,1),(117,138,5,0,0,0,0,1),(118,143,5,0,0,0,0,1),(119,137,5,0,0,0,0,1),(120,141,5,0,0,0,0,1),(121,150,5,0,0,0,0,1),(122,135,5,0,0,1,0,1),(123,145,5,0,0,0,0,0),(124,142,5,0,0,0,0,0),(125,153,5,0,0,0,0,0),(126,147,5,0,0,0,0,0),(127,445,5,0,0,0,0,1),(128,447,5,0,0,0,0,1),(129,449,5,0,0,0,0,1),(130,456,5,0,0,0,0,1),(131,452,5,0,0,0,0,1),(132,461,5,0,0,0,0,1),(133,453,5,0,0,0,0,1),(134,450,5,0,0,0,0,1),(135,446,5,0,0,0,0,1),(136,443,5,0,0,0,0,1),(137,466,5,0,0,0,0,1),(138,465,5,0,0,0,0,0),(139,448,5,0,0,0,0,0),(140,455,5,0,0,0,0,0),(141,173,6,0,0,0,0,1),(142,184,6,0,0,0,0,1),(143,169,6,2,0,0,0,1),(144,171,6,1,3,0,0,1),(145,174,6,0,0,0,0,1),(146,170,6,0,0,0,0,1),(147,180,6,0,0,0,0,1),(148,172,6,0,0,1,0,1),(149,168,6,0,0,2,0,1),(150,166,6,0,0,0,0,1),(151,178,6,1,0,0,0,1),(152,181,6,0,0,0,0,0),(153,190,6,1,0,0,0,0),(154,175,6,0,0,1,0,0),(155,487,6,3,0,1,0,1),(156,470,6,0,0,0,0,1),(157,485,6,0,0,1,0,1),(158,477,6,0,0,0,0,1),(159,471,6,0,0,0,0,1),(160,476,6,0,0,1,0,1),(161,478,6,0,0,0,0,1),(162,469,6,0,0,0,0,1),(163,467,6,0,0,0,0,1),(164,468,6,0,0,1,1,1),(165,475,6,0,1,0,1,1),(166,479,6,0,0,0,0,0),(167,493,6,0,0,0,0,0),(168,491,6,0,0,0,0,0),(169,221,7,0,0,0,0,1),(170,208,7,0,0,0,0,1),(171,203,7,0,0,0,0,1),(172,202,7,0,0,0,0,1),(173,222,7,0,0,0,0,1),(174,218,7,0,0,0,0,1),(175,209,7,0,0,0,0,1),(176,199,7,0,0,0,0,1),(177,206,7,0,0,0,0,1),(178,215,7,0,0,0,0,1),(179,201,7,1,0,1,0,1),(180,213,7,0,0,0,0,0),(181,211,7,0,0,0,0,0),(182,204,7,0,0,0,0,0),(183,503,7,0,0,0,0,1),(184,506,7,0,0,0,0,1),(185,501,7,0,0,0,0,1),(186,524,7,0,0,0,0,1),(187,505,7,0,0,0,0,1),(188,516,7,0,0,0,0,1),(189,500,7,0,0,0,0,1),(190,512,7,0,0,0,0,1),(191,504,7,0,0,0,0,1),(192,511,7,0,0,0,0,1),(193,502,7,0,0,0,0,1),(194,508,7,0,0,0,0,0),(195,509,7,0,0,0,0,0),(196,525,7,0,0,0,0,0),(197,238,8,0,0,0,0,1),(198,233,8,0,0,0,0,1),(199,250,8,1,0,0,0,1),(200,236,8,0,4,0,0,1),(201,246,8,0,0,0,0,1),(202,247,8,0,0,0,0,1),(203,231,8,0,0,0,0,1),(204,245,8,0,0,0,0,1),(205,241,8,3,0,0,0,1),(206,235,8,0,0,0,1,1),(207,237,8,0,0,0,0,1),(208,257,8,0,0,0,0,0),(209,253,8,0,0,0,0,0),(210,240,8,1,0,0,0,0),(211,544,8,0,0,0,0,1),(212,539,8,0,0,0,0,1),(213,535,8,0,0,0,0,1),(214,532,8,0,0,0,0,1),(215,540,8,0,0,0,0,1),(216,536,8,0,0,0,0,1),(217,548,8,0,0,0,0,1),(218,553,8,0,0,0,0,1),(219,534,8,0,0,0,0,1),(220,541,8,2,0,1,0,1),(221,533,8,0,0,1,0,1),(222,538,8,0,0,0,0,0),(223,542,8,0,0,0,0,0),(224,537,8,0,0,0,0,0),(225,269,9,0,0,0,0,1),(226,266,9,0,0,0,0,1),(227,278,9,0,0,0,0,1),(228,275,9,0,0,0,0,1),(229,272,9,0,0,0,0,1),(230,279,9,0,0,0,0,1),(231,277,9,2,0,0,0,1),(232,268,9,0,0,0,0,1),(233,296,9,0,0,0,0,1),(234,273,9,0,0,0,0,1),(235,267,9,0,0,1,0,1),(236,276,9,0,0,0,0,0),(237,274,9,0,0,0,0,0),(238,280,9,0,0,1,0,0),(239,591,9,1,0,0,0,1),(240,570,9,2,0,0,0,1),(241,575,9,0,0,0,0,1),(242,567,9,0,0,0,0,1),(243,573,9,0,0,0,0,1),(244,563,9,0,0,0,0,1),(245,569,9,0,0,0,0,1),(246,562,9,0,0,0,0,1),(247,577,9,0,0,0,0,1),(248,561,9,0,0,1,0,1),(249,564,9,0,0,1,0,1),(250,572,9,0,0,0,0,0),(251,579,9,0,0,1,0,0),(252,565,9,0,1,0,0,0),(253,315,10,0,0,1,0,1),(254,308,10,3,0,1,0,1),(255,302,10,1,0,0,0,1),(256,306,10,0,0,0,0,1),(257,310,10,0,0,0,0,1),(258,298,10,0,0,0,0,1),(259,297,10,0,0,0,0,1),(260,312,10,0,0,1,0,1),(261,303,10,0,0,0,0,1),(262,311,10,0,0,0,0,1),(263,299,10,0,0,0,0,1),(264,300,10,0,0,0,0,0),(265,309,10,1,0,0,0,0),(266,307,10,0,0,0,1,0),(267,598,10,0,0,0,0,1),(268,597,10,0,0,0,0,1),(269,595,10,0,0,0,0,1),(270,594,10,0,0,0,0,1),(271,593,10,0,0,0,0,1),(272,603,10,1,0,0,0,1),(273,599,10,0,0,0,0,1),(274,609,10,0,0,0,0,1),(275,608,10,0,0,1,0,1),(276,601,10,0,0,0,0,1),(277,596,10,0,0,1,0,1),(278,624,10,0,0,0,0,0),(279,604,10,0,0,0,0,0),(280,616,10,0,0,0,0,0),(281,8,11,0,0,1,0,1),(282,9,11,0,0,1,0,1),(283,11,11,0,0,0,0,1),(284,4,11,0,0,1,0,1),(285,16,11,0,0,0,0,1),(286,7,11,0,0,0,0,1),(287,22,11,0,1,0,0,1),(288,3,11,1,0,0,0,1),(289,18,11,0,0,0,0,1),(290,2,11,0,0,0,1,1),(291,15,11,0,0,0,0,1),(292,12,11,0,0,0,0,0),(293,17,11,0,0,0,0,0),(294,13,11,0,0,0,0,0),(295,393,11,0,0,0,0,1),(296,398,11,0,2,0,0,1),(297,397,11,0,0,0,0,1),(298,414,11,0,0,0,0,1),(299,394,11,0,0,0,0,1),(300,395,11,0,0,0,0,1),(301,392,11,0,0,0,0,1),(302,409,11,1,0,0,0,1),(303,407,11,0,0,0,0,1),(304,396,11,0,0,0,0,1),(305,400,11,0,0,0,0,1),(306,404,11,0,0,0,0,0),(307,401,11,1,0,0,0,0),(308,399,11,0,0,0,0,0),(309,364,12,0,0,1,0,1),(310,367,12,0,0,0,0,1),(311,371,12,0,0,0,0,1),(312,375,12,0,0,0,0,1),(313,373,12,0,0,0,0,1),(314,377,12,0,0,0,0,1),(315,378,12,0,0,0,0,1),(316,369,12,0,0,0,0,1),(317,363,12,0,0,0,0,1),(318,365,12,0,0,0,0,1),(319,370,12,0,0,0,0,1),(320,388,12,0,0,0,0,0),(321,387,12,0,0,0,0,0),(322,372,12,0,0,0,0,0),(323,430,12,0,0,0,0,1),(324,416,12,0,0,0,0,1),(325,419,12,0,0,0,0,1),(326,436,12,0,0,0,0,1),(327,429,12,0,0,0,0,1),(328,424,12,0,0,0,0,1),(329,415,12,0,0,0,0,1),(330,423,12,0,0,0,0,1),(331,428,12,0,0,0,0,1),(332,421,12,0,0,0,0,1),(333,418,12,0,0,0,0,1),(334,422,12,0,0,0,1,0),(335,431,12,0,0,0,0,0),(336,426,12,0,0,0,0,0),(337,332,13,0,0,0,0,1),(338,334,13,1,0,2,0,1),(339,344,13,0,0,0,0,1),(340,343,13,0,0,0,0,1),(341,340,13,0,0,0,0,1),(342,348,13,0,0,0,0,1),(343,331,13,0,0,0,0,1),(344,335,13,0,0,1,0,1),(345,347,13,0,0,0,0,1),(346,350,13,0,0,0,0,1),(347,349,13,1,0,0,1,1),(348,351,13,0,0,0,0,0),(349,342,13,0,0,1,0,0),(350,341,13,0,0,0,0,0),(351,450,13,0,0,0,0,1),(352,446,13,0,0,1,0,1),(353,445,13,0,0,0,0,1),(354,448,13,0,0,0,0,1),(355,453,13,0,0,0,0,1),(356,460,13,0,0,0,0,1),(357,457,13,0,0,0,0,1),(358,449,13,0,0,0,0,1),(359,455,13,0,0,1,0,1),(360,466,13,0,0,0,0,1),(361,447,13,0,0,0,0,1),(362,464,13,0,0,0,0,0),(363,458,13,0,0,0,0,0),(364,451,13,0,0,0,0,0),(365,35,14,0,0,0,0,1),(366,50,14,0,0,0,0,1),(367,45,14,0,0,0,0,1),(368,42,14,0,0,0,0,1),(369,38,14,0,0,0,0,1),(370,56,14,0,0,0,0,1),(371,47,14,0,0,0,0,1),(372,44,14,4,0,0,0,1),(373,43,14,0,0,0,0,1),(374,51,14,0,0,0,0,1),(375,40,14,0,2,0,0,1),(376,52,14,0,0,0,0,0),(377,48,14,0,0,0,0,0),(378,46,14,0,0,0,0,0),(379,476,14,0,0,0,0,1),(380,489,14,0,0,0,0,1),(381,495,14,0,0,0,0,1),(382,473,14,0,0,0,0,1),(383,474,14,0,0,0,0,1),(384,493,14,0,0,0,0,1),(385,477,14,0,0,0,0,1),(386,487,14,0,0,1,0,1),(387,471,14,0,0,1,0,1),(388,469,14,0,0,1,0,1),(389,479,14,1,0,1,0,1),(390,467,14,0,0,0,0,0),(391,485,14,0,0,0,0,0),(392,491,14,0,0,0,0,0),(393,76,15,2,0,0,0,1),(394,71,15,0,0,0,0,1),(395,70,15,0,0,0,0,1),(396,88,15,0,0,0,0,1),(397,81,15,0,0,0,0,1),(398,74,15,2,2,0,0,1),(399,68,15,0,0,0,0,1),(400,90,15,0,0,0,0,1),(401,85,15,0,1,0,0,1),(402,84,15,0,0,0,0,1),(403,72,15,0,0,0,0,1),(404,89,15,0,0,0,0,0),(405,73,15,0,0,0,0,0),(406,83,15,0,0,0,0,0),(407,505,15,0,1,0,0,1),(408,502,15,1,0,1,0,1),(409,503,15,0,0,0,0,1),(410,504,15,0,0,0,0,1),(411,525,15,0,0,0,0,1),(412,506,15,0,0,0,0,1),(413,509,15,0,0,0,0,1),(414,500,15,0,0,0,0,1),(415,523,15,0,0,0,0,1),(416,516,15,0,0,0,0,1),(417,510,15,1,0,1,0,1),(418,512,15,0,0,0,0,0),(419,508,15,0,0,0,0,0),(420,511,15,0,0,0,0,0),(421,121,16,0,0,0,0,1),(422,110,16,3,0,0,0,1),(423,122,16,0,0,0,0,1),(424,120,16,0,0,0,0,1),(425,115,16,0,0,0,0,1),(426,105,16,0,2,0,0,1),(427,113,16,0,0,0,0,1),(428,100,16,0,0,0,0,1),(429,103,16,0,0,0,0,1),(430,106,16,0,0,0,0,1),(431,101,16,0,0,1,0,1),(432,130,16,0,0,0,0,0),(433,107,16,0,0,1,0,0),(434,111,16,0,0,1,0,0),(435,533,16,0,0,0,0,1),(436,537,16,0,0,0,0,1),(437,532,16,0,0,0,0,1),(438,552,16,0,0,0,0,1),(439,535,16,0,0,0,0,1),(440,550,16,2,0,0,0,1),(441,540,16,0,0,0,0,1),(442,548,16,0,0,0,0,1),(443,544,16,0,1,0,0,1),(444,546,16,0,0,0,0,1),(445,536,16,0,0,0,0,1),(446,555,16,0,0,0,0,0),(447,538,16,0,0,0,0,0),(448,547,16,0,0,0,0,0),(449,136,17,0,0,1,0,1),(450,141,17,0,0,0,0,1),(451,148,17,0,0,0,0,1),(452,151,17,0,0,0,0,1),(453,143,17,0,0,0,0,1),(454,133,17,0,0,0,0,1),(455,138,17,0,0,0,0,1),(456,135,17,0,0,0,0,1),(457,137,17,0,0,0,0,1),(458,144,17,1,0,0,0,1),(459,146,17,0,0,1,0,1),(460,145,17,0,0,0,0,0),(461,142,17,0,0,0,0,0),(462,152,17,0,0,0,0,0),(463,567,17,0,0,0,0,1),(464,575,17,0,0,0,0,1),(465,569,17,0,0,0,0,1),(466,565,17,0,2,0,0,1),(467,570,17,0,0,0,0,1),(468,562,17,0,0,0,0,1),(469,560,17,0,0,0,0,1),(470,573,17,2,0,0,0,1),(471,571,17,0,0,0,0,1),(472,563,17,0,0,0,0,1),(473,564,17,0,0,1,0,1),(474,578,17,0,0,0,0,0),(475,568,17,0,0,0,0,0),(476,566,17,0,0,0,0,0),(477,167,18,0,0,0,0,1),(478,193,18,0,0,0,0,1),(479,178,18,0,0,0,0,1),(480,169,18,0,0,0,0,1),(481,173,18,0,0,0,0,1),(482,179,18,1,0,0,0,1),(483,181,18,0,0,0,0,1),(484,182,18,0,0,0,0,1),(485,183,18,0,0,0,0,1),(486,177,18,0,0,0,0,1),(487,171,18,2,0,0,0,1),(488,176,18,0,0,0,0,0),(489,175,18,0,0,0,0,0),(490,174,18,0,0,0,0,0),(491,594,18,0,0,0,0,1),(492,593,18,0,0,0,0,1),(493,601,18,0,0,0,0,1),(494,598,18,0,0,0,0,1),(495,610,18,0,0,0,0,1),(496,597,18,0,0,0,0,1),(497,599,18,0,0,0,0,1),(498,624,18,0,0,0,0,1),(499,595,18,0,0,0,0,1),(500,592,18,0,0,0,0,1),(501,608,18,0,0,0,0,1),(502,605,18,0,0,0,0,0),(503,600,18,0,0,0,0,0),(504,616,18,0,0,0,0,0),(505,221,19,0,0,0,0,1),(506,202,19,0,0,0,0,1),(507,201,19,0,0,0,0,1),(508,223,19,0,0,0,0,1),(509,218,19,0,0,0,0,1),(510,200,19,0,0,0,0,1),(511,203,19,0,0,0,0,1),(512,209,19,0,0,0,0,1),(513,208,19,0,0,0,1,1),(514,205,19,0,0,0,0,1),(515,207,19,0,0,0,0,0),(516,204,19,0,0,0,0,0),(517,210,19,0,0,0,0,0),(518,199,19,0,0,0,0,0),(519,312,19,0,0,0,0,1),(520,306,19,0,2,0,0,1),(521,300,19,0,0,0,0,1),(522,305,19,4,2,0,0,1),(523,308,19,0,0,0,0,1),(524,311,19,0,0,0,0,1),(525,310,19,0,0,0,0,1),(526,299,19,0,0,0,0,1),(527,309,19,2,0,0,0,1),(528,297,19,0,0,0,0,1),(529,316,19,0,0,0,0,1),(530,313,19,0,0,0,0,0),(531,318,19,0,0,0,0,0),(532,301,19,0,0,0,0,0),(533,246,20,0,0,0,0,1),(534,237,20,0,0,0,0,1),(535,252,20,0,0,0,0,1),(536,236,20,0,0,0,0,1),(537,233,20,0,0,0,0,1),(538,253,20,0,0,0,0,1),(539,245,20,0,0,0,0,1),(540,248,20,0,0,0,0,1),(541,238,20,0,0,0,0,1),(542,242,20,0,0,0,0,1),(543,239,20,0,0,0,0,1),(544,241,20,2,0,0,0,0),(545,257,20,0,0,0,0,0),(546,250,20,0,0,0,0,0),(547,279,20,0,0,0,0,1),(548,269,20,0,2,0,0,1),(549,270,20,0,0,0,0,1),(550,280,20,0,0,0,0,1),(551,266,20,0,0,0,0,1),(552,268,20,0,0,1,0,1),(553,267,20,0,0,0,0,1),(554,264,20,0,0,0,0,1),(555,272,20,0,0,1,0,1),(556,277,20,0,0,1,0,1),(557,274,20,3,0,1,0,1),(558,276,20,0,0,0,0,0),(559,273,20,0,0,0,0,0),(560,285,20,0,0,0,0,0),(561,33,21,1,2,1,0,1),(562,22,21,0,1,0,0,1),(563,6,21,0,0,0,0,1),(564,7,21,0,0,0,0,1),(565,15,21,0,1,0,0,1),(566,10,21,2,0,1,0,1),(567,3,21,0,0,0,0,1),(568,16,21,0,0,0,0,1),(569,18,21,0,0,0,0,1),(570,11,21,1,0,0,0,1),(571,4,21,0,0,0,1,1),(572,20,21,0,0,2,0,0),(573,1,21,0,0,0,0,0),(574,14,21,0,0,0,0,0),(575,419,21,0,0,0,0,1),(576,418,21,0,0,0,0,1),(577,424,21,0,2,0,0,1),(578,430,21,0,0,0,0,1),(579,428,21,3,0,0,0,1),(580,415,21,0,0,0,0,1),(581,421,21,0,0,0,0,1),(582,420,21,0,0,0,0,1),(583,423,21,0,0,0,0,1),(584,427,21,0,0,0,0,1),(585,431,21,0,0,0,0,1),(586,434,21,0,0,0,0,0),(587,426,21,0,0,0,0,0),(588,436,21,0,0,0,0,0),(589,414,22,0,0,0,0,1),(590,397,22,0,0,0,0,1),(591,392,22,0,0,0,0,1),(592,393,22,0,0,0,0,1),(593,409,22,0,0,0,0,1),(594,391,22,0,0,0,0,1),(595,396,22,0,0,0,0,1),(596,399,22,3,0,0,0,1),(597,390,22,0,0,0,0,1),(598,394,22,0,0,0,0,1),(599,400,22,0,0,0,1,1),(600,408,22,0,0,0,0,0),(601,395,22,0,0,0,0,0),(602,406,22,0,0,0,0,0),(603,452,22,0,0,0,0,1),(604,445,22,0,0,0,0,1),(605,447,22,0,0,0,0,1),(606,464,22,0,0,0,0,1),(607,457,22,0,0,0,0,1),(608,448,22,0,0,0,0,1),(609,460,22,0,0,0,0,1),(610,458,22,0,0,0,0,1),(611,455,22,0,0,1,0,1),(612,449,22,0,2,1,0,1),(613,466,22,0,0,1,0,1),(614,461,22,0,0,0,0,0),(615,453,22,2,0,1,0,0),(616,454,22,0,0,0,0,0),(617,388,23,0,0,0,0,1),(618,376,23,0,0,0,0,1),(619,368,23,0,0,0,0,1),(620,367,23,0,0,0,0,1),(621,364,23,0,0,0,0,1),(622,387,23,0,0,0,0,1),(623,370,23,0,0,0,0,1),(624,365,23,0,0,0,0,1),(625,363,23,0,0,0,0,1),(626,371,23,0,0,0,0,1),(627,377,23,0,0,0,0,1),(628,374,23,0,0,0,0,0),(629,383,23,0,0,0,0,0),(630,382,23,0,0,1,0,0),(631,489,23,0,0,1,0,1),(632,474,23,0,0,0,0,1),(633,486,23,0,0,0,0,1),(634,477,23,0,0,0,0,1),(635,495,23,0,0,0,0,1),(636,473,23,0,1,0,0,1),(637,479,23,0,0,0,0,1),(638,478,23,1,0,0,0,1),(639,475,23,0,0,1,0,1),(640,471,23,0,0,0,0,1),(641,469,23,0,0,1,0,1),(642,485,23,0,0,0,0,0),(643,491,23,0,0,0,0,0),(644,476,23,0,0,0,0,0),(645,348,24,0,0,0,0,1),(646,335,24,0,0,0,0,1),(647,333,24,0,0,0,0,1),(648,356,24,0,0,0,0,1),(649,332,24,0,0,0,0,1),(650,342,24,0,0,0,0,1),(651,340,24,0,0,0,0,1),(652,337,24,0,0,0,0,1),(653,331,24,0,0,1,0,1),(654,344,24,0,0,1,0,1),(655,338,24,0,0,1,0,1),(656,350,24,0,0,1,0,0),(657,339,24,0,0,0,0,0),(658,341,24,0,0,0,0,0),(659,504,24,2,0,0,0,1),(660,501,24,0,0,0,0,1),(661,516,24,0,0,0,0,1),(662,502,24,0,0,0,0,1),(663,508,24,0,0,0,0,1),(664,500,24,0,0,0,0,1),(665,506,24,0,0,0,0,1),(666,503,24,0,0,0,0,1),(667,525,24,0,2,0,0,1),(668,512,24,0,0,0,0,1),(669,511,24,0,0,0,0,1),(670,524,24,0,0,0,0,0),(671,509,24,0,0,0,0,0),(672,528,24,1,0,0,0,0),(673,42,25,1,0,0,0,1),(674,38,25,0,0,0,0,1),(675,36,25,0,0,0,0,1),(676,43,25,0,1,0,0,1),(677,45,25,0,0,0,0,1),(678,34,25,0,0,0,0,1),(679,40,25,0,0,0,0,1),(680,35,25,0,0,0,0,1),(681,44,25,0,0,0,0,1),(682,39,25,0,0,2,0,1),(683,37,25,0,0,0,0,1),(684,60,25,0,0,0,0,0),(685,41,25,0,0,0,0,0),(686,46,25,0,0,0,0,0),(687,533,25,0,0,0,0,1),(688,537,25,0,0,0,0,1),(689,539,25,0,0,0,0,1),(690,542,25,0,2,0,0,1),(691,532,25,0,0,0,0,1),(692,531,25,0,0,0,0,1),(693,541,25,0,0,0,0,1),(694,540,25,1,0,0,0,1),(695,547,25,0,0,0,1,1),(696,535,25,0,0,0,0,1),(697,544,25,0,0,0,0,1),(698,552,25,0,0,0,0,0),(699,555,25,2,0,0,0,0),(700,548,25,0,0,0,0,0),(701,82,26,0,0,0,0,1),(702,68,26,0,0,0,0,1),(703,86,26,0,0,0,0,1),(704,74,26,0,0,0,0,1),(705,85,26,0,0,0,0,1),(706,84,26,0,0,0,0,1),(707,75,26,0,0,0,0,1),(708,80,26,1,0,0,0,1),(709,69,26,0,0,0,0,1),(710,77,26,0,0,1,0,1),(711,70,26,0,0,1,0,1),(712,78,26,0,0,0,0,0),(713,87,26,0,0,0,0,0),(714,83,26,0,0,0,0,0),(715,568,26,0,0,0,0,1),(716,573,26,0,0,0,0,1),(717,562,26,0,0,0,0,1),(718,567,26,0,0,0,0,1),(719,569,26,0,0,0,0,1),(720,564,26,0,0,0,0,1),(721,577,26,0,0,0,0,1),(722,565,26,0,0,0,0,1),(723,575,26,0,0,0,0,1),(724,576,26,0,0,0,0,1),(725,561,26,0,0,0,1,1),(726,579,26,0,0,0,0,0),(727,591,26,0,0,0,0,0),(728,563,26,0,0,0,0,0),(729,114,27,0,0,0,0,1),(730,112,27,0,0,0,0,1),(731,110,27,0,0,0,0,1),(732,120,27,0,0,0,0,1),(733,103,27,0,0,0,0,1),(734,109,27,0,0,0,0,1),(735,115,27,0,0,0,0,1),(736,105,27,0,0,0,0,1),(737,100,27,0,0,0,0,1),(738,107,27,0,1,0,0,1),(739,102,27,0,0,0,0,1),(740,108,27,0,0,0,0,0),(741,122,27,1,0,1,0,0),(742,121,27,0,0,1,0,0),(743,597,27,0,0,0,0,1),(744,599,27,0,0,0,0,1),(745,608,27,0,0,0,0,1),(746,598,27,0,0,0,0,1),(747,624,27,0,1,0,0,1),(748,596,27,0,0,0,0,1),(749,609,27,0,0,0,0,1),(750,604,27,0,0,0,0,1),(751,610,27,0,0,0,0,1),(752,600,27,2,0,0,0,1),(753,595,27,0,0,2,0,1),(754,607,27,0,0,0,0,0),(755,603,27,0,0,0,0,0),(756,616,27,0,0,0,0,0),(757,137,28,0,0,0,0,1),(758,152,28,0,0,0,0,1),(759,143,28,0,0,0,0,1),(760,133,28,0,0,0,0,1),(761,136,28,0,0,0,0,1),(762,146,28,0,0,0,0,1),(763,151,28,0,0,2,0,1),(764,135,28,0,0,0,0,1),(765,141,28,1,0,1,0,1),(766,144,28,0,0,1,0,1),(767,148,28,0,0,0,0,0),(768,134,28,0,0,0,0,0),(769,145,28,0,0,0,0,0),(770,138,28,0,0,0,0,0),(771,307,28,2,1,0,0,1),(772,315,28,0,0,0,0,1),(773,310,28,0,0,0,0,1),(774,302,28,0,0,0,0,1),(775,298,28,0,0,0,0,1),(776,309,28,0,0,0,0,1),(777,297,28,0,0,0,0,1),(778,299,28,0,0,0,0,1),(779,312,28,0,0,0,0,1),(780,305,28,2,1,0,0,1),(781,311,28,0,0,2,0,1),(782,324,28,0,0,0,0,0),(783,316,28,0,0,0,0,0),(784,318,28,0,0,0,0,0),(785,182,29,0,0,0,0,1),(786,177,29,2,0,0,0,1),(787,174,29,0,0,0,0,1),(788,181,29,0,0,0,0,1),(789,180,29,0,0,0,0,1),(790,171,29,0,0,0,0,1),(791,172,29,0,0,0,0,1),(792,184,29,0,0,0,0,1),(793,166,29,0,0,0,0,1),(794,169,29,0,0,0,0,1),(795,170,29,0,0,2,0,1),(796,192,29,0,0,0,0,0),(797,173,29,0,0,0,0,0),(798,186,29,0,0,1,0,0),(799,266,29,0,0,0,0,1),(800,278,29,1,0,0,0,1),(801,271,29,0,0,0,0,1),(802,265,29,0,0,0,0,1),(803,281,29,0,0,0,0,1),(804,273,29,0,0,0,0,1),(805,268,29,0,0,0,0,1),(806,276,29,0,0,0,0,1),(807,274,29,0,0,0,0,1),(808,267,29,0,0,0,1,1),(809,277,29,0,0,0,0,1),(810,272,29,0,0,0,0,0),(811,275,29,0,0,0,0,0),(812,285,29,0,0,0,0,0),(813,208,30,0,0,0,0,1),(814,222,30,0,0,0,0,1),(815,199,30,0,0,0,0,1),(816,215,30,0,0,0,0,1),(817,206,30,0,0,0,0,1),(818,221,30,0,0,0,0,1),(819,202,30,1,0,1,0,1),(820,203,30,0,0,0,0,1),(821,218,30,0,0,1,0,1),(822,204,30,0,0,1,0,1),(823,200,30,0,0,0,0,0),(824,209,30,0,0,0,0,0),(825,201,30,0,0,0,0,0),(826,198,30,0,0,0,0,0),(827,237,30,0,0,0,0,1),(828,239,30,1,0,0,0,1),(829,235,30,0,0,1,0,1),(830,241,30,0,0,0,0,1),(831,253,30,0,0,0,0,1),(832,247,30,0,0,0,0,1),(833,233,30,0,0,0,0,1),(834,257,30,0,0,0,0,1),(835,238,30,0,0,0,0,1),(836,231,30,0,0,0,0,1),(837,246,30,0,0,0,0,1),(838,252,30,0,0,0,0,0),(839,240,30,0,0,0,0,0),(840,249,30,0,0,0,0,0),(841,33,31,0,0,0,0,1),(842,3,31,0,0,0,0,1),(843,18,31,0,0,0,0,1),(844,8,31,0,0,0,0,1),(845,11,31,0,0,0,0,1),(846,6,31,0,0,0,0,1),(847,14,31,0,0,0,0,1),(848,2,31,0,0,0,0,1),(849,10,31,2,0,1,0,1),(850,22,31,0,0,0,0,1),(851,16,31,0,1,1,0,1),(852,27,31,0,0,0,0,0),(853,12,31,0,0,0,0,0),(854,17,31,0,0,2,0,0),(855,447,31,0,0,0,0,1),(856,448,31,0,0,0,0,1),(857,445,31,0,0,0,0,1),(858,455,31,0,0,0,0,1),(859,446,31,0,0,0,0,1),(860,457,31,0,0,0,0,1),(861,458,31,0,0,0,0,1),(862,453,31,0,0,0,0,1),(863,449,31,0,1,0,0,1),(864,460,31,0,0,0,0,1),(865,466,31,0,0,1,0,1),(866,462,31,0,0,0,0,0),(867,452,31,0,0,0,0,0),(868,454,31,1,0,0,0,0),(869,442,32,0,0,0,0,1),(870,429,32,0,0,0,0,1),(871,418,32,0,0,0,0,1),(872,424,32,0,0,0,0,1),(873,422,32,0,0,0,0,1),(874,421,32,0,0,0,0,1),(875,432,32,0,0,0,0,1),(876,423,32,0,0,0,1,1),(877,430,32,0,0,0,0,1),(878,419,32,0,0,0,1,1),(879,436,32,0,0,0,0,1),(880,428,32,0,0,0,0,0),(881,427,32,0,0,0,0,0),(882,416,32,0,0,0,0,0),(883,493,32,0,0,0,0,1),(884,487,32,0,0,0,0,1),(885,473,32,0,0,0,0,1),(886,476,32,0,0,0,0,1),(887,492,32,0,0,0,0,1),(888,486,32,0,0,0,0,1),(889,477,32,0,0,0,0,1),(890,467,32,0,0,0,0,1),(891,471,32,0,0,0,0,1),(892,474,32,0,1,1,0,1),(893,468,32,0,0,1,0,1),(894,491,32,2,0,0,0,0),(895,479,32,0,0,0,0,0),(896,482,32,0,0,0,0,0),(897,393,33,0,0,0,0,1),(898,399,33,0,0,0,0,1),(899,391,33,0,0,0,0,1),(900,394,33,0,0,0,0,1),(901,396,33,0,0,0,0,1),(902,390,33,0,0,0,0,1),(903,397,33,0,1,0,0,1),(904,403,33,0,0,0,0,1),(905,392,33,0,0,0,0,1),(906,409,33,2,0,0,0,1),(907,395,33,0,0,2,0,1),(908,404,33,0,0,0,0,0),(909,414,33,0,0,0,0,0),(910,401,33,0,0,1,0,0),(911,511,33,1,0,0,0,1),(912,512,33,0,0,0,0,1),(913,502,33,0,0,0,0,1),(914,503,33,0,0,0,0,1),(915,521,33,0,0,0,0,1),(916,524,33,0,0,0,0,1),(917,505,33,0,0,0,0,1),(918,508,33,0,0,0,0,1),(919,516,33,0,0,0,1,1),(920,510,33,0,0,0,0,1),(921,504,33,0,0,0,1,1),(922,523,33,0,0,0,0,0),(923,522,33,0,0,0,0,0),(924,506,33,0,0,1,0,0),(925,377,34,0,0,0,0,1),(926,368,34,0,0,0,0,1),(927,382,34,0,0,0,0,1),(928,369,34,0,0,0,0,1),(929,374,34,0,0,0,0,1),(930,388,34,0,0,0,0,1),(931,373,34,0,0,0,0,1),(932,367,34,0,0,0,0,1),(933,363,34,0,0,0,0,1),(934,364,34,0,0,0,0,1),(935,375,34,0,0,0,0,1),(936,370,34,1,0,0,0,0),(937,372,34,0,0,0,0,0),(938,387,34,0,0,0,0,0),(939,540,34,2,0,0,0,1),(940,539,34,0,0,0,0,1),(941,536,34,0,0,0,0,1),(942,544,34,0,0,0,0,1),(943,534,34,0,0,0,0,1),(944,537,34,0,0,0,0,1),(945,531,34,0,0,0,0,1),(946,533,34,0,0,0,0,1),(947,550,34,0,0,1,0,1),(948,535,34,0,0,1,0,1),(949,532,34,0,0,2,0,1),(950,542,34,0,0,0,0,0),(951,555,34,0,0,0,0,0),(952,541,34,0,0,0,0,0),(953,338,35,3,0,0,0,1),(954,333,35,0,0,0,0,1),(955,349,35,0,0,0,0,1),(956,343,35,0,0,0,0,1),(957,331,35,0,0,0,0,1),(958,336,35,0,1,0,0,1),(959,332,35,0,0,0,0,1),(960,339,35,0,0,0,0,1),(961,348,35,0,0,0,0,1),(962,330,35,0,0,0,0,1),(963,344,35,0,0,0,1,1),(964,337,35,0,0,0,0,0),(965,350,35,0,0,0,0,0),(966,340,35,0,0,0,0,0),(967,562,35,0,0,0,0,1),(968,591,35,0,1,0,0,1),(969,568,35,0,0,0,0,1),(970,564,35,0,0,0,0,1),(971,560,35,0,0,0,0,1),(972,570,35,0,0,0,0,1),(973,574,35,0,0,0,0,1),(974,573,35,0,0,0,0,1),(975,566,35,0,0,0,0,1),(976,578,35,0,0,0,0,1),(977,575,35,0,0,0,1,1),(978,579,35,0,0,0,0,0),(979,569,35,1,0,0,0,0),(980,565,35,0,0,0,0,0),(981,50,36,0,0,1,0,1),(982,52,36,0,0,0,0,1),(983,42,36,0,2,0,0,1),(984,41,36,0,0,1,0,1),(985,44,36,0,0,0,0,1),(986,45,36,0,0,0,0,1),(987,49,36,0,0,0,0,1),(988,38,36,0,0,0,0,1),(989,51,36,0,0,0,0,1),(990,56,36,0,0,1,1,1),(991,35,36,0,0,0,1,1),(992,37,36,0,0,0,0,0),(993,47,36,0,0,0,0,0),(994,60,36,4,0,1,0,0),(995,597,36,0,0,0,0,1),(996,620,36,0,0,1,0,1),(997,608,36,0,0,0,0,1),(998,624,36,0,0,0,0,1),(999,593,36,0,0,0,0,1),(1000,594,36,0,0,0,0,1),(1001,616,36,3,0,0,0,1),(1002,592,36,0,0,0,0,1),(1003,599,36,0,2,0,0,1),(1004,610,36,0,0,0,0,1),(1005,615,36,0,0,0,0,1),(1006,601,36,0,0,0,0,0),(1007,604,36,0,0,0,0,0),(1008,603,36,0,0,0,0,0),(1009,71,37,0,0,0,0,1),(1010,69,37,0,0,0,0,1),(1011,72,37,1,1,0,0,1),(1012,86,37,0,0,0,0,1),(1013,75,37,0,0,0,0,1),(1014,74,37,0,0,0,0,1),(1015,68,37,0,0,0,0,1),(1016,70,37,0,0,0,0,1),(1017,67,37,0,0,0,0,1),(1018,85,37,0,0,1,0,1),(1019,87,37,1,0,0,0,1),(1020,78,37,0,0,0,0,0),(1021,77,37,0,0,0,0,0),(1022,82,37,0,0,2,0,0),(1023,302,37,0,0,0,0,1),(1024,312,37,0,0,0,0,1),(1025,307,37,0,0,0,0,1),(1026,310,37,0,0,0,0,1),(1027,306,37,0,0,0,0,1),(1028,313,37,0,0,1,0,1),(1029,297,37,0,0,0,0,1),(1030,298,37,0,1,0,0,1),(1031,300,37,0,0,0,0,1),(1032,299,37,0,0,0,0,1),(1033,303,37,0,0,0,0,1),(1034,308,37,0,0,0,0,0),(1035,316,37,0,0,0,0,0),(1036,318,37,3,0,1,0,0),(1037,104,38,0,0,0,0,1),(1038,103,38,0,0,0,0,1),(1039,109,38,1,0,0,0,1),(1040,105,38,0,2,0,0,1),(1041,107,38,1,0,0,0,1),(1042,115,38,0,0,0,0,1),(1043,114,38,0,0,1,0,1),(1044,100,38,0,0,0,0,1),(1045,102,38,0,0,1,0,1),(1046,120,38,0,0,1,0,1),(1047,122,38,0,0,1,0,1),(1048,113,38,0,0,0,0,0),(1049,112,38,0,0,0,0,0),(1050,106,38,0,0,0,0,0),(1051,272,38,0,0,0,0,1),(1052,276,38,0,0,0,0,1),(1053,274,38,0,0,0,0,1),(1054,266,38,0,0,0,0,1),(1055,284,38,0,0,0,0,1),(1056,265,38,0,0,0,0,1),(1057,264,38,0,0,0,0,1),(1058,279,38,0,0,0,0,1),(1059,268,38,1,2,1,0,1),(1060,271,38,3,1,1,0,1),(1061,278,38,0,0,1,0,1),(1062,273,38,0,0,0,0,0),(1063,285,38,0,0,1,0,0),(1064,275,38,0,0,0,0,0),(1065,136,39,0,0,2,0,1),(1066,138,39,0,1,1,0,1),(1067,135,39,0,0,0,0,1),(1068,143,39,1,0,1,0,1),(1069,146,39,0,0,0,0,1),(1070,133,39,0,0,0,0,1),(1071,142,39,0,0,0,0,1),(1072,152,39,0,0,0,0,1),(1073,148,39,0,0,0,0,1),(1074,144,39,0,0,0,0,1),(1075,137,39,0,0,0,0,1),(1076,141,39,0,0,0,0,0),(1077,149,39,0,0,0,0,0),(1078,147,39,0,0,0,1,0),(1079,235,39,0,0,0,0,1),(1080,240,39,0,0,0,0,1),(1081,247,39,0,0,0,0,1),(1082,245,39,0,0,0,0,1),(1083,236,39,0,0,0,0,1),(1084,241,39,5,0,0,0,1),(1085,252,39,0,0,0,0,1),(1086,231,39,0,0,0,0,1),(1087,239,39,0,0,1,0,1),(1088,246,39,0,0,1,0,1),(1089,238,39,0,0,1,0,1),(1090,253,39,0,0,0,0,0),(1091,250,39,0,0,0,0,0),(1092,244,39,0,0,0,0,0),(1093,180,40,1,0,0,0,1),(1094,167,40,0,0,0,0,1),(1095,179,40,0,0,0,0,1),(1096,173,40,0,0,0,0,1),(1097,171,40,2,1,0,0,1),(1098,169,40,0,0,0,0,1),(1099,177,40,0,2,0,0,1),(1100,175,40,1,0,0,0,1),(1101,166,40,0,0,0,0,1),(1102,181,40,0,0,0,0,1),(1103,182,40,0,0,1,0,1),(1104,172,40,0,0,0,0,0),(1105,174,40,0,0,0,0,0),(1106,176,40,0,0,0,0,0),(1107,208,40,0,0,0,0,1),(1108,205,40,0,0,0,0,1),(1109,221,40,0,0,1,0,1),(1110,200,40,0,0,0,0,1),(1111,215,40,0,0,0,0,1),(1112,218,40,0,0,0,0,1),(1113,222,40,0,0,0,0,1),(1114,206,40,2,1,0,1,1),(1115,209,40,0,0,0,0,1),(1116,201,40,1,1,0,0,1),(1117,204,40,0,0,1,0,0),(1118,210,40,0,0,0,0,0),(1119,207,40,0,0,0,1,0),(1120,213,40,0,0,1,0,0),(1121,12,41,2,0,0,0,1),(1122,20,41,0,0,1,0,1),(1123,16,41,0,0,0,0,1),(1124,18,41,0,0,0,0,1),(1125,4,41,0,0,0,0,1),(1126,15,41,0,0,0,0,1),(1127,3,41,0,0,0,0,1),(1128,14,41,0,0,0,0,1),(1129,13,41,0,0,0,0,1),(1130,7,41,0,0,0,0,1),(1131,8,41,0,2,0,0,1),(1132,21,41,0,0,0,0,0),(1133,1,41,0,0,0,0,0),(1134,11,41,0,0,0,0,0),(1135,469,41,0,0,1,0,1),(1136,472,41,0,0,0,0,1),(1137,489,41,0,0,0,0,1),(1138,468,41,0,0,0,0,1),(1139,473,41,0,0,0,0,1),(1140,470,41,0,0,0,0,1),(1141,491,41,0,0,0,0,1),(1142,477,41,3,0,0,0,1),(1143,467,41,0,0,0,0,1),(1144,474,41,0,0,0,0,1),(1145,479,41,0,0,0,0,1),(1146,493,41,0,0,0,0,0),(1147,483,41,0,0,0,0,0),(1148,471,41,0,0,0,0,0),(1149,455,42,0,0,0,0,1),(1150,458,42,0,0,0,0,1),(1151,457,42,0,0,0,0,1),(1152,466,42,0,0,0,0,1),(1153,449,42,0,0,0,0,1),(1154,460,42,0,0,0,0,1),(1155,448,42,0,1,0,0,1),(1156,447,42,0,0,0,0,1),(1157,464,42,0,0,1,0,1),(1158,452,42,1,0,0,0,1),(1159,446,42,0,0,1,0,1),(1160,450,42,0,0,0,0,0),(1161,462,42,0,0,0,0,0),(1162,451,42,3,0,0,0,0),(1163,522,42,0,0,1,0,1),(1164,503,42,0,0,0,0,1),(1165,501,42,0,0,0,0,1),(1166,506,42,0,0,1,0,1),(1167,510,42,0,0,0,0,1),(1168,509,42,1,0,0,0,1),(1169,523,42,0,0,1,0,1),(1170,511,42,0,0,0,0,1),(1171,527,42,0,0,0,0,1),(1172,500,42,0,0,0,0,1),(1173,505,42,0,3,0,1,1),(1174,528,42,3,0,1,0,0),(1175,524,42,0,0,0,0,0),(1176,525,42,1,0,0,0,0),(1177,429,43,0,0,0,0,1),(1178,436,43,0,0,0,0,1),(1179,417,43,0,0,0,0,1),(1180,428,43,0,1,0,0,1),(1181,430,43,0,0,0,0,1),(1182,422,43,1,0,0,0,1),(1183,432,43,0,0,0,0,1),(1184,416,43,0,0,1,0,1),(1185,421,43,0,0,0,0,1),(1186,424,43,0,0,0,0,1),(1187,442,43,0,0,1,0,1),(1188,435,43,0,0,0,0,0),(1189,426,43,2,0,0,0,0),(1190,420,43,0,0,1,0,0),(1191,533,43,0,0,0,0,1),(1192,536,43,0,0,0,0,1),(1193,540,43,0,0,0,0,1),(1194,541,43,0,0,0,0,1),(1195,535,43,0,0,0,0,1),(1196,542,43,0,0,0,0,1),(1197,538,43,0,0,0,0,1),(1198,531,43,0,0,0,0,1),(1199,539,43,0,0,0,0,1),(1200,546,43,0,0,1,1,1),(1201,534,43,0,0,0,0,1),(1202,550,43,2,0,0,0,0),(1203,544,43,0,0,0,0,0),(1204,555,43,0,0,0,0,0),(1205,403,44,0,1,0,0,1),(1206,401,44,0,0,1,0,1),(1207,408,44,0,0,0,0,1),(1208,392,44,0,0,1,0,1),(1209,391,44,0,0,0,0,1),(1210,399,44,0,0,0,0,1),(1211,407,44,0,0,0,0,1),(1212,397,44,0,0,0,0,1),(1213,394,44,0,0,0,0,1),(1214,393,44,1,0,0,0,1),(1215,414,44,0,0,0,1,1),(1216,398,44,0,0,0,0,0),(1217,409,44,0,0,0,0,0),(1218,402,44,0,0,0,0,0),(1219,567,44,2,0,1,0,1),(1220,564,44,2,0,1,0,1),(1221,576,44,0,0,1,0,1),(1222,583,44,0,0,0,0,1),(1223,569,44,0,0,0,0,1),(1224,591,44,0,1,0,0,1),(1225,570,44,0,0,0,0,1),(1226,574,44,0,0,0,0,1),(1227,560,44,0,0,0,0,1),(1228,561,44,0,0,0,0,1),(1229,566,44,0,0,0,0,1),(1230,572,44,0,0,0,0,0),(1231,579,44,0,0,0,1,0),(1232,571,44,0,0,0,0,0),(1233,370,45,0,0,0,0,1),(1234,374,45,0,0,0,0,1),(1235,367,45,0,0,0,0,1),(1236,376,45,0,1,0,0,1),(1237,368,45,0,0,0,0,1),(1238,371,45,0,0,0,0,1),(1239,363,45,0,0,0,0,1),(1240,382,45,0,0,0,0,1),(1241,369,45,2,0,1,0,1),(1242,364,45,0,1,1,0,1),(1243,365,45,0,0,1,0,1),(1244,373,45,0,0,0,0,0),(1245,372,45,0,0,0,0,0),(1246,383,45,0,0,0,0,0),(1247,593,45,1,0,0,0,1),(1248,604,45,0,0,0,0,1),(1249,595,45,0,0,0,0,1),(1250,624,45,0,0,0,0,1),(1251,601,45,0,0,0,0,1),(1252,599,45,0,0,0,0,1),(1253,596,45,0,0,0,0,1),(1254,600,45,0,0,0,0,1),(1255,592,45,0,0,0,0,1),(1256,594,45,0,0,2,0,1),(1257,598,45,0,0,1,0,1),(1258,603,45,0,0,0,0,0),(1259,616,45,0,0,1,0,0),(1260,602,45,2,1,0,0,0),(1261,348,46,0,0,0,0,1),(1262,333,46,0,0,0,0,1),(1263,336,46,2,0,0,0,1),(1264,330,46,0,0,0,0,1),(1265,332,46,0,0,0,0,1),(1266,338,46,0,0,0,0,1),(1267,349,46,0,0,0,0,1),(1268,340,46,0,0,0,0,1),(1269,342,46,0,0,1,0,1),(1270,346,46,0,0,1,0,1),(1271,334,46,0,1,1,0,1),(1272,339,46,0,0,0,0,0),(1273,335,46,1,0,0,0,0),(1274,337,46,0,1,0,0,0),(1275,315,46,0,0,1,0,1),(1276,309,46,2,0,1,0,1),(1277,300,46,0,0,0,0,1),(1278,299,46,0,0,0,0,1),(1279,311,46,0,1,0,0,1),(1280,302,46,0,0,0,0,1),(1281,305,46,0,0,0,0,1),(1282,308,46,0,0,0,0,1),(1283,297,46,0,0,0,0,1),(1284,298,46,0,0,0,0,1),(1285,310,46,3,0,0,1,1),(1286,324,46,0,0,0,0,0),(1287,316,46,0,0,0,0,0),(1288,307,46,0,0,0,0,0),(1289,41,47,0,0,0,0,1),(1290,38,47,0,0,1,0,1),(1291,51,47,0,0,0,0,1),(1292,43,47,0,0,0,0,1),(1293,44,47,0,0,0,0,1),(1294,50,47,0,0,0,0,1),(1295,49,47,0,0,0,0,1),(1296,42,47,0,0,0,0,1),(1297,45,47,0,0,0,0,1),(1298,37,47,0,0,0,0,1),(1299,36,47,0,0,0,1,1),(1300,60,47,0,0,0,0,0),(1301,48,47,1,0,0,0,0),(1302,34,47,0,0,0,0,0),(1303,273,47,0,0,0,0,1),(1304,280,47,0,0,0,0,1),(1305,277,47,0,0,0,0,1),(1306,279,47,0,0,0,0,1),(1307,276,47,0,0,0,0,1),(1308,266,47,0,0,0,0,1),(1309,272,47,0,0,0,0,1),(1310,271,47,0,0,0,0,1),(1311,264,47,0,0,0,0,1),(1312,267,47,0,0,2,0,1),(1313,269,47,0,0,0,0,1),(1314,284,47,0,0,0,0,0),(1315,270,47,0,0,0,0,0),(1316,265,47,0,0,0,0,0),(1317,71,48,0,0,0,0,1),(1318,78,48,0,0,0,0,1),(1319,74,48,0,0,0,0,1),(1320,70,48,0,0,0,0,1),(1321,87,48,0,0,0,0,1),(1322,73,48,0,0,0,0,1),(1323,68,48,0,0,0,0,1),(1324,80,48,0,0,0,0,1),(1325,77,48,0,0,0,0,1),(1326,67,48,0,0,0,0,1),(1327,69,48,0,0,1,0,1),(1328,85,48,0,0,0,0,0),(1329,86,48,0,0,0,0,0),(1330,88,48,0,0,1,0,0),(1331,238,48,0,0,0,0,1),(1332,246,48,0,0,0,0,1),(1333,239,48,0,0,0,0,1),(1334,237,48,0,0,0,0,1),(1335,233,48,0,0,0,0,1),(1336,253,48,0,0,0,0,1),(1337,231,48,0,0,0,0,1),(1338,242,48,0,0,1,0,1),(1339,252,48,0,0,1,0,1),(1340,236,48,0,0,1,0,1),(1341,235,48,0,0,1,0,1),(1342,245,48,0,0,0,0,0),(1343,241,48,0,0,0,0,0),(1344,250,48,0,0,0,0,0),(1345,115,49,0,0,0,0,1),(1346,106,49,0,0,0,0,1),(1347,121,49,0,0,0,0,1),(1348,113,49,1,0,0,0,1),(1349,123,49,0,0,0,0,1),(1350,111,49,0,0,0,0,1),(1351,110,49,2,2,0,0,1),(1352,122,49,0,0,0,0,1),(1353,114,49,0,0,0,0,1),(1354,104,49,0,0,2,0,1),(1355,120,49,0,0,1,0,1),(1356,105,49,0,0,0,0,0),(1357,109,49,2,0,0,0,0),(1358,118,49,0,1,0,0,0),(1359,213,49,0,0,0,0,1),(1360,218,49,0,0,0,0,1),(1361,204,49,0,0,0,0,1),(1362,203,49,0,0,0,0,1),(1363,221,49,0,0,0,0,1),(1364,215,49,0,0,0,0,1),(1365,205,49,2,0,0,0,1),(1366,222,49,0,0,1,0,1),(1367,208,49,0,0,1,0,1),(1368,210,49,0,0,1,0,1),(1369,202,49,0,0,1,0,1),(1370,200,49,0,0,0,0,0),(1371,201,49,0,0,0,0,0),(1372,209,49,0,0,0,0,0),(1373,142,50,0,0,0,0,1),(1374,151,50,0,0,1,0,1),(1375,152,50,0,2,0,0,1),(1376,143,50,0,0,1,0,1),(1377,135,50,0,0,0,0,1),(1378,146,50,0,0,0,0,1),(1379,144,50,0,0,0,0,1),(1380,134,50,0,0,0,0,1),(1381,133,50,0,0,0,0,1),(1382,138,50,2,0,0,1,1),(1383,149,50,0,0,0,1,1),(1384,145,50,0,0,0,0,0),(1385,137,50,0,0,0,0,0),(1386,141,50,0,0,0,0,0),(1387,175,50,1,1,0,0,1),(1388,170,50,1,2,0,0,1),(1389,179,50,0,0,0,0,1),(1390,168,50,0,0,0,0,1),(1391,166,50,0,0,0,0,1),(1392,190,50,0,0,0,0,1),(1393,173,50,0,0,0,0,1),(1394,184,50,0,0,0,0,1),(1395,174,50,0,0,0,0,1),(1396,180,50,0,1,0,0,1),(1397,167,50,0,0,1,0,1),(1398,176,50,0,0,0,0,0),(1399,181,50,0,0,0,0,0),(1400,192,50,2,0,0,0,0),(1401,10,51,0,0,0,0,1),(1402,15,51,0,0,0,0,1),(1403,16,51,0,0,0,0,1),(1404,2,51,0,0,0,0,1),(1405,11,51,1,0,0,0,1),(1406,4,51,0,0,1,0,1),(1407,14,51,0,0,0,0,1),(1408,7,51,0,1,0,0,1),(1409,1,51,0,0,0,0,1),(1410,8,51,0,0,0,0,1),(1411,3,51,0,0,1,0,1),(1412,6,51,0,0,0,0,0),(1413,12,51,0,0,1,0,0),(1414,13,51,0,0,0,0,0),(1415,523,51,0,0,0,0,1),(1416,511,51,0,0,0,0,1),(1417,512,51,0,0,0,0,1),(1418,504,51,0,0,0,0,1),(1419,525,51,0,0,0,0,1),(1420,500,51,0,0,0,0,1),(1421,516,51,0,0,0,0,1),(1422,509,51,0,0,0,0,1),(1423,501,51,0,0,0,0,1),(1424,506,51,0,0,0,0,1),(1425,508,51,0,0,0,0,1),(1426,524,51,0,0,0,0,0),(1427,510,51,0,0,0,0,0),(1428,503,51,0,0,0,0,0),(1429,484,52,0,0,0,0,1),(1430,472,52,0,0,0,0,1),(1431,497,52,0,1,0,0,1),(1432,478,52,0,0,0,0,1),(1433,470,52,0,0,0,0,1),(1434,491,52,1,0,0,0,1),(1435,483,52,0,0,0,0,1),(1436,474,52,0,0,0,0,1),(1437,480,52,0,0,1,0,1),(1438,469,52,0,0,1,0,1),(1439,471,52,0,0,1,0,1),(1440,468,52,0,0,0,0,0),(1441,467,52,0,0,0,0,0),(1442,489,52,0,0,0,0,0),(1443,536,52,0,0,0,0,1),(1444,533,52,0,0,0,0,1),(1445,542,52,1,0,0,0,1),(1446,544,52,0,0,0,0,1),(1447,541,52,0,0,0,0,1),(1448,548,52,0,0,0,0,1),(1449,537,52,0,0,0,0,1),(1450,552,52,0,0,0,0,1),(1451,547,52,0,0,0,0,1),(1452,534,52,0,1,1,0,1),(1453,532,52,0,0,1,0,1),(1454,555,52,0,0,0,0,0),(1455,538,52,0,0,0,0,0),(1456,550,52,0,0,0,0,0),(1457,456,53,0,0,0,0,1),(1458,453,53,0,0,0,0,1),(1459,457,53,0,1,0,0,1),(1460,455,53,0,0,0,0,1),(1461,446,53,0,0,0,0,1),(1462,451,53,0,0,0,0,1),(1463,461,53,0,0,0,0,1),(1464,466,53,0,0,0,0,1),(1465,460,53,0,0,0,0,1),(1466,450,53,0,0,1,0,1),(1467,445,53,0,0,1,0,1),(1468,454,53,2,0,0,0,0),(1469,458,53,0,0,0,0,0),(1470,447,53,0,0,1,0,0),(1471,562,53,0,0,0,0,1),(1472,561,53,0,0,1,0,1),(1473,573,53,0,0,0,0,1),(1474,571,53,2,0,0,0,1),(1475,567,53,0,2,0,0,1),(1476,566,53,0,0,0,0,1),(1477,591,53,0,0,0,0,1),(1478,563,53,0,0,0,0,1),(1479,568,53,0,0,0,0,1),(1480,577,53,0,0,0,0,1),(1481,574,53,0,0,0,1,1),(1482,569,53,1,0,0,0,0),(1483,572,53,0,0,0,0,0),(1484,565,53,0,0,1,0,0),(1485,420,54,0,2,0,0,1),(1486,423,54,0,0,0,0,1),(1487,418,54,0,0,0,0,1),(1488,427,54,2,0,0,0,1),(1489,421,54,0,0,0,0,1),(1490,430,54,0,0,0,0,1),(1491,442,54,0,0,0,0,1),(1492,415,54,0,0,0,0,1),(1493,429,54,0,0,1,0,1),(1494,416,54,0,0,1,0,1),(1495,431,54,0,0,1,0,1),(1496,436,54,0,0,0,0,0),(1497,422,54,0,0,0,0,0),(1498,428,54,0,0,1,0,0),(1499,603,54,0,0,0,0,1),(1500,607,54,0,0,0,0,1),(1501,602,54,0,0,0,0,1),(1502,595,54,0,0,0,0,1),(1503,624,54,0,0,0,0,1),(1504,599,54,0,0,0,0,1),(1505,592,54,0,0,0,0,1),(1506,616,54,0,0,0,0,1),(1507,601,54,0,0,0,0,1),(1508,596,54,0,0,0,1,1),(1509,597,54,0,0,0,0,1),(1510,610,54,0,0,0,0,0),(1511,600,54,0,0,0,0,0),(1512,605,54,0,0,0,0,0),(1513,394,55,0,0,0,0,1),(1514,391,55,0,0,1,0,1),(1515,392,55,0,0,0,0,1),(1516,396,55,0,0,0,0,1),(1517,403,55,0,0,0,0,1),(1518,407,55,0,0,0,0,1),(1519,398,55,0,0,0,0,1),(1520,395,55,0,0,0,0,1),(1521,409,55,0,0,0,0,1),(1522,393,55,0,0,0,0,1),(1523,401,55,0,0,1,0,1),(1524,404,55,0,0,0,0,0),(1525,406,55,0,0,0,0,0),(1526,408,55,0,0,0,0,0),(1527,303,55,0,0,0,0,1),(1528,308,55,0,0,0,0,1),(1529,300,55,0,0,0,0,1),(1530,315,55,0,0,0,0,1),(1531,314,55,0,0,0,0,1),(1532,305,55,0,0,0,0,1),(1533,309,55,0,0,0,0,1),(1534,313,55,0,0,0,0,1),(1535,298,55,0,0,0,0,1),(1536,312,55,0,0,1,1,1),(1537,299,55,0,0,0,1,1),(1538,324,55,0,0,0,0,0),(1539,302,55,0,0,0,0,0),(1540,306,55,0,0,0,0,0),(1541,369,56,0,0,0,0,1),(1542,373,56,0,0,0,0,1),(1543,367,56,0,0,0,0,1),(1544,387,56,0,0,0,0,1),(1545,374,56,0,0,0,0,1),(1546,370,56,0,0,0,0,1),(1547,380,56,0,0,0,0,1),(1548,368,56,0,0,0,0,1),(1549,364,56,0,0,0,0,1),(1550,378,56,0,0,0,1,1),(1551,365,56,0,0,0,1,1),(1552,377,56,0,0,0,0,0),(1553,382,56,0,0,0,0,0),(1554,372,56,0,0,0,0,0),(1555,270,56,3,0,0,0,1),(1556,265,56,0,0,0,0,1),(1557,277,56,0,0,0,0,1),(1558,278,56,0,0,0,0,1),(1559,266,56,0,0,0,0,1),(1560,279,56,0,0,0,0,1),(1561,268,56,0,0,0,0,1),(1562,274,56,0,0,0,0,1),(1563,264,56,0,0,0,0,1),(1564,276,56,0,0,0,0,1),(1565,271,56,0,0,0,0,1),(1566,273,56,0,0,0,0,0),(1567,285,56,0,1,0,0,0),(1568,269,56,0,0,0,0,0),(1569,334,57,1,0,1,0,1),(1570,350,57,0,0,0,0,1),(1571,344,57,0,0,0,0,1),(1572,352,57,0,0,0,0,1),(1573,335,57,0,0,0,0,1),(1574,333,57,0,0,0,0,1),(1575,340,57,0,0,0,0,1),(1576,332,57,0,0,0,0,1),(1577,338,57,0,1,0,0,1),(1578,343,57,0,0,0,0,1),(1579,330,57,0,0,0,0,1),(1580,331,57,0,0,0,0,0),(1581,351,57,0,0,0,0,0),(1582,349,57,0,0,0,0,0),(1583,246,57,1,1,1,0,1),(1584,237,57,0,0,0,0,1),(1585,252,57,0,0,0,0,1),(1586,233,57,0,0,0,0,1),(1587,236,57,0,0,0,0,1),(1588,241,57,0,0,0,0,1),(1589,257,57,0,1,0,0,1),(1590,249,57,0,0,0,0,1),(1591,247,57,0,0,0,0,1),(1592,248,57,0,0,0,0,1),(1593,239,57,2,0,0,0,1),(1594,250,57,1,0,0,0,0),(1595,235,57,0,0,0,0,0),(1596,240,57,0,0,0,0,0),(1597,50,58,0,0,0,0,1),(1598,49,58,0,0,0,0,1),(1599,38,58,0,0,0,0,1),(1600,40,58,0,0,0,0,1),(1601,35,58,0,0,0,0,1),(1602,51,58,0,0,0,0,1),(1603,48,58,0,0,0,0,1),(1604,43,58,0,0,0,0,1),(1605,52,58,0,0,1,0,1),(1606,56,58,0,0,1,0,1),(1607,45,58,0,0,0,0,1),(1608,46,58,0,0,1,0,0),(1609,42,58,0,0,0,0,0),(1610,47,58,0,0,0,0,0),(1611,222,58,0,0,0,0,1),(1612,221,58,0,0,0,0,1),(1613,204,58,1,0,0,0,1),(1614,218,58,1,0,0,0,1),(1615,203,58,0,0,0,0,1),(1616,199,58,0,0,0,0,1),(1617,205,58,0,0,0,0,1),(1618,202,58,0,0,0,0,1),(1619,206,58,0,1,0,0,1),(1620,208,58,0,0,0,0,1),(1621,198,58,0,0,0,0,1),(1622,209,58,0,0,0,0,0),(1623,213,58,0,0,0,0,0),(1624,210,58,0,0,0,0,0),(1625,80,59,0,0,0,0,1),(1626,84,59,0,0,0,0,1),(1627,81,59,0,0,0,0,1),(1628,73,59,0,0,0,0,1),(1629,77,59,0,0,0,0,1),(1630,71,59,0,0,0,0,1),(1631,72,59,0,0,0,0,1),(1632,69,59,0,0,1,0,1),(1633,75,59,0,0,1,0,1),(1634,70,59,0,0,1,0,1),(1635,74,59,0,0,1,0,1),(1636,83,59,0,0,0,0,0),(1637,88,59,0,0,0,0,0),(1638,76,59,0,0,0,0,0),(1639,169,59,0,0,0,0,1),(1640,173,59,0,0,0,0,1),(1641,174,59,0,1,0,0,1),(1642,184,59,0,0,0,0,1),(1643,168,59,0,0,0,0,1),(1644,171,59,0,0,0,0,1),(1645,176,59,0,0,0,0,1),(1646,166,59,0,0,0,0,1),(1647,172,59,0,0,0,0,1),(1648,177,59,2,0,0,1,1),(1649,182,59,0,0,0,1,1),(1650,192,59,0,0,0,0,0),(1651,181,59,0,0,0,0,0),(1652,186,59,0,0,0,0,0),(1653,114,60,0,0,1,0,1),(1654,112,60,0,0,1,0,1),(1655,122,60,0,0,0,0,1),(1656,109,60,2,0,0,0,1),(1657,108,60,1,0,0,0,1),(1658,102,60,0,0,0,0,1),(1659,117,60,0,0,0,0,1),(1660,115,60,0,0,0,0,1),(1661,106,60,0,2,0,0,1),(1662,101,60,0,0,0,1,1),(1663,107,60,0,0,0,0,1),(1664,121,60,0,0,0,0,0),(1665,113,60,0,0,0,0,0),(1666,120,60,0,0,0,0,0),(1667,136,60,0,0,0,0,1),(1668,135,60,0,0,0,0,1),(1669,152,60,0,0,0,0,1),(1670,143,60,0,0,1,0,1),(1671,137,60,0,0,0,0,1),(1672,142,60,0,0,0,0,1),(1673,150,60,0,0,0,0,1),(1674,148,60,0,0,1,1,1),(1675,144,60,0,0,0,0,1),(1676,141,60,0,0,0,1,1),(1677,151,60,0,0,0,0,0),(1678,146,60,0,0,0,0,0),(1679,145,60,0,0,0,0,0),(1680,133,60,0,0,0,0,0),(1681,15,61,0,0,0,0,1),(1682,4,61,0,0,0,0,1),(1683,18,61,0,0,0,0,1),(1684,3,61,0,0,0,0,1),(1685,10,61,0,0,0,0,1),(1686,14,61,0,0,0,0,1),(1687,17,61,0,0,0,0,1),(1688,7,61,0,0,0,0,1),(1689,16,61,0,0,1,0,1),(1690,8,61,0,0,1,0,1),(1691,9,61,0,0,1,0,1),(1692,13,61,0,0,0,0,0),(1693,33,61,0,0,1,0,0),(1694,11,61,0,0,0,0,0),(1695,540,61,1,0,0,0,1),(1696,542,61,0,0,0,0,1),(1697,547,61,0,0,0,0,1),(1698,556,61,0,0,0,0,1),(1699,555,61,1,0,0,0,1),(1700,552,61,0,0,0,0,1),(1701,537,61,0,1,0,0,1),(1702,532,61,0,0,0,0,1),(1703,539,61,0,0,1,0,1),(1704,534,61,0,0,1,0,1),(1705,535,61,0,0,1,0,1),(1706,544,61,0,0,1,0,0),(1707,546,61,0,0,0,0,0),(1708,553,61,0,0,0,0,0),(1709,504,62,0,0,0,0,1),(1710,502,62,0,0,0,0,1),(1711,512,62,0,0,0,0,1),(1712,525,62,0,0,0,0,1),(1713,516,62,0,0,0,0,1),(1714,506,62,0,1,0,0,1),(1715,509,62,0,1,0,0,1),(1716,503,62,0,0,0,0,1),(1717,508,62,0,0,0,0,1),(1718,517,62,0,0,0,0,1),(1719,528,62,0,0,0,0,1),(1720,524,62,3,0,0,0,0),(1721,510,62,0,0,0,0,0),(1722,505,62,0,0,0,0,0),(1723,564,62,0,0,0,0,1),(1724,566,62,0,1,0,0,1),(1725,569,62,0,0,0,0,1),(1726,561,62,0,0,0,0,1),(1727,573,62,0,0,0,0,1),(1728,568,62,3,0,0,0,1),(1729,578,62,0,0,0,0,1),(1730,591,62,0,0,0,0,1),(1731,562,62,0,0,0,0,1),(1732,576,62,0,0,0,0,1),(1733,560,62,0,0,0,0,1),(1734,571,62,0,0,0,0,0),(1735,570,62,0,0,0,0,0),(1736,579,62,0,0,0,0,0),(1737,476,63,0,0,0,0,1),(1738,471,63,0,0,0,0,1),(1739,470,63,0,0,0,0,1),(1740,474,63,0,0,0,0,1),(1741,477,63,0,0,0,0,1),(1742,469,63,0,0,1,0,1),(1743,467,63,0,0,0,0,1),(1744,475,63,0,0,0,0,1),(1745,478,63,4,0,0,0,1),(1746,468,63,0,0,1,0,1),(1747,473,63,0,1,1,0,1),(1748,489,63,0,0,0,0,0),(1749,472,63,0,0,0,0,0),(1750,495,63,0,0,0,0,0),(1751,600,63,1,0,0,0,1),(1752,607,63,0,0,0,0,1),(1753,598,63,0,0,0,0,1),(1754,601,63,0,0,0,0,1),(1755,620,63,0,0,0,0,1),(1756,615,63,0,0,0,0,1),(1757,602,63,0,1,0,0,1),(1758,624,63,0,0,0,0,1),(1759,592,63,0,0,0,0,1),(1760,593,63,0,0,0,0,1),(1761,594,63,1,0,0,1,1),(1762,616,63,0,0,0,0,0),(1763,606,63,0,0,0,0,0),(1764,604,63,0,0,0,0,0),(1765,466,64,0,0,1,0,1),(1766,446,64,0,0,1,0,1),(1767,449,64,0,1,0,0,1),(1768,464,64,0,0,0,0,1),(1769,462,64,2,0,1,0,1),(1770,457,64,0,0,0,0,1),(1771,447,64,0,0,0,0,1),(1772,453,64,0,0,0,0,1),(1773,450,64,0,0,0,0,1),(1774,452,64,0,0,0,0,1),(1775,460,64,0,0,0,0,1),(1776,456,64,0,0,0,0,0),(1777,448,64,0,0,0,1,0),(1778,458,64,0,0,0,0,0),(1779,315,64,0,0,0,0,1),(1780,310,64,0,0,0,0,1),(1781,313,64,0,0,0,0,1),(1782,303,64,0,0,0,0,1),(1783,311,64,0,0,0,0,1),(1784,306,64,0,0,0,0,1),(1785,314,64,0,0,0,0,1),(1786,302,64,1,0,0,0,1),(1787,300,64,0,0,0,0,1),(1788,305,64,0,0,0,0,1),(1789,308,64,0,0,0,0,1),(1790,298,64,0,0,0,0,0),(1791,309,64,0,0,0,0,0),(1792,324,64,0,0,0,0,0),(1793,419,65,0,0,2,0,1),(1794,436,65,0,0,1,0,1),(1795,430,65,0,0,0,0,1),(1796,428,65,0,1,0,0,1),(1797,423,65,0,0,0,0,1),(1798,415,65,0,0,0,0,1),(1799,424,65,2,0,0,0,1),(1800,420,65,0,0,0,0,1),(1801,442,65,0,0,0,0,1),(1802,427,65,0,0,0,1,1),(1803,431,65,0,0,0,0,1),(1804,422,65,0,0,0,0,0),(1805,432,65,0,0,0,0,0),(1806,426,65,0,0,0,0,0),(1807,277,65,0,0,0,0,1),(1808,269,65,0,0,0,0,1),(1809,266,65,0,0,0,0,1),(1810,278,65,0,0,0,0,1),(1811,268,65,0,0,0,0,1),(1812,264,65,0,0,0,0,1),(1813,280,65,0,0,0,0,1),(1814,279,65,0,0,2,0,1),(1815,276,65,0,0,0,0,1),(1816,265,65,0,0,0,0,1),(1817,272,65,0,0,0,0,1),(1818,275,65,0,0,0,0,0),(1819,271,65,0,0,0,0,0),(1820,274,65,0,0,0,0,0),(1821,397,66,0,0,0,0,1),(1822,393,66,0,0,0,0,1),(1823,394,66,0,1,0,0,1),(1824,407,66,0,0,0,0,1),(1825,401,66,0,0,0,0,1),(1826,399,66,0,0,0,0,1),(1827,406,66,0,0,0,0,1),(1828,400,66,2,0,0,0,1),(1829,414,66,0,0,0,0,1),(1830,396,66,0,0,0,0,1),(1831,391,66,0,0,2,0,1),(1832,395,66,0,0,0,0,0),(1833,409,66,0,0,0,0,0),(1834,402,66,0,0,0,0,0),(1835,245,66,0,0,0,0,1),(1836,233,66,0,0,0,0,1),(1837,252,66,0,0,1,0,1),(1838,241,66,0,0,0,0,1),(1839,253,66,0,0,0,0,1),(1840,231,66,0,0,0,0,1),(1841,246,66,0,0,0,0,1),(1842,238,66,3,0,0,0,1),(1843,242,66,0,0,1,0,1),(1844,236,66,0,0,0,0,1),(1845,254,66,0,0,1,0,1),(1846,257,66,0,2,0,0,0),(1847,249,66,0,0,0,0,0),(1848,237,66,0,0,0,0,0),(1849,379,67,0,0,0,0,1),(1850,382,67,0,0,0,0,1),(1851,364,67,0,0,0,0,1),(1852,369,67,0,0,0,0,1),(1853,375,67,0,0,0,0,1),(1854,377,67,0,0,0,0,1),(1855,371,67,2,0,0,0,1),(1856,367,67,0,0,0,0,1),(1857,374,67,0,0,0,0,1),(1858,380,67,0,0,0,0,1),(1859,368,67,0,0,0,0,1),(1860,383,67,0,0,0,0,0),(1861,372,67,0,0,0,0,0),(1862,370,67,0,0,0,0,0),(1863,204,67,0,0,0,0,1),(1864,208,67,0,0,0,0,1),(1865,202,67,1,0,0,0,1),(1866,221,67,0,0,0,0,1),(1867,209,67,0,1,0,0,1),(1868,218,67,0,0,0,0,1),(1869,206,67,0,0,0,0,1),(1870,213,67,0,0,0,0,1),(1871,201,67,0,0,0,0,1),(1872,215,67,0,0,0,0,1),(1873,203,67,0,0,0,0,1),(1874,220,67,0,0,0,0,0),(1875,205,67,0,0,0,0,0),(1876,229,67,0,0,0,0,0),(1877,331,68,0,0,1,0,1),(1878,343,68,0,0,1,0,1),(1879,338,68,0,0,0,0,1),(1880,340,68,0,0,0,0,1),(1881,339,68,0,0,0,0,1),(1882,335,68,0,0,0,0,1),(1883,332,68,0,0,0,0,1),(1884,334,68,0,0,1,0,1),(1885,330,68,0,0,0,0,1),(1886,348,68,0,0,0,0,1),(1887,345,68,0,0,0,1,1),(1888,337,68,0,0,0,0,0),(1889,349,68,0,0,0,0,0),(1890,350,68,0,0,0,0,0),(1891,170,68,0,0,0,0,1),(1892,181,68,0,0,0,0,1),(1893,172,68,0,0,0,0,1),(1894,169,68,0,0,0,0,1),(1895,171,68,0,0,0,0,1),(1896,173,68,0,0,0,0,1),(1897,174,68,0,0,0,0,1),(1898,180,68,0,0,0,0,1),(1899,167,68,0,0,0,0,1),(1900,166,68,0,0,0,0,1),(1901,176,68,0,0,0,0,1),(1902,178,68,0,0,0,0,0),(1903,175,68,0,0,0,0,0),(1904,184,68,0,0,0,0,0),(1905,40,69,1,1,0,0,1),(1906,47,69,0,0,0,0,1),(1907,35,69,0,0,1,0,1),(1908,42,69,0,0,0,0,1),(1909,52,69,0,0,0,0,1),(1910,34,69,0,0,0,0,1),(1911,38,69,0,0,0,0,1),(1912,36,69,0,0,0,0,1),(1913,43,69,0,1,0,0,1),(1914,56,69,0,0,1,0,1),(1915,45,69,1,0,1,0,1),(1916,60,69,0,0,0,0,0),(1917,44,69,0,0,0,0,0),(1918,48,69,0,0,1,0,0),(1919,135,69,0,0,1,0,1),(1920,152,69,0,0,1,0,1),(1921,144,69,0,0,0,0,1),(1922,138,69,0,0,0,0,1),(1923,149,69,0,0,0,0,1),(1924,142,69,0,0,0,0,1),(1925,136,69,0,0,0,0,1),(1926,151,69,0,0,0,0,1),(1927,133,69,0,0,0,0,1),(1928,143,69,0,0,0,1,1),(1929,146,69,0,0,0,0,0),(1930,134,69,0,0,0,0,0),(1931,154,69,0,0,0,0,0),(1932,139,69,0,0,0,0,0),(1933,82,70,0,0,0,0,1),(1934,77,70,0,0,0,0,1),(1935,72,70,0,0,0,0,1),(1936,76,70,0,0,0,0,1),(1937,80,70,0,0,0,0,1),(1938,84,70,0,0,0,0,1),(1939,68,70,0,0,0,0,1),(1940,73,70,0,2,0,0,1),(1941,69,70,2,0,2,0,1),(1942,85,70,2,0,0,0,1),(1943,70,70,0,0,0,0,1),(1944,75,70,0,0,0,0,0),(1945,87,70,0,0,0,0,0),(1946,78,70,0,0,0,0,0),(1947,113,70,0,0,0,0,1),(1948,110,70,0,0,0,0,1),(1949,100,70,0,0,0,0,1),(1950,102,70,0,0,0,0,1),(1951,103,70,0,0,0,0,1),(1952,120,70,0,0,0,0,1),(1953,114,70,0,0,0,0,1),(1954,107,70,0,0,0,0,1),(1955,121,70,0,0,1,0,1),(1956,111,70,0,0,1,0,1),(1957,105,70,0,0,1,0,1),(1958,108,70,2,0,0,0,0),(1959,122,70,0,0,0,0,0),(1960,130,70,0,0,0,0,0),(1961,33,71,0,0,0,0,1),(1962,7,71,0,0,0,0,1),(1963,14,71,0,0,0,0,1),(1964,8,71,0,0,0,0,1),(1965,2,71,0,0,0,0,1),(1966,3,71,0,0,0,0,1),(1967,11,71,0,0,0,0,1),(1968,6,71,0,0,0,0,1),(1969,18,71,0,0,0,0,1),(1970,12,71,0,0,0,0,1),(1971,4,71,0,0,0,0,1),(1972,10,71,0,0,0,0,0),(1973,28,71,0,0,0,0,0),(1974,13,71,1,0,0,0,0),(1975,576,71,0,0,0,0,1),(1976,567,71,0,2,0,0,1),(1977,571,71,0,0,0,0,1),(1978,566,71,0,0,0,0,1),(1979,570,71,0,0,0,0,1),(1980,562,71,0,0,0,0,1),(1981,577,71,0,0,0,0,1),(1982,563,71,0,0,0,0,1),(1983,561,71,0,0,1,0,1),(1984,573,71,0,0,0,0,1),(1985,564,71,0,0,1,0,1),(1986,591,71,0,0,0,0,0),(1987,578,71,0,0,1,0,0),(1988,579,71,2,0,0,0,0),(1989,537,72,0,0,0,0,1),(1990,533,72,0,0,0,0,1),(1991,553,72,0,0,0,0,1),(1992,542,72,0,0,0,0,1),(1993,552,72,0,0,0,0,1),(1994,539,72,0,0,0,0,1),(1995,535,72,0,0,0,0,1),(1996,531,72,0,0,0,0,1),(1997,532,72,0,0,2,0,1),(1998,534,72,0,0,0,0,1),(1999,541,72,0,0,1,0,1),(2000,550,72,0,0,0,0,0),(2001,544,72,0,0,0,0,0),(2002,540,72,0,0,0,0,0),(2003,598,72,0,0,0,0,1),(2004,599,72,0,0,0,0,1),(2005,608,72,0,0,0,0,1),(2006,593,72,0,0,0,0,1),(2007,616,72,0,0,0,0,1),(2008,607,72,0,0,0,0,1),(2009,596,72,0,0,0,0,1),(2010,592,72,0,0,0,0,1),(2011,604,72,0,0,0,0,1),(2012,615,72,0,0,2,0,1),(2013,595,72,0,0,1,0,1),(2014,605,72,0,0,0,0,0),(2015,597,72,0,0,0,0,0),(2016,606,72,0,0,0,0,0),(2017,504,73,0,0,0,0,1),(2018,512,73,1,0,0,0,1),(2019,503,73,0,0,0,0,1),(2020,507,73,0,1,0,0,1),(2021,500,73,0,0,0,0,1),(2022,510,73,0,0,0,0,1),(2023,524,73,0,0,0,0,1),(2024,509,73,0,0,0,0,1),(2025,501,73,0,0,0,0,1),(2026,502,73,0,0,0,0,1),(2027,506,73,0,0,0,0,1),(2028,508,73,0,0,0,0,0),(2029,525,73,0,0,0,0,0),(2030,523,73,0,0,0,0,0),(2031,300,73,0,0,0,0,1),(2032,299,73,0,0,0,0,1),(2033,310,73,0,0,0,0,1),(2034,309,73,2,0,0,0,1),(2035,307,73,0,0,0,0,1),(2036,315,73,0,0,0,0,1),(2037,298,73,0,0,0,0,1),(2038,314,73,0,0,0,0,1),(2039,308,73,0,0,0,0,1),(2040,302,73,0,1,0,0,1),(2041,312,73,0,0,0,0,1),(2042,303,73,0,0,0,0,0),(2043,306,73,0,0,0,0,0),(2044,313,73,0,0,0,0,0),(2045,491,74,0,0,0,0,1),(2046,471,74,0,0,0,0,1),(2047,474,74,0,0,0,0,1),(2048,472,74,0,0,0,0,1),(2049,477,74,0,0,0,0,1),(2050,476,74,1,0,0,0,1),(2051,468,74,0,0,0,0,1),(2052,467,74,0,0,0,0,1),(2053,487,74,0,0,1,0,1),(2054,483,74,0,0,2,0,1),(2055,469,74,0,0,1,0,1),(2056,479,74,0,0,0,0,0),(2057,475,74,0,0,0,0,0),(2058,485,74,0,0,0,0,0),(2059,267,74,0,0,0,0,1),(2060,265,74,0,0,0,0,1),(2061,269,74,0,0,0,0,1),(2062,273,74,0,0,0,0,1),(2063,268,74,0,0,0,0,1),(2064,272,74,4,0,0,0,1),(2065,278,74,0,1,0,0,1),(2066,266,74,0,0,0,0,1),(2067,271,74,0,0,0,0,1),(2068,276,74,0,0,0,0,1),(2069,281,74,0,0,0,0,1),(2070,277,74,0,0,0,0,0),(2071,274,74,0,0,0,0,0),(2072,282,74,0,0,0,0,0),(2073,445,75,0,0,0,0,1),(2074,452,75,3,0,0,0,1),(2075,450,75,0,0,0,0,1),(2076,449,75,0,3,0,0,1),(2077,446,75,0,0,0,0,1),(2078,447,75,0,0,0,0,1),(2079,443,75,0,0,0,0,1),(2080,466,75,0,0,0,0,1),(2081,453,75,0,0,0,0,1),(2082,457,75,0,0,0,0,1),(2083,454,75,0,0,0,0,1),(2084,461,75,0,0,0,0,0),(2085,464,75,0,0,0,0,0),(2086,458,75,0,0,0,0,0),(2087,245,75,0,3,1,0,1),(2088,239,75,2,0,0,0,1),(2089,253,75,0,0,0,0,1),(2090,240,75,0,0,0,0,1),(2091,235,75,0,0,0,0,1),(2092,237,75,2,0,0,0,1),(2093,238,75,0,0,0,0,1),(2094,246,75,0,0,0,0,1),(2095,231,75,0,0,0,0,1),(2096,233,75,0,0,1,1,1),(2097,252,75,0,0,0,0,1),(2098,257,75,0,0,0,0,0),(2099,241,75,0,0,0,0,0),(2100,236,75,0,0,0,0,0),(2101,431,76,0,0,0,0,1),(2102,420,76,0,0,0,0,1),(2103,425,76,0,0,0,0,1),(2104,416,76,0,0,0,0,1),(2105,423,76,0,0,0,0,1),(2106,421,76,0,1,0,0,1),(2107,430,76,0,0,0,0,1),(2108,417,76,0,0,0,0,1),(2109,432,76,0,0,0,0,1),(2110,424,76,0,0,0,0,1),(2111,418,76,0,0,0,0,1),(2112,434,76,0,0,0,0,0),(2113,422,76,1,0,0,0,0),(2114,436,76,0,0,0,0,0),(2115,218,76,1,0,0,0,1),(2116,206,76,1,1,0,0,1),(2117,222,76,0,0,1,0,1),(2118,221,76,0,0,0,0,1),(2119,203,76,0,0,0,0,1),(2120,205,76,0,0,0,0,1),(2121,199,76,0,0,0,0,1),(2122,204,76,0,0,0,0,1),(2123,208,76,0,0,0,0,1),(2124,202,76,0,0,0,0,1),(2125,215,76,0,0,0,0,1),(2126,200,76,0,0,0,0,0),(2127,210,76,0,0,0,0,0),(2128,201,76,0,0,0,0,0),(2129,400,77,0,2,0,0,1),(2130,392,77,0,0,0,0,1),(2131,402,77,0,0,0,0,1),(2132,409,77,0,0,0,0,1),(2133,394,77,0,0,0,0,1),(2134,407,77,0,0,0,0,1),(2135,406,77,0,0,0,0,1),(2136,393,77,0,1,0,0,1),(2137,395,77,0,0,0,0,1),(2138,404,77,0,0,1,0,1),(2139,397,77,2,0,1,0,1),(2140,398,77,0,0,0,0,0),(2141,401,77,1,0,0,0,0),(2142,399,77,0,0,0,0,0),(2143,168,77,0,0,0,0,1),(2144,171,77,0,1,0,0,1),(2145,167,77,0,0,0,0,1),(2146,190,77,0,1,0,0,1),(2147,173,77,0,0,0,0,1),(2148,181,77,0,0,0,0,1),(2149,176,77,0,0,0,0,1),(2150,183,77,0,0,0,0,1),(2151,179,77,0,0,0,0,1),(2152,177,77,0,0,0,0,1),(2153,170,77,0,0,0,1,1),(2154,178,77,0,0,0,0,0),(2155,182,77,0,0,0,0,0),(2156,175,77,2,0,0,0,0),(2157,378,78,0,0,0,0,1),(2158,367,78,0,0,1,0,1),(2159,374,78,0,0,0,0,1),(2160,370,78,0,0,0,0,1),(2161,376,78,0,0,0,0,1),(2162,364,78,0,0,0,0,1),(2163,372,78,0,0,0,0,1),(2164,363,78,0,0,0,0,1),(2165,373,78,0,0,0,0,1),(2166,368,78,0,1,0,0,1),(2167,382,78,0,0,0,0,1),(2168,389,78,0,0,0,0,0),(2169,387,78,2,0,0,0,0),(2170,388,78,0,0,1,0,0),(2171,135,78,0,0,2,0,1),(2172,145,78,0,0,0,0,1),(2173,137,78,0,0,1,0,1),(2174,136,78,0,0,0,0,1),(2175,150,78,0,0,0,0,1),(2176,143,78,2,0,0,0,1),(2177,142,78,0,0,0,0,1),(2178,152,78,0,0,0,0,1),(2179,144,78,1,1,0,0,1),(2180,149,78,0,0,0,0,1),(2181,141,78,0,0,0,0,0),(2182,163,78,0,0,0,0,0),(2183,133,78,0,0,0,0,0),(2184,140,78,0,0,0,1,0),(2185,331,79,0,0,0,0,1),(2186,343,79,2,0,0,0,1),(2187,349,79,0,0,0,0,1),(2188,339,79,0,0,0,0,1),(2189,344,79,0,0,0,0,1),(2190,330,79,0,0,0,0,1),(2191,340,79,0,0,0,0,1),(2192,348,79,0,0,0,0,1),(2193,334,79,0,0,0,0,1),(2194,333,79,0,0,1,0,1),(2195,332,79,1,1,1,0,1),(2196,342,79,0,0,0,0,0),(2197,350,79,0,0,0,0,0),(2198,351,79,0,0,1,0,0),(2199,114,79,0,0,0,0,1),(2200,107,79,3,0,0,0,1),(2201,103,79,0,0,0,0,1),(2202,109,79,0,0,0,0,1),(2203,117,79,0,0,0,0,1),(2204,110,79,0,1,0,0,1),(2205,120,79,0,0,0,0,1),(2206,115,79,0,0,0,0,1),(2207,106,79,0,0,0,0,1),(2208,121,79,0,0,0,0,1),(2209,101,79,0,0,1,0,1),(2210,105,79,0,0,0,0,0),(2211,113,79,0,0,0,0,0),(2212,112,79,0,0,0,0,0),(2213,40,80,0,2,0,0,1),(2214,45,80,1,0,0,0,1),(2215,36,80,0,0,0,0,1),(2216,42,80,0,0,0,0,1),(2217,34,80,0,0,0,0,1),(2218,39,80,0,0,0,0,1),(2219,46,80,0,1,0,0,1),(2220,56,80,0,0,0,0,1),(2221,35,80,0,0,1,0,1),(2222,52,80,0,0,1,0,1),(2223,41,80,2,0,1,0,1),(2224,44,80,0,0,1,0,0),(2225,47,80,0,0,0,0,0),(2226,48,80,0,0,0,0,0),(2227,80,80,0,0,0,0,1),(2228,87,80,2,0,0,0,1),(2229,82,80,0,0,0,0,1),(2230,71,80,0,0,0,0,1),(2231,76,80,0,0,0,0,1),(2232,74,80,0,0,0,0,1),(2233,73,80,0,0,0,0,1),(2234,67,80,0,0,0,0,1),(2235,68,80,0,0,0,1,1),(2236,72,80,0,1,0,0,1),(2237,70,80,0,0,0,1,1),(2238,77,80,0,0,0,0,0),(2239,85,80,0,0,0,0,0),(2240,78,80,0,0,0,0,0),(2241,16,81,0,0,0,0,1),(2242,21,81,1,0,0,0,1),(2243,7,81,0,0,0,0,1),(2244,18,81,0,0,0,0,1),(2245,17,81,0,0,0,0,1),(2246,15,81,0,0,0,0,1),(2247,13,81,0,0,0,0,1),(2248,25,81,0,0,0,0,1),(2249,4,81,0,0,0,0,1),(2250,22,81,0,1,0,0,1),(2251,3,81,0,0,0,1,1),(2252,12,81,3,0,0,0,0),(2253,1,81,0,0,0,0,0),(2254,11,81,0,1,0,0,0),(2255,603,81,0,0,0,0,1),(2256,598,81,0,0,0,0,1),(2257,608,81,0,0,0,0,1),(2258,605,81,0,0,0,0,1),(2259,599,81,0,0,0,0,1),(2260,602,81,0,0,0,0,1),(2261,609,81,0,0,0,0,1),(2262,624,81,0,0,0,0,1),(2263,594,81,0,0,0,0,1),(2264,596,81,0,0,1,0,1),(2265,604,81,1,0,1,0,1),(2266,607,81,0,0,0,0,0),(2267,593,81,0,0,0,0,0),(2268,597,81,0,0,1,0,0),(2269,565,82,0,0,1,0,1),(2270,563,82,0,0,1,0,1),(2271,576,82,0,0,0,0,1),(2272,566,82,0,0,0,0,1),(2273,569,82,0,0,1,0,1),(2274,579,82,0,0,0,0,1),(2275,564,82,0,0,0,0,1),(2276,570,82,0,0,0,0,1),(2277,560,82,0,0,0,0,1),(2278,575,82,0,0,1,1,1),(2279,578,82,0,0,0,1,1),(2280,591,82,0,0,0,0,0),(2281,573,82,0,0,0,0,0),(2282,561,82,0,0,0,0,0),(2283,311,82,2,0,1,0,1),(2284,313,82,0,0,0,0,1),(2285,308,82,0,0,0,0,1),(2286,299,82,0,0,0,0,1),(2287,303,82,0,0,0,0,1),(2288,298,82,0,0,0,0,1),(2289,309,82,0,0,0,0,1),(2290,312,82,0,0,0,0,1),(2291,315,82,0,0,0,0,1),(2292,314,82,0,0,0,0,1),(2293,310,82,0,0,0,1,1),(2294,318,82,0,0,0,0,0),(2295,305,82,0,1,0,0,0),(2296,316,82,0,0,0,0,0),(2297,542,83,3,0,0,0,1),(2298,534,83,0,0,0,0,1),(2299,544,83,0,0,0,0,1),(2300,537,83,0,0,0,0,1),(2301,552,83,0,2,0,0,1),(2302,535,83,0,0,0,0,1),(2303,547,83,0,0,0,0,1),(2304,541,83,0,0,0,0,1),(2305,531,83,0,0,0,0,1),(2306,550,83,0,0,0,0,1),(2307,533,83,0,0,0,0,1),(2308,540,83,0,0,0,0,0),(2309,543,83,0,0,0,0,0),(2310,536,83,0,0,0,0,0),(2311,268,83,0,0,0,0,1),(2312,266,83,0,0,0,0,1),(2313,275,83,0,0,0,0,1),(2314,277,83,0,3,0,0,1),(2315,279,83,0,0,0,0,1),(2316,271,83,0,0,0,0,1),(2317,264,83,0,0,0,0,1),(2318,267,83,0,0,0,0,1),(2319,278,83,0,0,0,0,1),(2320,276,83,3,0,1,0,1),(2321,269,83,0,0,1,0,1),(2322,280,83,0,0,0,0,0),(2323,285,83,1,0,0,0,0),(2324,265,83,0,0,0,0,0),(2325,516,84,0,0,0,0,1),(2326,512,84,0,0,0,0,1),(2327,503,84,0,0,0,0,1),(2328,510,84,0,0,0,0,1),(2329,525,84,0,1,0,0,1),(2330,506,84,0,0,0,0,1),(2331,502,84,0,0,0,0,1),(2332,511,84,0,0,0,0,1),(2333,517,84,0,0,0,0,1),(2334,509,84,0,3,0,0,1),(2335,504,84,0,0,0,0,1),(2336,528,84,1,0,0,0,0),(2337,524,84,3,0,0,0,0),(2338,508,84,0,0,0,0,0),(2339,238,84,0,0,0,0,1),(2340,253,84,0,0,0,0,1),(2341,241,84,0,0,0,0,1),(2342,257,84,0,0,0,0,1),(2343,245,84,1,0,0,0,1),(2344,244,84,0,0,0,0,1),(2345,231,84,0,0,0,0,1),(2346,252,84,0,0,0,0,1),(2347,246,84,0,0,2,0,1),(2348,235,84,0,1,1,0,1),(2349,236,84,0,0,1,0,1),(2350,237,84,0,0,0,0,0),(2351,239,84,0,0,0,0,0),(2352,250,84,0,0,0,0,0),(2353,468,85,0,0,0,0,1),(2354,473,85,0,0,0,0,1),(2355,478,85,1,0,0,0,1),(2356,472,85,0,2,0,0,1),(2357,491,85,0,2,0,0,1),(2358,469,85,1,0,1,0,1),(2359,470,85,0,0,0,0,1),(2360,489,85,0,0,0,0,1),(2361,495,85,0,0,0,0,1),(2362,477,85,0,0,0,0,1),(2363,474,85,0,0,0,0,1),(2364,479,85,0,0,0,0,0),(2365,486,85,0,0,0,0,0),(2366,487,85,3,0,0,0,0),(2367,222,85,2,0,0,0,1),(2368,202,85,0,0,0,0,1),(2369,208,85,0,0,0,0,1),(2370,199,85,0,0,0,0,1),(2371,215,85,0,0,0,0,1),(2372,209,85,0,0,0,0,1),(2373,204,85,1,0,0,0,1),(2374,218,85,0,0,0,0,1),(2375,221,85,0,0,0,0,1),(2376,205,85,0,0,0,0,1),(2377,206,85,0,1,0,0,1),(2378,201,85,0,0,0,0,0),(2379,213,85,0,0,0,0,0),(2380,198,85,0,0,0,0,0),(2381,447,86,0,0,2,0,1),(2382,446,86,0,0,0,0,1),(2383,466,86,0,0,0,0,1),(2384,450,86,0,1,0,0,1),(2385,464,86,0,0,0,0,1),(2386,453,86,0,0,0,0,1),(2387,452,86,2,0,0,0,1),(2388,449,86,0,0,0,0,1),(2389,443,86,0,0,0,0,1),(2390,457,86,0,0,0,0,1),(2391,462,86,0,0,0,1,1),(2392,463,86,0,0,0,0,0),(2393,445,86,0,0,0,0,0),(2394,458,86,0,0,0,0,0),(2395,181,86,3,0,2,0,1),(2396,172,86,1,1,0,0,1),(2397,167,86,0,0,0,0,1),(2398,177,86,1,0,1,0,1),(2399,173,86,0,0,0,0,1),(2400,171,86,0,2,0,0,1),(2401,166,86,0,0,0,0,1),(2402,168,86,0,0,0,0,1),(2403,190,86,0,1,0,0,1),(2404,174,86,0,0,0,0,1),(2405,169,86,0,0,0,0,1),(2406,175,86,0,0,0,0,0),(2407,186,86,0,0,0,0,0),(2408,176,86,0,0,0,1,0),(2409,418,87,0,0,1,0,1),(2410,420,87,1,0,0,0,1),(2411,442,87,0,0,0,0,1),(2412,431,87,0,0,0,0,1),(2413,423,87,0,1,0,0,1),(2414,415,87,0,0,0,0,1),(2415,419,87,0,0,0,0,1),(2416,429,87,0,0,0,0,1),(2417,436,87,0,0,0,0,1),(2418,421,87,0,0,0,0,1),(2419,427,87,0,0,0,1,1),(2420,425,87,0,0,0,0,0),(2421,434,87,0,0,0,0,0),(2422,422,87,0,0,0,0,0),(2423,136,87,0,0,0,0,1),(2424,143,87,0,0,0,0,1),(2425,141,87,2,0,1,0,1),(2426,149,87,0,0,1,0,1),(2427,145,87,0,0,0,0,1),(2428,144,87,0,0,0,0,1),(2429,146,87,0,0,0,0,1),(2430,133,87,0,0,0,0,1),(2431,151,87,0,0,1,0,1),(2432,138,87,0,1,0,0,1),(2433,148,87,0,0,0,0,1),(2434,152,87,0,0,0,0,0),(2435,137,87,0,0,0,0,0),(2436,142,87,0,0,0,1,0),(2437,402,88,0,0,0,0,1),(2438,395,88,0,0,0,0,1),(2439,414,88,0,0,0,0,1),(2440,403,88,0,0,0,0,1),(2441,393,88,0,0,0,0,1),(2442,407,88,0,0,0,0,1),(2443,399,88,0,0,0,0,1),(2444,394,88,0,0,0,0,1),(2445,392,88,0,0,0,0,1),(2446,409,88,0,0,1,0,1),(2447,396,88,1,0,1,0,1),(2448,397,88,0,0,0,0,0),(2449,401,88,0,0,0,0,0),(2450,408,88,0,0,0,0,0),(2451,121,88,0,0,0,0,1),(2452,103,88,0,0,0,0,1),(2453,108,88,0,0,0,0,1),(2454,107,88,0,0,0,0,1),(2455,102,88,0,0,0,0,1),(2456,100,88,0,0,0,0,1),(2457,120,88,0,0,0,0,1),(2458,111,88,0,0,0,0,1),(2459,105,88,0,0,1,0,1),(2460,106,88,0,0,0,0,1),(2461,115,88,0,0,1,0,1),(2462,130,88,0,0,0,0,0),(2463,101,88,0,0,0,0,0),(2464,114,88,0,0,0,0,0),(2465,365,89,0,0,0,0,1),(2466,387,89,3,0,0,0,1),(2467,371,89,0,0,0,0,1),(2468,377,89,0,0,0,0,1),(2469,370,89,0,0,0,0,1),(2470,369,89,0,0,0,0,1),(2471,367,89,0,0,0,0,1),(2472,388,89,0,1,0,0,1),(2473,380,89,0,0,0,0,1),(2474,378,89,0,0,0,1,1),(2475,364,89,0,0,0,0,1),(2476,383,89,0,0,0,0,0),(2477,376,89,0,0,0,0,0),(2478,375,89,0,0,0,0,0),(2479,69,89,0,0,1,0,1),(2480,87,89,0,0,0,0,1),(2481,74,89,0,0,0,0,1),(2482,67,89,0,0,0,0,1),(2483,75,89,0,0,0,0,1),(2484,82,89,0,0,0,0,1),(2485,86,89,0,0,0,0,1),(2486,81,89,0,0,0,0,1),(2487,72,89,0,2,0,0,1),(2488,71,89,0,0,0,0,1),(2489,77,89,0,0,1,0,1),(2490,78,89,2,0,0,0,0),(2491,80,89,0,0,0,0,0),(2492,89,89,0,0,0,0,0),(2493,336,90,3,0,1,0,1),(2494,333,90,1,0,1,0,1),(2495,349,90,0,0,0,0,1),(2496,342,90,0,0,0,0,1),(2497,339,90,0,0,0,0,1),(2498,344,90,0,0,0,0,1),(2499,340,90,0,0,0,0,1),(2500,343,90,0,0,0,0,1),(2501,330,90,0,0,0,0,1),(2502,332,90,0,0,0,0,1),(2503,331,90,0,0,2,1,1),(2504,348,90,0,0,0,0,0),(2505,338,90,0,0,0,0,0),(2506,335,90,0,0,0,1,0),(2507,56,90,0,0,0,0,1),(2508,42,90,0,0,0,0,1),(2509,48,90,0,0,0,0,1),(2510,51,90,0,0,0,0,1),(2511,43,90,0,0,0,0,1),(2512,35,90,0,0,0,0,1),(2513,39,90,0,0,0,0,1),(2514,49,90,0,0,0,0,1),(2515,37,90,0,0,0,0,1),(2516,40,90,0,0,1,0,1),(2517,44,90,0,0,1,0,1),(2518,46,90,0,0,0,0,0),(2519,47,90,1,0,1,0,0),(2520,45,90,0,0,0,0,0),(2521,15,91,0,0,0,0,1),(2522,17,91,0,0,0,0,1),(2523,13,91,0,0,0,0,1),(2524,8,91,0,0,0,0,1),(2525,10,91,2,0,0,0,1),(2526,33,91,0,1,0,0,1),(2527,4,91,0,1,0,0,1),(2528,18,91,0,0,0,0,1),(2529,2,91,0,0,0,0,1),(2530,22,91,0,0,0,0,1),(2531,6,91,0,0,1,0,1),(2532,11,91,0,0,0,0,0),(2533,12,91,0,0,0,0,0),(2534,9,91,0,0,1,0,0),(2535,299,91,0,0,0,0,1),(2536,298,91,0,2,0,0,1),(2537,327,91,0,0,0,0,1),(2538,316,91,0,0,0,0,1),(2539,309,91,0,0,0,0,1),(2540,303,91,0,0,0,0,1),(2541,311,91,0,0,0,0,1),(2542,297,91,0,0,0,0,1),(2543,312,91,0,0,0,0,1),(2544,300,91,0,0,0,0,1),(2545,307,91,4,0,1,0,1),(2546,324,91,0,0,0,0,0),(2547,318,91,0,0,0,0,0),(2548,315,91,0,0,1,0,0),(2549,600,92,0,0,0,0,1),(2550,595,92,0,0,0,0,1),(2551,592,92,0,0,0,0,1),(2552,606,92,0,0,0,0,1),(2553,615,92,0,0,0,0,1),(2554,604,92,0,0,0,0,1),(2555,594,92,0,0,0,0,1),(2556,597,92,0,0,0,0,1),(2557,599,92,0,0,0,0,1),(2558,593,92,0,0,1,0,1),(2559,608,92,0,0,2,0,1),(2560,601,92,0,0,0,0,0),(2561,624,92,0,0,0,0,0),(2562,609,92,0,0,0,0,0),(2563,266,92,0,0,1,0,1),(2564,280,92,0,0,0,0,1),(2565,269,92,0,0,0,0,1),(2566,267,92,0,0,0,0,1),(2567,277,92,0,1,0,0,1),(2568,268,92,0,0,0,0,1),(2569,275,92,0,0,0,0,1),(2570,271,92,0,0,0,0,1),(2571,264,92,0,0,0,0,1),(2572,278,92,0,0,0,0,1),(2573,272,92,3,0,0,1,1),(2574,279,92,0,0,0,0,0),(2575,283,92,0,0,0,0,0),(2576,265,92,0,0,0,0,0),(2577,563,93,0,0,0,0,1),(2578,568,93,0,0,0,0,1),(2579,566,93,0,0,0,0,1),(2580,567,93,0,2,0,0,1),(2581,591,93,0,0,0,0,1),(2582,564,93,0,0,0,0,1),(2583,560,93,0,0,0,0,1),(2584,569,93,0,0,0,0,1),(2585,561,93,0,0,0,0,1),(2586,565,93,0,0,0,0,1),(2587,576,93,0,0,1,0,1),(2588,570,93,3,0,0,0,0),(2589,579,93,0,0,0,0,0),(2590,572,93,1,0,0,0,0),(2591,253,93,0,0,0,0,1),(2592,237,93,0,0,0,0,1),(2593,238,93,1,0,0,0,1),(2594,233,93,0,0,0,0,1),(2595,252,93,0,0,0,0,1),(2596,239,93,0,0,0,0,1),(2597,241,93,0,0,0,0,1),(2598,247,93,0,0,0,0,1),(2599,248,93,0,0,0,0,1),(2600,235,93,0,0,2,0,1),(2601,245,93,0,0,1,0,1),(2602,257,93,0,0,0,0,0),(2603,240,93,0,0,0,0,0),(2604,250,93,0,0,0,0,0),(2605,546,94,0,0,0,0,1),(2606,552,94,0,0,0,0,1),(2607,555,94,1,0,0,0,1),(2608,539,94,0,0,0,0,1),(2609,540,94,0,0,0,0,1),(2610,534,94,0,0,0,0,1),(2611,535,94,0,0,1,0,1),(2612,537,94,0,1,0,0,1),(2613,531,94,0,0,0,0,1),(2614,533,94,0,0,0,0,1),(2615,541,94,0,0,0,0,1),(2616,547,94,0,0,0,0,0),(2617,550,94,0,0,0,0,0),(2618,548,94,0,0,0,0,0),(2619,218,94,0,0,0,0,1),(2620,222,94,0,0,0,0,1),(2621,199,94,0,0,1,0,1),(2622,208,94,0,0,0,0,1),(2623,201,94,0,0,0,0,1),(2624,205,94,0,0,0,0,1),(2625,200,94,0,0,0,0,1),(2626,215,94,0,0,0,0,1),(2627,203,94,0,0,0,0,1),(2628,206,94,0,0,0,0,1),(2629,216,94,0,0,0,0,1),(2630,204,94,0,0,0,0,0),(2631,198,94,0,0,0,0,0),(2632,207,94,0,0,0,0,0),(2633,523,95,0,0,0,0,1),(2634,505,95,0,0,0,0,1),(2635,503,95,0,0,0,0,1),(2636,506,95,0,0,0,0,1),(2637,500,95,0,0,0,0,1),(2638,501,95,0,0,0,0,1),(2639,512,95,0,0,0,0,1),(2640,509,95,0,0,1,0,1),(2641,524,95,1,0,0,0,1),(2642,516,95,0,0,1,0,1),(2643,525,95,0,0,1,0,1),(2644,528,95,0,0,0,0,0),(2645,504,95,0,0,0,0,0),(2646,522,95,0,0,1,0,0),(2647,184,95,0,0,0,0,1),(2648,173,95,3,1,0,0,1),(2649,178,95,0,0,0,0,1),(2650,179,95,0,2,0,0,1),(2651,167,95,0,0,0,0,1),(2652,169,95,0,0,0,0,1),(2653,177,95,0,0,0,0,1),(2654,170,95,0,0,0,0,1),(2655,166,95,0,0,0,0,1),(2656,190,95,0,0,0,0,1),(2657,171,95,0,0,0,0,1),(2658,175,95,1,0,0,0,0),(2659,180,95,0,0,0,0,0),(2660,168,95,0,0,0,0,0),(2661,489,96,0,0,0,0,1),(2662,491,96,0,0,0,0,1),(2663,468,96,0,0,0,0,1),(2664,467,96,0,0,0,0,1),(2665,476,96,1,1,0,0,1),(2666,477,96,0,0,0,0,1),(2667,478,96,1,0,0,0,1),(2668,470,96,0,0,1,0,1),(2669,473,96,0,0,1,0,1),(2670,471,96,0,0,1,0,1),(2671,472,96,0,0,1,0,1),(2672,479,96,0,0,0,0,0),(2673,474,96,0,0,0,0,0),(2674,483,96,0,0,0,0,0),(2675,152,96,0,0,0,0,1),(2676,143,96,0,0,0,0,1),(2677,141,96,0,0,0,0,1),(2678,151,96,0,0,0,0,1),(2679,133,96,0,0,0,0,1),(2680,135,96,0,0,0,0,1),(2681,145,96,0,1,0,0,1),(2682,144,96,4,0,1,0,1),(2683,136,96,0,0,1,0,1),(2684,148,96,0,0,1,0,1),(2685,137,96,0,0,0,0,0),(2686,146,96,0,1,0,0,0),(2687,134,96,0,0,0,0,0),(2688,149,96,0,0,0,0,0),(2689,446,97,1,0,0,0,1),(2690,448,97,2,0,1,0,1),(2691,466,97,0,0,0,0,1),(2692,450,97,0,0,0,0,1),(2693,445,97,0,0,0,0,1),(2694,464,97,0,0,0,0,1),(2695,443,97,0,0,0,0,1),(2696,449,97,0,0,0,0,1),(2697,457,97,0,0,0,0,1),(2698,451,97,0,0,0,0,1),(2699,453,97,0,0,0,1,1),(2700,458,97,0,0,0,0,0),(2701,454,97,0,0,0,0,0),(2702,456,97,0,0,0,0,0),(2703,105,97,0,0,0,0,1),(2704,114,97,0,0,0,0,1),(2705,109,97,0,0,0,0,1),(2706,103,97,0,0,0,0,1),(2707,121,97,0,0,0,0,1),(2708,102,97,0,0,0,0,1),(2709,118,97,0,0,0,0,1),(2710,117,97,0,0,0,0,1),(2711,106,97,0,0,1,0,1),(2712,101,97,0,0,1,0,1),(2713,122,97,0,0,1,0,1),(2714,108,97,0,0,0,0,0),(2715,104,97,0,0,0,0,0),(2716,110,97,1,0,0,0,0),(2717,421,98,0,0,0,0,1),(2718,442,98,0,0,1,0,1),(2719,424,98,0,1,0,0,1),(2720,431,98,0,0,0,0,1),(2721,416,98,0,0,0,0,1),(2722,420,98,0,0,0,0,1),(2723,428,98,0,0,0,0,1),(2724,429,98,0,0,0,0,1),(2725,415,98,0,0,0,0,1),(2726,423,98,2,0,0,1,1),(2727,419,98,0,0,0,1,1),(2728,425,98,0,0,0,0,0),(2729,436,98,0,0,0,0,0),(2730,426,98,0,0,0,0,0),(2731,71,98,0,0,0,0,1),(2732,70,98,0,0,0,0,1),(2733,72,98,0,0,0,0,1),(2734,73,98,0,1,0,0,1),(2735,87,98,0,0,0,0,1),(2736,69,98,0,0,0,0,1),(2737,68,98,0,0,0,0,1),(2738,67,98,0,0,0,0,1),(2739,74,98,0,0,0,0,1),(2740,80,98,0,0,0,0,1),(2741,77,98,0,0,0,0,1),(2742,75,98,2,0,0,0,0),(2743,81,98,0,0,0,0,0),(2744,76,98,1,0,0,0,0),(2745,409,99,0,2,0,0,1),(2746,400,99,0,0,0,0,1),(2747,393,99,0,0,0,0,1),(2748,394,99,0,0,0,0,1),(2749,397,99,0,0,0,0,1),(2750,414,99,0,0,0,0,1),(2751,396,99,2,0,0,0,1),(2752,407,99,0,0,0,0,1),(2753,398,99,0,0,0,0,1),(2754,391,99,0,0,0,0,1),(2755,392,99,0,0,1,0,1),(2756,408,99,0,0,0,0,0),(2757,411,99,0,0,0,0,0),(2758,402,99,0,0,0,0,0),(2759,35,99,0,0,0,0,1),(2760,39,99,0,0,0,0,1),(2761,38,99,0,0,0,0,1),(2762,36,99,0,0,0,0,1),(2763,40,99,0,0,0,0,1),(2764,37,99,0,0,0,0,1),(2765,49,99,0,0,0,0,1),(2766,34,99,0,0,0,0,1),(2767,46,99,0,0,0,0,1),(2768,43,99,0,1,0,0,1),(2769,60,99,0,0,0,0,1),(2770,52,99,1,0,0,0,0),(2771,42,99,0,0,0,0,0),(2772,44,99,0,0,0,0,0),(2773,367,100,0,0,0,0,1),(2774,380,100,0,0,0,0,1),(2775,373,100,2,0,0,0,1),(2776,375,100,0,0,0,0,1),(2777,376,100,0,0,0,0,1),(2778,370,100,0,1,0,0,1),(2779,372,100,0,0,0,0,1),(2780,377,100,0,0,0,0,1),(2781,364,100,0,0,1,0,1),(2782,387,100,0,0,1,0,1),(2783,365,100,0,0,1,0,1),(2784,388,100,0,0,0,0,0),(2785,389,100,0,0,1,0,0),(2786,369,100,0,0,0,0,0),(2787,334,100,0,0,0,0,1),(2788,332,100,0,0,0,0,1),(2789,346,100,0,0,0,0,1),(2790,348,100,0,1,0,0,1),(2791,344,100,0,1,0,0,1),(2792,333,100,0,0,0,0,1),(2793,340,100,0,0,0,0,1),(2794,349,100,0,0,0,0,1),(2795,330,100,0,0,0,0,1),(2796,343,100,0,0,0,0,1),(2797,342,100,0,0,0,0,1),(2798,336,100,0,0,0,0,0),(2799,339,100,3,1,0,0,0),(2800,338,100,1,0,0,0,0),(2801,10,101,0,0,0,0,1),(2802,15,101,0,0,0,0,1),(2803,7,101,0,0,0,0,1),(2804,8,101,0,0,0,0,1),(2805,16,101,0,0,0,0,1),(2806,11,101,3,0,0,0,1),(2807,18,101,0,0,0,0,1),(2808,2,101,0,0,0,0,1),(2809,17,101,0,0,0,0,1),(2810,14,101,0,2,1,0,1),(2811,3,101,0,1,1,0,1),(2812,9,101,0,0,0,0,0),(2813,21,101,0,0,0,0,0),(2814,33,101,0,0,0,0,0),(2815,271,101,3,0,1,0,1),(2816,270,101,0,0,0,0,1),(2817,279,101,0,0,1,0,1),(2818,269,101,0,0,0,0,1),(2819,281,101,0,0,0,0,1),(2820,274,101,0,0,0,0,1),(2821,268,101,0,0,0,0,1),(2822,280,101,0,0,0,0,1),(2823,275,101,0,0,0,0,1),(2824,266,101,0,0,0,1,1),(2825,267,101,0,0,0,1,1),(2826,278,101,0,0,0,0,0),(2827,276,101,0,0,0,0,0),(2828,273,101,1,0,0,0,0),(2829,310,102,0,0,0,0,1),(2830,300,102,0,0,0,0,1),(2831,298,102,0,0,0,0,1),(2832,302,102,0,0,0,0,1),(2833,308,102,3,0,0,0,1),(2834,315,102,0,0,0,0,1),(2835,309,102,0,2,0,0,1),(2836,314,102,0,0,0,0,1),(2837,312,102,0,0,0,0,1),(2838,313,102,0,0,0,0,1),(2839,299,102,0,0,0,0,1),(2840,306,102,0,0,1,0,0),(2841,304,102,0,0,0,0,0),(2842,307,102,0,0,0,0,0),(2843,252,102,0,0,0,0,1),(2844,246,102,0,0,0,0,1),(2845,242,102,3,0,0,0,1),(2846,241,102,0,0,0,0,1),(2847,247,102,0,0,0,0,1),(2848,254,102,0,0,0,0,1),(2849,237,102,0,2,0,0,1),(2850,231,102,0,0,0,0,1),(2851,238,102,0,0,0,0,1),(2852,239,102,0,0,0,0,1),(2853,257,102,0,0,0,0,1),(2854,249,102,0,0,0,0,0),(2855,240,102,0,0,0,0,0),(2856,244,102,0,0,0,0,0),(2857,594,103,0,0,1,0,1),(2858,596,103,0,0,0,0,1),(2859,603,103,1,0,0,0,1),(2860,599,103,0,0,0,0,1),(2861,601,103,0,1,0,0,1),(2862,624,103,0,0,0,0,1),(2863,592,103,0,0,0,0,1),(2864,595,103,0,0,0,0,1),(2865,602,103,0,0,0,0,1),(2866,597,103,0,0,0,0,1),(2867,598,103,0,0,0,0,1),(2868,605,103,0,0,0,0,0),(2869,593,103,0,0,0,0,0),(2870,604,103,0,0,0,0,0),(2871,218,103,0,0,0,0,1),(2872,205,103,0,0,0,0,1),(2873,201,103,0,0,0,0,1),(2874,209,103,0,0,0,0,1),(2875,198,103,0,0,0,0,1),(2876,204,103,0,0,0,0,1),(2877,202,103,0,0,0,0,1),(2878,203,103,0,0,0,0,1),(2879,199,103,0,0,0,0,1),(2880,221,103,0,0,2,0,1),(2881,208,103,0,0,0,0,1),(2882,217,103,0,0,0,0,0),(2883,200,103,0,0,1,0,0),(2884,206,103,0,0,1,0,0),(2885,569,104,0,0,0,0,1),(2886,570,104,0,0,0,0,1),(2887,562,104,0,0,0,0,1),(2888,566,104,0,0,0,0,1),(2889,564,104,0,0,0,0,1),(2890,576,104,0,0,0,0,1),(2891,563,104,0,0,0,0,1),(2892,588,104,0,0,0,0,1),(2893,561,104,0,0,1,0,1),(2894,591,104,0,0,0,0,1),(2895,573,104,0,0,1,0,1),(2896,583,104,0,0,0,0,0),(2897,579,104,0,0,0,0,0),(2898,572,104,0,0,0,0,0),(2899,171,104,3,0,0,0,1),(2900,173,104,0,3,0,0,1),(2901,178,104,0,0,0,0,1),(2902,172,104,0,0,0,0,1),(2903,166,104,0,0,0,0,1),(2904,184,104,0,0,0,0,1),(2905,168,104,0,0,0,0,1),(2906,169,104,0,0,0,0,1),(2907,177,104,0,0,1,0,1),(2908,167,104,0,0,1,0,1),(2909,180,104,0,0,1,0,1),(2910,187,104,0,0,0,0,0),(2911,175,104,0,0,0,0,0),(2912,179,104,0,0,0,0,0),(2913,542,105,0,0,0,0,1),(2914,538,105,0,0,0,0,1),(2915,537,105,0,1,0,0,1),(2916,539,105,0,0,0,0,1),(2917,533,105,0,0,0,0,1),(2918,541,105,0,0,0,0,1),(2919,552,105,0,0,0,0,1),(2920,531,105,0,0,0,0,1),(2921,535,105,0,0,1,0,1),(2922,534,105,0,0,1,0,1),(2923,546,105,0,0,1,0,1),(2924,540,105,0,0,0,0,0),(2925,550,105,3,0,1,0,0),(2926,536,105,0,0,0,0,0),(2927,151,105,0,0,0,0,1),(2928,138,105,0,0,0,0,1),(2929,137,105,0,0,0,0,1),(2930,136,105,0,0,0,0,1),(2931,148,105,0,0,0,0,1),(2932,133,105,0,0,0,0,1),(2933,142,105,0,0,0,0,1),(2934,144,105,0,0,0,0,1),(2935,152,105,0,0,0,0,1),(2936,143,105,1,0,1,0,1),(2937,135,105,0,0,1,0,1),(2938,150,105,0,0,0,0,0),(2939,141,105,0,0,0,0,0),(2940,140,105,0,0,0,0,0),(2941,505,106,0,0,0,0,1),(2942,524,106,4,0,0,0,1),(2943,516,106,0,0,0,0,1),(2944,507,106,0,2,0,0,1),(2945,502,106,0,0,1,0,1),(2946,508,106,0,2,0,0,1),(2947,504,106,0,0,0,0,1),(2948,517,106,0,0,0,0,1),(2949,511,106,0,0,0,0,1),(2950,509,106,0,0,0,0,1),(2951,503,106,0,0,1,0,1),(2952,528,106,1,0,0,0,0),(2953,525,106,0,0,0,0,0),(2954,530,106,0,0,1,0,0),(2955,121,106,0,0,0,0,1),(2956,107,106,3,0,0,0,1),(2957,108,106,0,0,0,0,1),(2958,115,106,0,0,0,0,1),(2959,120,106,0,0,0,0,1),(2960,122,106,0,0,0,0,1),(2961,117,106,0,0,0,0,1),(2962,102,106,0,0,0,0,1),(2963,111,106,0,0,0,0,1),(2964,103,106,0,0,0,0,1),(2965,106,106,0,2,0,0,1),(2966,110,106,0,0,0,0,0),(2967,130,106,0,0,0,0,0),(2968,101,106,0,0,0,0,0),(2969,470,107,0,0,0,0,1),(2970,478,107,2,0,0,0,1),(2971,469,107,0,0,0,0,1),(2972,479,107,1,0,0,0,1),(2973,477,107,1,1,0,0,1),(2974,487,107,0,0,0,0,1),(2975,467,107,0,0,0,0,1),(2976,493,107,0,0,0,0,1),(2977,471,107,0,0,0,0,1),(2978,476,107,0,0,0,0,1),(2979,474,107,0,1,0,0,1),(2980,475,107,0,0,0,0,0),(2981,495,107,0,0,0,0,0),(2982,473,107,0,0,0,0,0),(2983,70,107,0,0,0,0,1),(2984,69,107,0,0,0,0,1),(2985,73,107,0,0,0,0,1),(2986,84,107,0,0,0,0,1),(2987,77,107,0,0,0,0,1),(2988,80,107,0,0,0,0,1),(2989,76,107,0,0,0,0,1),(2990,72,107,0,0,0,0,1),(2991,82,107,0,0,0,0,1),(2992,71,107,0,0,0,0,1),(2993,74,107,0,0,1,0,1),(2994,68,107,0,0,0,0,0),(2995,78,107,0,0,0,0,0),(2996,83,107,0,0,0,0,0),(2997,457,108,0,0,0,0,1),(2998,464,108,0,0,0,0,1),(2999,461,108,0,0,0,0,1),(3000,445,108,0,0,0,0,1),(3001,443,108,0,0,0,0,1),(3002,452,108,0,0,0,0,1),(3003,450,108,0,0,0,0,1),(3004,455,108,0,0,0,0,1),(3005,451,108,0,0,0,0,1),(3006,448,108,0,0,1,0,1),(3007,446,108,0,0,1,0,1),(3008,462,108,0,0,0,0,0),(3009,456,108,0,0,0,0,0),(3010,454,108,0,0,0,0,0),(3011,35,108,0,0,0,0,1),(3012,38,108,0,0,0,0,1),(3013,40,108,1,0,1,0,1),(3014,43,108,0,0,0,0,1),(3015,34,108,0,0,0,0,1),(3016,50,108,0,0,0,0,1),(3017,42,108,0,0,0,0,1),(3018,47,108,0,0,0,0,1),(3019,49,108,0,0,0,0,1),(3020,44,108,0,0,0,0,1),(3021,56,108,1,0,1,1,1),(3022,46,108,0,0,0,0,0),(3023,36,108,0,0,0,0,0),(3024,45,108,0,0,0,1,0),(3025,424,109,0,0,0,0,1),(3026,427,109,1,0,0,0,1),(3027,418,109,0,0,0,0,1),(3028,417,109,0,0,0,0,1),(3029,421,109,0,0,0,0,1),(3030,428,109,3,0,0,0,1),(3031,420,109,0,1,0,0,1),(3032,430,109,0,0,0,0,1),(3033,415,109,0,0,0,0,1),(3034,429,109,0,0,0,0,1),(3035,416,109,0,0,2,0,1),(3036,436,109,0,0,0,0,0),(3037,426,109,0,0,0,0,0),(3038,435,109,0,0,0,0,0),(3039,345,109,0,0,0,0,1),(3040,331,109,0,0,0,0,1),(3041,336,109,0,1,0,0,1),(3042,349,109,0,0,0,0,1),(3043,348,109,0,0,0,0,1),(3044,330,109,0,0,0,0,1),(3045,333,109,0,0,0,0,1),(3046,340,109,0,0,0,0,1),(3047,334,109,0,0,0,0,1),(3048,343,109,0,0,0,0,1),(3049,339,109,2,0,0,0,1),(3050,338,109,0,0,0,0,0),(3051,351,109,0,0,0,0,0),(3052,350,109,0,0,0,0,0),(3053,396,110,0,0,0,0,1),(3054,406,110,0,0,0,0,1),(3055,402,110,0,0,0,0,1),(3056,414,110,0,0,0,0,1),(3057,391,110,0,1,1,0,1),(3058,390,110,0,0,0,0,1),(3059,409,110,2,0,0,0,1),(3060,399,110,0,0,0,0,1),(3061,394,110,0,0,0,0,1),(3062,397,110,0,0,0,0,1),(3063,393,110,0,0,1,0,1),(3064,407,110,0,0,0,0,0),(3065,401,110,0,0,0,0,0),(3066,411,110,0,0,0,0,0),(3067,368,110,0,0,0,0,1),(3068,376,110,0,0,0,0,1),(3069,382,110,0,0,0,0,1),(3070,373,110,0,0,0,0,1),(3071,365,110,0,2,0,0,1),(3072,388,110,2,0,0,0,1),(3073,387,110,1,0,0,0,1),(3074,370,110,0,0,0,0,1),(3075,363,110,0,0,0,0,1),(3076,367,110,0,0,1,0,1),(3077,364,110,0,0,2,0,1),(3078,371,110,0,0,0,0,0),(3079,379,110,0,0,0,0,0),(3080,383,110,0,0,0,0,0),(3081,14,111,0,0,0,0,1),(3082,8,111,0,0,0,0,1),(3083,9,111,0,0,0,0,1),(3084,4,111,0,0,0,0,1),(3085,10,111,0,0,0,0,1),(3086,3,111,0,0,0,0,1),(3087,15,111,0,0,0,0,1),(3088,1,111,0,0,0,0,1),(3089,11,111,2,0,1,0,1),(3090,17,111,0,0,1,0,1),(3091,2,111,0,0,1,0,1),(3092,33,111,0,0,0,0,0),(3093,22,111,0,0,0,0,0),(3094,6,111,0,0,0,0,0),(3095,241,111,2,0,0,0,1),(3096,238,111,0,0,0,0,1),(3097,245,111,0,0,0,0,1),(3098,244,111,0,0,0,0,1),(3099,231,111,0,0,0,0,1),(3100,235,111,0,0,0,0,1),(3101,240,111,0,0,0,0,1),(3102,246,111,0,0,0,0,1),(3103,233,111,0,0,1,0,1),(3104,237,111,0,0,1,0,1),(3105,252,111,0,0,1,0,1),(3106,249,111,0,0,0,0,0),(3107,262,111,0,2,0,0,0),(3108,250,111,0,0,0,0,0),(3109,277,112,0,0,0,0,1),(3110,264,112,0,0,0,0,1),(3111,269,112,0,0,0,0,1),(3112,272,112,0,1,0,0,1),(3113,280,112,0,0,0,0,1),(3114,288,112,0,0,0,0,1),(3115,265,112,0,0,0,0,1),(3116,278,112,0,1,0,0,1),(3117,279,112,0,0,2,0,1),(3118,268,112,0,0,1,0,1),(3119,274,112,4,0,1,0,1),(3120,276,112,0,0,0,0,0),(3121,270,112,0,0,0,0,0),(3122,285,112,0,0,0,0,0),(3123,229,112,2,0,0,0,1),(3124,225,112,0,0,0,0,1),(3125,202,112,0,0,0,0,1),(3126,208,112,0,0,0,0,1),(3127,215,112,0,0,0,0,1),(3128,205,112,0,2,0,0,1),(3129,204,112,0,0,0,0,1),(3130,201,112,0,0,0,0,1),(3131,199,112,0,0,0,0,1),(3132,203,112,0,0,0,0,1),(3133,218,112,1,0,0,1,1),(3134,210,112,1,2,0,0,0),(3135,209,112,0,0,0,0,0),(3136,198,112,0,0,0,0,0),(3137,315,113,0,0,1,0,1),(3138,307,113,0,0,0,0,1),(3139,311,113,0,0,0,0,1),(3140,310,113,0,1,0,0,1),(3141,300,113,0,0,0,0,1),(3142,297,113,0,0,0,0,1),(3143,302,113,0,0,0,0,1),(3144,303,113,0,0,0,0,1),(3145,309,113,3,0,0,0,1),(3146,305,113,0,0,0,0,1),(3147,312,113,0,0,1,0,1),(3148,298,113,0,0,0,0,0),(3149,318,113,0,0,0,0,0),(3150,299,113,0,0,0,0,0),(3151,174,113,0,0,0,0,1),(3152,169,113,0,0,0,0,1),(3153,181,113,0,0,0,0,1),(3154,184,113,0,0,1,0,1),(3155,177,113,0,0,0,0,1),(3156,173,113,0,0,0,0,1),(3157,171,113,0,0,0,0,1),(3158,180,113,0,2,0,0,1),(3159,183,113,0,0,0,0,1),(3160,170,113,0,2,0,0,1),(3161,172,113,0,0,1,0,1),(3162,168,113,0,0,0,0,0),(3163,186,113,4,0,1,0,0),(3164,178,113,0,0,0,0,0),(3165,602,114,0,2,0,0,1),(3166,593,114,0,0,0,0,1),(3167,594,114,0,0,0,0,1),(3168,603,114,0,0,0,0,1),(3169,599,114,0,0,0,0,1),(3170,595,114,0,0,0,0,1),(3171,624,114,0,0,0,0,1),(3172,608,114,0,0,0,0,1),(3173,592,114,0,0,0,0,1),(3174,615,114,0,0,1,0,1),(3175,600,114,0,0,1,0,1),(3176,597,114,0,0,0,0,0),(3177,601,114,0,0,0,0,0),(3178,610,114,2,0,0,0,0),(3179,141,114,0,0,0,0,1),(3180,148,114,0,0,0,0,1),(3181,152,114,0,0,0,0,1),(3182,142,114,0,0,0,0,1),(3183,151,114,0,0,0,0,1),(3184,143,114,0,1,0,0,1),(3185,138,114,0,0,0,0,1),(3186,133,114,0,0,0,0,1),(3187,144,114,4,0,1,0,1),(3188,135,114,0,0,1,0,1),(3189,149,114,0,0,1,0,1),(3190,140,114,0,0,0,0,0),(3191,145,114,0,0,0,0,0),(3192,146,114,0,0,1,0,0),(3193,567,115,0,0,0,0,1),(3194,575,115,0,0,0,0,1),(3195,561,115,0,0,0,0,1),(3196,577,115,0,0,0,0,1),(3197,568,115,0,0,0,0,1),(3198,573,115,0,0,0,0,1),(3199,563,115,0,0,0,0,1),(3200,566,115,0,0,0,1,1),(3201,569,115,1,0,0,0,1),(3202,562,115,0,0,0,0,1),(3203,576,115,0,0,0,1,1),(3204,579,115,0,0,0,0,0),(3205,572,115,0,0,0,0,0),(3206,591,115,0,0,0,0,0),(3207,110,115,0,0,0,0,1),(3208,121,115,0,1,1,0,1),(3209,113,115,0,0,0,0,1),(3210,102,115,0,0,0,0,1),(3211,111,115,0,0,0,0,1),(3212,106,115,0,0,0,0,1),(3213,100,115,0,0,0,0,1),(3214,107,115,0,0,0,0,1),(3215,103,115,0,0,0,0,1),(3216,120,115,2,0,0,0,1),(3217,114,115,0,0,1,0,1),(3218,109,115,0,0,0,0,0),(3219,130,115,0,0,0,0,0),(3220,115,115,0,0,0,0,0),(3221,533,116,0,0,0,0,1),(3222,537,116,0,0,0,0,1),(3223,541,116,0,0,0,0,1),(3224,539,116,0,0,0,0,1),(3225,531,116,0,0,0,0,1),(3226,544,116,0,0,0,0,1),(3227,536,116,0,2,0,0,1),(3228,534,116,0,0,0,0,1),(3229,546,116,0,0,1,0,1),(3230,532,116,0,0,1,0,1),(3231,540,116,2,0,1,0,1),(3232,550,116,0,0,0,0,0),(3233,542,116,0,0,0,0,0),(3234,553,116,0,0,0,0,0),(3235,76,116,0,0,0,0,1),(3236,74,116,0,0,1,0,1),(3237,72,116,0,0,0,0,1),(3238,86,116,0,0,0,0,1),(3239,67,116,0,0,0,0,1),(3240,75,116,0,0,0,0,1),(3241,71,116,0,0,1,1,1),(3242,82,116,0,0,0,0,1),(3243,68,116,0,0,0,0,1),(3244,73,116,0,0,0,0,1),(3245,70,116,0,0,0,1,1),(3246,85,116,0,0,0,0,0),(3247,81,116,0,0,1,0,0),(3248,77,116,0,0,1,0,0),(3249,501,117,0,0,0,0,1),(3250,504,117,0,0,0,0,1),(3251,508,117,0,0,0,0,1),(3252,516,117,0,0,0,0,1),(3253,502,117,1,0,0,0,1),(3254,511,117,0,1,0,0,1),(3255,500,117,0,0,0,0,1),(3256,506,117,0,0,0,0,1),(3257,523,117,0,0,0,0,1),(3258,509,117,0,0,0,0,1),(3259,510,117,0,0,0,0,1),(3260,524,117,0,0,0,0,0),(3261,505,117,0,0,0,0,0),(3262,507,117,0,0,0,0,0),(3263,36,117,0,0,2,0,1),(3264,40,117,1,0,0,0,1),(3265,49,117,0,0,0,0,1),(3266,42,117,0,0,0,0,1),(3267,38,117,0,0,0,0,1),(3268,34,117,0,0,0,0,1),(3269,35,117,0,0,0,0,1),(3270,50,117,0,0,0,1,1),(3271,47,117,1,0,0,1,1),(3272,44,117,0,0,0,0,1),(3273,43,117,0,0,0,0,1),(3274,60,117,0,0,0,0,0),(3275,66,117,0,0,0,0,0),(3276,52,117,0,0,0,0,0),(3277,470,118,0,0,0,0,1),(3278,477,118,0,0,0,0,1),(3279,475,118,0,0,0,0,1),(3280,471,118,2,0,0,0,1),(3281,473,118,0,0,0,0,1),(3282,479,118,0,0,0,0,1),(3283,467,118,0,0,0,0,1),(3284,469,118,0,0,0,0,1),(3285,468,118,0,0,0,0,1),(3286,478,118,0,0,1,0,1),(3287,476,118,0,1,1,0,1),(3288,483,118,0,0,0,0,0),(3289,487,118,0,0,0,0,0),(3290,491,118,0,0,0,0,0),(3291,331,118,0,0,0,0,1),(3292,332,118,0,0,0,0,1),(3293,338,118,0,0,0,0,1),(3294,346,118,0,0,0,0,1),(3295,335,118,0,0,0,0,1),(3296,350,118,0,0,0,0,1),(3297,336,118,0,0,0,0,1),(3298,347,118,0,0,0,0,1),(3299,333,118,0,0,1,0,1),(3300,343,118,1,0,1,0,1),(3301,348,118,0,0,1,0,1),(3302,342,118,0,0,0,0,0),(3303,340,118,0,0,0,0,0),(3304,349,118,0,0,1,0,0),(3305,464,119,0,0,0,0,1),(3306,452,119,0,1,0,0,1),(3307,445,119,0,0,0,0,1),(3308,457,119,0,0,0,0,1),(3309,450,119,0,0,0,0,1),(3310,455,119,2,0,0,0,1),(3311,446,119,0,0,0,0,1),(3312,448,119,0,0,0,0,1),(3313,466,119,0,0,0,0,1),(3314,449,119,0,1,0,0,1),(3315,460,119,0,0,0,0,1),(3316,458,119,0,0,0,0,0),(3317,456,119,0,0,0,0,0),(3318,454,119,0,0,0,0,0),(3319,368,119,0,0,0,0,1),(3320,373,119,0,0,0,0,1),(3321,371,119,0,0,0,0,1),(3322,382,119,0,0,0,0,1),(3323,377,119,0,0,1,0,1),(3324,380,119,0,0,0,0,1),(3325,370,119,1,0,0,0,1),(3326,376,119,0,0,0,0,1),(3327,367,119,0,0,0,0,1),(3328,365,119,0,0,0,0,1),(3329,378,119,0,0,1,0,1),(3330,387,119,0,0,0,0,0),(3331,375,119,0,1,0,0,0),(3332,383,119,0,0,0,0,0),(3333,419,120,0,0,0,0,1),(3334,424,120,0,0,0,0,1),(3335,433,120,0,0,0,0,1),(3336,429,120,0,0,0,0,1),(3337,431,120,0,0,0,0,1),(3338,428,120,0,0,0,0,1),(3339,418,120,0,0,0,0,1),(3340,415,120,0,0,0,0,1),(3341,423,120,0,0,0,0,1),(3342,420,120,0,0,1,0,1),(3343,430,120,3,0,1,0,1),(3344,422,120,0,0,1,0,0),(3345,425,120,0,0,0,0,0),(3346,421,120,0,0,0,0,0),(3347,396,120,0,0,0,0,1),(3348,400,120,0,0,0,0,1),(3349,399,120,0,0,0,0,1),(3350,407,120,0,0,0,0,1),(3351,414,120,0,0,0,0,1),(3352,408,120,0,0,0,0,1),(3353,391,120,0,0,0,0,1),(3354,395,120,0,0,0,0,1),(3355,403,120,0,0,1,0,1),(3356,397,120,0,0,1,0,1),(3357,392,120,0,0,1,0,1),(3358,402,120,0,0,0,0,0),(3359,398,120,0,0,0,0,0),(3360,394,120,0,0,0,0,0),(3361,3,121,0,0,0,0,1),(3362,14,121,0,0,0,0,1),(3363,6,121,0,0,0,0,1),(3364,15,121,0,0,0,0,1),(3365,16,121,0,0,0,0,1),(3366,11,121,0,0,0,0,1),(3367,18,121,0,0,0,0,1),(3368,13,121,0,0,0,0,1),(3369,7,121,0,0,0,0,1),(3370,2,121,0,0,0,0,1),(3371,4,121,0,0,0,0,1),(3372,8,121,0,0,0,0,0),(3373,21,121,0,0,0,0,0),(3374,10,121,2,0,0,0,0),(3375,208,121,2,0,0,0,1),(3376,209,121,0,0,0,0,1),(3377,203,121,0,0,0,0,1),(3378,199,121,0,0,0,0,1),(3379,218,121,0,0,0,0,1),(3380,198,121,0,0,0,0,1),(3381,221,121,0,0,0,0,1),(3382,205,121,0,0,0,0,1),(3383,200,121,0,0,1,1,1),(3384,201,121,0,0,0,0,1),(3385,204,121,0,0,0,0,1),(3386,213,121,0,0,0,0,0),(3387,202,121,0,0,1,0,0),(3388,210,121,0,0,0,0,0),(3389,236,122,0,1,0,0,1),(3390,235,122,0,0,0,0,1),(3391,253,122,0,0,0,0,1),(3392,257,122,0,0,0,0,1),(3393,239,122,3,0,0,0,1),(3394,237,122,0,0,0,0,1),(3395,252,122,0,0,0,0,1),(3396,241,122,0,0,0,0,1),(3397,231,122,0,0,0,0,1),(3398,246,122,0,0,0,1,1),(3399,233,122,0,0,0,1,1),(3400,238,122,0,0,0,0,0),(3401,240,122,0,0,0,0,0),(3402,244,122,0,0,0,0,0),(3403,181,122,0,0,0,0,1),(3404,178,122,0,0,0,0,1),(3405,172,122,0,0,0,0,1),(3406,179,122,0,0,0,0,1),(3407,168,122,0,0,0,0,1),(3408,175,122,0,0,0,0,1),(3409,167,122,0,0,0,0,1),(3410,177,122,0,0,0,0,1),(3411,180,122,0,0,0,0,1),(3412,166,122,0,0,0,0,1),(3413,170,122,0,0,0,0,1),(3414,184,122,0,0,0,0,0),(3415,190,122,0,0,0,0,0),(3416,173,122,0,0,0,0,0),(3417,265,123,0,0,0,0,1),(3418,286,123,0,1,0,0,1),(3419,273,123,0,0,0,0,1),(3420,272,123,0,0,0,0,1),(3421,270,123,0,0,0,0,1),(3422,271,123,0,0,0,0,1),(3423,268,123,0,0,0,0,1),(3424,264,123,0,0,0,0,1),(3425,283,123,0,0,0,0,1),(3426,267,123,0,0,1,1,1),(3427,278,123,3,1,0,1,1),(3428,285,123,0,0,0,0,0),(3429,275,123,1,1,0,0,0),(3430,274,123,0,0,0,0,0),(3431,137,123,0,0,0,0,1),(3432,149,123,0,0,0,0,1),(3433,136,123,0,0,0,0,1),(3434,138,123,0,0,0,0,1),(3435,152,123,0,0,0,0,1),(3436,151,123,0,0,0,0,1),(3437,144,123,0,0,0,0,1),(3438,133,123,0,0,0,0,1),(3439,143,123,0,0,1,0,1),(3440,142,123,0,0,1,0,1),(3441,146,123,0,0,0,0,0),(3442,134,123,0,0,0,0,0),(3443,140,123,0,0,0,0,0),(3444,148,123,0,0,0,0,0),(3445,312,124,1,0,0,0,1),(3446,300,124,0,0,0,0,1),(3447,301,124,0,0,0,0,1),(3448,315,124,0,0,0,0,1),(3449,305,124,0,0,0,0,1),(3450,306,124,0,0,0,0,1),(3451,302,124,0,0,0,0,1),(3452,309,124,0,1,0,0,1),(3453,314,124,0,0,0,0,1),(3454,303,124,1,1,0,0,1),(3455,311,124,0,0,1,0,1),(3456,324,124,0,0,0,0,0),(3457,299,124,0,0,0,0,0),(3458,310,124,0,0,0,0,0),(3459,106,124,0,0,0,0,1),(3460,120,124,0,0,0,0,1),(3461,121,124,0,0,0,0,1),(3462,113,124,0,0,0,0,1),(3463,102,124,0,0,0,0,1),(3464,101,124,0,0,0,0,1),(3465,100,124,0,0,0,0,1),(3466,103,124,0,0,0,0,1),(3467,110,124,1,0,1,0,1),(3468,112,124,0,0,1,0,1),(3469,111,124,0,0,1,0,1),(3470,105,124,0,0,0,0,0),(3471,109,124,0,0,0,0,0),(3472,122,124,0,0,1,0,0),(3473,608,125,0,0,0,0,1),(3474,603,125,1,0,0,0,1),(3475,599,125,0,0,0,0,1),(3476,600,125,0,0,0,0,1),(3477,597,125,0,0,0,0,1),(3478,601,125,0,0,0,0,1),(3479,595,125,0,0,0,0,1),(3480,624,125,0,0,0,0,1),(3481,592,125,0,0,0,0,1),(3482,593,125,0,0,1,0,1),(3483,594,125,0,0,1,0,1),(3484,604,125,0,0,0,0,0),(3485,616,125,0,0,0,0,0),(3486,610,125,0,0,0,0,0),(3487,81,125,0,0,0,0,1),(3488,85,125,0,0,0,0,1),(3489,87,125,0,0,0,0,1),(3490,73,125,0,0,0,0,1),(3491,97,125,0,0,0,0,1),(3492,93,125,0,0,0,0,1),(3493,72,125,0,1,0,0,1),(3494,69,125,0,0,0,0,1),(3495,77,125,0,0,0,0,1),(3496,82,125,0,0,1,0,1),(3497,68,125,1,0,2,0,1),(3498,78,125,0,0,0,0,0),(3499,86,125,2,0,1,0,0),(3500,74,125,0,0,0,0,0),(3501,561,126,0,0,0,0,1),(3502,578,126,0,0,0,0,1),(3503,562,126,0,0,0,0,1),(3504,575,126,0,0,0,0,1),(3505,591,126,0,0,0,0,1),(3506,564,126,0,0,0,0,1),(3507,560,126,0,0,0,0,1),(3508,573,126,0,0,0,0,1),(3509,571,126,0,0,0,0,1),(3510,570,126,0,0,0,0,1),(3511,567,126,0,0,0,0,1),(3512,579,126,0,0,0,0,0),(3513,565,126,0,0,0,0,0),(3514,568,126,1,0,0,0,0),(3515,55,126,0,0,0,0,1),(3516,42,126,0,0,0,0,1),(3517,35,126,0,0,0,0,1),(3518,43,126,0,0,0,0,1),(3519,46,126,0,0,0,0,1),(3520,41,126,0,0,0,0,1),(3521,45,126,1,0,0,0,1),(3522,64,126,0,0,0,0,1),(3523,39,126,0,0,0,0,1),(3524,52,126,0,1,0,0,1),(3525,34,126,0,0,0,0,1),(3526,49,126,0,0,0,0,0),(3527,48,126,0,0,0,0,0),(3528,66,126,0,0,0,0,0),(3529,533,127,0,0,0,0,1),(3530,550,127,3,1,0,0,1),(3531,547,127,0,0,0,0,1),(3532,546,127,0,0,0,0,1),(3533,535,127,0,0,0,0,1),(3534,539,127,0,0,0,0,1),(3535,532,127,0,0,0,0,1),(3536,542,127,0,0,0,1,1),(3537,548,127,0,0,0,0,1),(3538,552,127,0,1,0,0,1),(3539,536,127,1,0,0,1,1),(3540,553,127,0,0,0,0,0),(3541,537,127,0,0,0,0,0),(3542,543,127,0,0,0,0,0),(3543,338,127,0,0,0,0,1),(3544,333,127,0,0,0,0,1),(3545,339,127,3,0,0,0,1),(3546,343,127,0,0,0,0,1),(3547,340,127,0,2,0,0,1),(3548,344,127,0,0,0,0,1),(3549,336,127,0,0,0,0,1),(3550,334,127,0,0,0,0,1),(3551,332,127,0,0,0,1,1),(3552,347,127,0,0,0,0,1),(3553,331,127,0,0,0,1,1),(3554,351,127,0,0,0,0,0),(3555,350,127,0,0,0,0,0),(3556,348,127,0,0,0,0,0),(3557,503,128,0,0,0,0,1),(3558,505,128,0,0,0,0,1),(3559,510,128,0,0,0,0,1),(3560,516,128,0,0,0,0,1),(3561,504,128,0,0,0,0,1),(3562,500,128,0,0,0,0,1),(3563,507,128,0,0,0,0,1),(3564,512,128,0,0,0,0,1),(3565,525,128,1,0,0,0,1),(3566,522,128,0,0,0,0,1),(3567,508,128,0,0,1,0,1),(3568,511,128,0,0,0,0,0),(3569,523,128,0,0,0,0,0),(3570,501,128,0,0,0,0,0),(3571,367,128,0,0,0,0,1),(3572,365,128,0,0,0,0,1),(3573,376,128,0,0,0,0,1),(3574,369,128,0,0,0,0,1),(3575,364,128,0,0,0,0,1),(3576,371,128,0,0,0,0,1),(3577,370,128,0,0,0,0,1),(3578,378,128,0,0,0,0,1),(3579,368,128,0,2,0,0,1),(3580,363,128,0,0,0,0,1),(3581,387,128,2,0,0,0,1),(3582,377,128,0,0,0,0,0),(3583,374,128,0,0,0,0,0),(3584,373,128,0,0,0,0,0),(3585,477,129,2,0,0,0,1),(3586,471,129,0,0,0,0,1),(3587,472,129,0,0,0,0,1),(3588,476,129,1,0,0,0,1),(3589,474,129,0,0,0,0,1),(3590,493,129,0,0,0,0,1),(3591,495,129,0,0,0,0,1),(3592,487,129,0,0,0,0,1),(3593,483,129,0,0,0,0,1),(3594,489,129,0,0,0,0,1),(3595,478,129,1,0,1,0,1),(3596,473,129,0,0,0,0,0),(3597,469,129,0,0,2,0,0),(3598,479,129,0,1,0,0,0),(3599,399,129,0,0,0,0,1),(3600,394,129,0,3,0,0,1),(3601,391,129,0,0,0,0,1),(3602,392,129,0,0,0,0,1),(3603,397,129,0,0,0,0,1),(3604,403,129,0,0,0,0,1),(3605,409,129,0,0,0,0,1),(3606,407,129,0,0,0,0,1),(3607,396,129,0,0,0,0,1),(3608,393,129,0,0,0,0,1),(3609,395,129,0,0,1,0,1),(3610,408,129,3,0,1,0,0),(3611,401,129,0,0,0,0,0),(3612,404,129,0,0,1,0,0),(3613,452,130,0,0,0,0,1),(3614,458,130,0,1,0,0,1),(3615,457,130,0,0,0,0,1),(3616,449,130,0,0,0,0,1),(3617,461,130,0,0,0,0,1),(3618,446,130,0,0,0,0,1),(3619,455,130,0,0,0,0,1),(3620,443,130,0,0,0,0,1),(3621,450,130,0,0,0,0,1),(3622,466,130,0,0,0,0,1),(3623,445,130,0,0,1,0,1),(3624,456,130,0,0,0,0,0),(3625,454,130,1,0,0,0,0),(3626,451,130,1,0,0,0,0),(3627,416,130,0,0,1,0,1),(3628,436,130,0,0,0,0,1),(3629,420,130,0,0,0,0,1),(3630,421,130,0,1,0,0,1),(3631,428,130,0,0,0,0,1),(3632,429,130,0,0,0,0,1),(3633,442,130,0,0,0,0,1),(3634,425,130,0,0,0,0,1),(3635,415,130,0,0,0,0,1),(3636,418,130,0,0,0,0,1),(3637,419,130,0,0,0,0,1),(3638,426,130,0,0,0,0,0),(3639,422,130,1,0,0,0,0),(3640,431,130,0,0,0,1,0),(3641,6,131,0,0,0,0,1),(3642,11,131,0,0,0,0,1),(3643,4,131,0,0,0,0,1),(3644,15,131,0,0,0,0,1),(3645,3,131,0,0,0,0,1),(3646,18,131,0,0,0,0,1),(3647,2,131,0,0,0,0,1),(3648,7,131,0,0,0,0,1),(3649,8,131,0,0,0,0,1),(3650,13,131,0,0,0,0,1),(3651,16,131,0,0,0,0,1),(3652,10,131,0,0,0,0,0),(3653,12,131,0,0,0,0,0),(3654,17,131,0,0,0,0,0),(3655,181,131,0,0,1,0,1),(3656,167,131,0,0,0,0,1),(3657,175,131,0,0,0,0,1),(3658,171,131,1,0,0,0,1),(3659,180,131,0,0,0,0,1),(3660,190,131,0,0,0,0,1),(3661,178,131,0,0,0,0,1),(3662,169,131,0,0,0,0,1),(3663,166,131,0,0,0,0,1),(3664,179,131,0,1,0,0,1),(3665,168,131,0,0,0,1,1),(3666,174,131,0,0,0,0,0),(3667,172,131,1,0,1,0,0),(3668,176,131,0,0,1,0,0),(3669,221,132,0,0,1,0,1),(3670,208,132,0,0,0,0,1),(3671,206,132,0,0,0,0,1),(3672,201,132,0,0,0,0,1),(3673,222,132,0,0,0,0,1),(3674,218,132,0,0,0,0,1),(3675,203,132,0,0,0,0,1),(3676,220,132,0,0,0,0,1),(3677,215,132,0,0,0,0,1),(3678,202,132,0,0,1,0,1),(3679,209,132,0,0,1,0,1),(3680,217,132,0,0,0,0,0),(3681,205,132,0,0,0,0,0),(3682,207,132,0,0,0,0,0),(3683,151,132,0,0,0,0,1),(3684,136,132,0,0,0,0,1),(3685,133,132,0,0,0,0,1),(3686,149,132,0,0,0,0,1),(3687,143,132,0,0,0,0,1),(3688,152,132,0,0,0,0,1),(3689,138,132,0,0,0,0,1),(3690,141,132,0,1,1,0,1),(3691,135,132,0,0,1,0,1),(3692,137,132,0,0,0,0,1),(3693,144,132,2,0,1,0,1),(3694,146,132,0,0,0,0,0),(3695,145,132,0,0,0,0,0),(3696,142,132,0,0,0,0,0),(3697,235,133,0,0,0,0,1),(3698,252,133,0,0,0,0,1),(3699,236,133,0,0,0,0,1),(3700,254,133,0,0,0,0,1),(3701,238,133,0,0,0,0,1),(3702,231,133,0,0,0,0,1),(3703,242,133,0,0,0,0,1),(3704,262,133,0,0,0,0,1),(3705,253,133,0,0,0,0,1),(3706,239,133,1,0,1,0,1),(3707,237,133,0,1,1,0,1),(3708,241,133,0,0,0,0,0),(3709,244,133,0,0,0,0,0),(3710,243,133,0,0,0,0,0),(3711,113,133,0,0,0,0,1),(3712,106,133,0,0,0,0,1),(3713,103,133,0,0,0,0,1),(3714,114,133,0,0,0,0,1),(3715,109,133,0,0,0,0,1),(3716,100,133,0,0,0,0,1),(3717,121,133,0,0,0,0,1),(3718,110,133,0,0,0,0,1),(3719,115,133,0,0,2,0,1),(3720,105,133,0,0,1,0,1),(3721,102,133,0,0,1,0,1),(3722,108,133,0,0,0,0,0),(3723,107,133,0,0,0,0,0),(3724,122,133,0,0,0,0,0),(3725,268,134,0,0,0,0,1),(3726,276,134,0,0,0,0,1),(3727,271,134,0,0,0,0,1),(3728,269,134,0,0,0,0,1),(3729,265,134,0,0,0,0,1),(3730,272,134,0,0,0,0,1),(3731,279,134,0,0,0,0,1),(3732,277,134,0,0,0,0,1),(3733,264,134,0,0,0,0,1),(3734,266,134,0,0,0,0,1),(3735,280,134,0,0,0,0,1),(3736,270,134,0,0,0,0,0),(3737,273,134,0,0,0,0,0),(3738,274,134,1,0,0,0,0),(3739,76,134,0,0,0,0,1),(3740,83,134,0,0,0,0,1),(3741,81,134,0,0,0,0,1),(3742,77,134,0,0,0,0,1),(3743,86,134,0,0,0,0,1),(3744,70,134,0,0,0,0,1),(3745,74,134,0,0,0,0,1),(3746,82,134,2,0,0,0,1),(3747,67,134,0,0,0,0,1),(3748,72,134,0,0,0,0,1),(3749,80,134,0,2,0,0,1),(3750,88,134,0,0,0,0,0),(3751,75,134,0,0,0,0,0),(3752,78,134,0,0,0,0,0),(3753,311,135,0,0,0,0,1),(3754,310,135,0,0,0,0,1),(3755,306,135,2,0,0,0,1),(3756,312,135,0,0,0,0,1),(3757,305,135,0,0,0,0,1),(3758,309,135,0,0,0,0,1),(3759,303,135,0,0,0,0,1),(3760,299,135,0,0,0,0,1),(3761,316,135,0,0,0,0,1),(3762,300,135,0,0,0,0,1),(3763,297,135,0,0,0,0,1),(3764,307,135,0,0,0,0,0),(3765,315,135,0,0,0,0,0),(3766,318,135,0,0,0,0,0),(3767,56,135,0,0,0,0,1),(3768,47,135,0,0,0,0,1),(3769,38,135,0,0,0,0,1),(3770,49,135,0,0,1,0,1),(3771,40,135,0,0,0,0,1),(3772,42,135,0,2,0,0,1),(3773,35,135,0,0,0,0,1),(3774,50,135,0,0,0,0,1),(3775,34,135,0,0,0,0,1),(3776,45,135,3,0,0,0,1),(3777,41,135,1,0,0,0,1),(3778,52,135,0,0,0,0,0),(3779,60,135,0,0,0,0,0),(3780,46,135,0,0,0,1,0),(3781,608,136,0,0,0,0,1),(3782,599,136,0,0,0,0,1),(3783,609,136,0,0,0,0,1),(3784,594,136,0,0,0,0,1),(3785,602,136,0,0,0,0,1),(3786,596,136,0,0,0,0,1),(3787,603,136,0,0,0,0,1),(3788,597,136,1,0,1,0,1),(3789,593,136,0,0,0,0,1),(3790,600,136,2,1,1,0,1),(3791,624,136,0,0,2,0,1),(3792,601,136,0,0,0,0,0),(3793,604,136,0,0,0,0,0),(3794,607,136,0,0,0,0,0),(3795,344,136,0,0,1,0,1),(3796,343,136,0,1,1,0,1),(3797,333,136,0,0,1,0,1),(3798,335,136,0,1,0,0,1),(3799,350,136,0,0,0,0,1),(3800,345,136,0,0,0,0,1),(3801,338,136,0,0,1,0,1),(3802,340,136,0,0,0,0,1),(3803,348,136,0,0,0,0,1),(3804,334,136,0,0,0,0,1),(3805,330,136,0,0,0,0,1),(3806,336,136,0,0,0,0,0),(3807,339,136,3,0,0,1,0),(3808,342,136,0,0,0,0,0),(3809,589,137,0,0,0,0,1),(3810,570,137,0,0,0,0,1),(3811,591,137,0,0,0,0,1),(3812,561,137,0,0,0,0,1),(3813,565,137,0,0,0,0,1),(3814,560,137,0,0,0,0,1),(3815,562,137,0,0,0,0,1),(3816,564,137,0,0,0,0,1),(3817,573,137,0,0,0,0,1),(3818,568,137,0,0,0,0,1),(3819,563,137,0,0,0,1,1),(3820,571,137,0,0,0,0,0),(3821,578,137,0,0,0,0,0),(3822,566,137,0,0,0,0,0),(3823,378,137,1,1,2,0,1),(3824,368,137,1,1,0,0,1),(3825,382,137,0,0,1,0,1),(3826,367,137,0,0,0,0,1),(3827,373,137,0,0,0,0,1),(3828,376,137,0,0,0,0,1),(3829,364,137,0,0,0,0,1),(3830,379,137,0,0,0,0,1),(3831,380,137,0,0,0,0,1),(3832,371,137,0,0,0,0,1),(3833,369,137,0,0,0,0,1),(3834,388,137,0,0,0,0,0),(3835,370,137,0,0,0,0,0),(3836,372,137,0,0,0,1,0),(3837,546,138,0,0,0,0,1),(3838,532,138,0,0,0,0,1),(3839,550,138,0,0,0,0,1),(3840,535,138,0,0,0,0,1),(3841,540,138,0,0,0,0,1),(3842,553,138,0,0,0,0,1),(3843,544,138,0,0,0,0,1),(3844,539,138,0,0,0,0,1),(3845,552,138,0,0,0,0,1),(3846,534,138,0,0,0,0,1),(3847,531,138,0,0,0,0,1),(3848,538,138,0,0,0,0,0),(3849,555,138,0,0,0,0,0),(3850,541,138,0,0,0,0,0),(3851,397,138,0,0,0,0,1),(3852,409,138,1,1,0,0,1),(3853,412,138,0,0,1,0,1),(3854,392,138,0,1,0,0,1),(3855,396,138,0,0,0,0,1),(3856,403,138,0,0,0,0,1),(3857,399,138,0,1,0,0,1),(3858,407,138,0,0,0,0,1),(3859,393,138,0,0,0,0,1),(3860,414,138,0,0,0,0,1),(3861,398,138,0,0,0,0,1),(3862,401,138,0,0,0,0,0),(3863,390,138,0,0,0,0,0),(3864,408,138,2,0,0,0,0),(3865,502,139,0,0,0,0,1),(3866,507,139,0,0,0,0,1),(3867,505,139,0,1,0,0,1),(3868,511,139,0,0,0,0,1),(3869,517,139,0,0,0,0,1),(3870,510,139,1,0,0,0,1),(3871,516,139,0,0,0,0,1),(3872,504,139,0,0,0,0,1),(3873,506,139,0,0,0,0,1),(3874,501,139,0,0,0,0,1),(3875,509,139,0,0,1,0,1),(3876,508,139,0,0,0,0,0),(3877,512,139,0,0,0,0,0),(3878,528,139,0,0,0,0,0),(3879,422,139,0,0,0,0,1),(3880,430,139,0,0,0,0,1),(3881,416,139,0,0,0,0,1),(3882,436,139,0,0,0,0,1),(3883,442,139,0,0,0,0,1),(3884,420,139,0,0,0,0,1),(3885,426,139,0,0,0,0,1),(3886,415,139,0,0,0,0,1),(3887,421,139,0,2,0,0,1),(3888,424,139,0,0,0,0,1),(3889,419,139,0,0,0,0,1),(3890,429,139,0,0,0,0,0),(3891,435,139,0,0,0,0,0),(3892,428,139,3,0,0,0,0),(3893,468,140,1,0,0,0,1),(3894,493,140,0,0,0,0,1),(3895,470,140,0,0,0,0,1),(3896,479,140,0,2,0,0,1),(3897,489,140,2,0,1,0,1),(3898,478,140,0,0,0,0,1),(3899,474,140,0,0,0,0,1),(3900,467,140,0,0,0,0,1),(3901,476,140,0,0,0,0,1),(3902,471,140,0,0,0,0,1),(3903,477,140,0,1,1,0,1),(3904,491,140,1,0,0,0,0),(3905,475,140,0,0,0,0,0),(3906,485,140,0,0,0,0,0),(3907,449,140,0,1,0,0,1),(3908,452,140,2,0,0,0,1),(3909,446,140,0,0,0,0,1),(3910,457,140,0,0,0,0,1),(3911,466,140,0,0,0,0,1),(3912,458,140,0,0,0,0,1),(3913,445,140,0,0,0,0,1),(3914,460,140,0,0,0,0,1),(3915,453,140,0,0,0,0,1),(3916,451,140,0,0,0,0,1),(3917,464,140,0,0,0,0,1),(3918,461,140,0,0,0,0,0),(3919,455,140,0,0,0,0,0),(3920,462,140,0,0,1,0,0),(3921,33,141,0,0,0,0,1),(3922,9,141,0,0,0,0,1),(3923,17,141,0,0,0,0,1),(3924,3,141,0,0,0,0,1),(3925,21,141,0,0,0,0,1),(3926,18,141,0,0,0,0,1),(3927,4,141,0,0,0,0,1),(3928,8,141,0,1,0,0,1),(3929,7,141,0,0,1,0,1),(3930,10,141,1,0,1,0,1),(3931,16,141,0,0,1,0,1),(3932,11,141,0,0,0,0,0),(3933,1,141,0,0,0,0,0),(3934,28,141,0,0,0,0,0),(3935,149,141,0,0,0,0,1),(3936,135,141,0,0,1,0,1),(3937,151,141,0,0,0,0,1),(3938,148,141,0,0,0,0,1),(3939,138,141,0,0,0,0,1),(3940,145,141,0,0,0,0,1),(3941,143,141,0,0,0,0,1),(3942,146,141,0,0,0,0,1),(3943,136,141,0,0,0,0,1),(3944,144,141,0,0,0,0,1),(3945,155,141,0,0,0,0,1),(3946,160,141,0,0,0,0,0),(3947,140,141,0,0,0,0,0),(3948,152,141,0,0,0,0,0),(3949,191,142,0,0,0,0,1),(3950,178,142,0,0,0,0,1),(3951,177,142,0,0,0,0,1),(3952,180,142,0,0,0,0,1),(3953,181,142,0,0,0,0,1),(3954,166,142,0,0,0,0,1),(3955,174,142,0,0,0,0,1),(3956,184,142,0,0,0,0,1),(3957,170,142,0,0,0,0,1),(3958,172,142,0,0,0,0,1),(3959,171,142,1,0,0,0,1),(3960,175,142,0,0,0,0,0),(3961,187,142,0,0,0,0,0),(3962,186,142,0,0,0,0,0),(3963,107,142,0,0,0,0,1),(3964,103,142,0,0,0,0,1),(3965,101,142,0,0,0,0,1),(3966,113,142,0,1,0,0,1),(3967,100,142,0,0,0,0,1),(3968,111,142,0,0,0,0,1),(3969,105,142,0,0,0,0,1),(3970,120,142,0,0,0,0,1),(3971,121,142,0,0,0,1,1),(3972,102,142,0,0,0,1,1),(3973,110,142,0,0,1,0,1),(3974,122,142,0,0,0,0,0),(3975,112,142,0,0,1,0,0),(3976,109,142,2,0,0,0,0),(3977,215,143,0,0,0,0,1),(3978,202,143,0,0,0,0,1),(3979,218,143,0,0,0,0,1),(3980,205,143,2,0,0,0,1),(3981,206,143,0,0,0,0,1),(3982,200,143,0,0,0,0,1),(3983,203,143,0,1,1,0,1),(3984,209,143,0,0,0,0,1),(3985,199,143,0,0,0,0,1),(3986,208,143,0,0,1,0,1),(3987,221,143,1,0,2,0,1),(3988,198,143,0,0,0,0,0),(3989,204,143,0,0,0,0,0),(3990,210,143,0,0,0,0,0),(3991,82,143,0,0,0,0,1),(3992,71,143,0,0,0,0,1),(3993,68,143,0,0,0,0,1),(3994,72,143,0,0,0,0,1),(3995,87,143,0,0,0,0,1),(3996,85,143,0,0,0,0,1),(3997,67,143,0,0,0,0,1),(3998,74,143,0,0,0,0,1),(3999,70,143,0,0,0,1,1),(4000,73,143,0,0,0,0,1),(4001,75,143,2,0,0,0,1),(4002,81,143,0,0,0,0,0),(4003,69,143,0,0,0,0,0),(4004,86,143,0,0,0,0,0),(4005,235,144,0,0,1,0,1),(4006,246,144,0,0,0,0,1),(4007,240,144,0,0,0,0,1),(4008,238,144,0,0,0,0,1),(4009,231,144,0,0,0,0,1),(4010,244,144,0,0,0,0,1),(4011,253,144,0,0,0,0,1),(4012,239,144,1,0,0,0,1),(4013,236,144,0,0,0,0,1),(4014,237,144,0,0,0,0,1),(4015,247,144,0,0,0,0,1),(4016,252,144,0,0,0,0,0),(4017,245,144,0,0,0,0,0),(4018,257,144,0,0,0,0,0),(4019,37,144,0,0,0,0,1),(4020,44,144,0,0,0,0,1),(4021,42,144,0,1,0,0,1),(4022,50,144,0,0,0,0,1),(4023,40,144,0,0,0,0,1),(4024,56,144,0,0,0,0,1),(4025,34,144,0,0,0,0,1),(4026,45,144,2,0,0,0,1),(4027,35,144,0,0,0,0,1),(4028,43,144,0,0,1,0,1),(4029,38,144,0,0,2,0,1),(4030,48,144,0,0,0,0,0),(4031,60,144,0,0,0,0,0),(4032,66,144,0,0,0,0,0),(4033,271,145,0,0,0,0,1),(4034,268,145,0,0,0,0,1),(4035,269,145,0,0,0,0,1),(4036,276,145,0,0,0,0,1),(4037,265,145,0,0,0,0,1),(4038,278,145,0,2,0,0,1),(4039,293,145,0,0,0,0,1),(4040,264,145,0,0,0,0,1),(4041,266,145,0,0,2,0,1),(4042,267,145,0,0,1,0,1),(4043,273,145,2,0,1,0,1),(4044,270,145,0,0,0,0,0),(4045,274,145,0,0,0,0,0),(4046,284,145,0,0,0,0,0),(4047,350,145,0,0,0,0,1),(4048,333,145,0,0,1,0,1),(4049,348,145,0,0,1,0,1),(4050,349,145,1,0,0,0,1),(4051,334,145,2,0,0,0,1),(4052,337,145,0,0,0,0,1),(4053,343,145,0,1,0,0,1),(4054,330,145,0,0,0,0,1),(4055,344,145,0,0,0,0,1),(4056,332,145,0,0,0,0,1),(4057,335,145,0,0,0,1,1),(4058,345,145,0,0,1,0,0),(4059,336,145,0,0,0,0,0),(4060,338,145,0,0,0,0,0),(4061,311,146,0,0,0,0,1),(4062,315,146,0,0,0,0,1),(4063,312,146,0,0,1,0,1),(4064,310,146,0,0,0,0,1),(4065,306,146,0,0,0,0,1),(4066,314,146,0,0,0,0,1),(4067,298,146,0,0,0,0,1),(4068,316,146,0,0,0,0,1),(4069,305,146,0,0,0,0,1),(4070,301,146,0,0,0,0,1),(4071,308,146,0,0,1,0,1),(4072,318,146,0,0,0,0,0),(4073,309,146,0,0,0,0,0),(4074,326,146,0,0,1,0,0),(4075,375,146,0,0,0,0,1),(4076,365,146,0,0,0,0,1),(4077,373,146,0,0,0,0,1),(4078,383,146,0,0,0,0,1),(4079,369,146,0,0,0,0,1),(4080,363,146,0,0,0,0,1),(4081,367,146,0,0,0,0,1),(4082,368,146,0,0,0,0,1),(4083,374,146,1,0,0,0,1),(4084,377,146,0,0,2,0,1),(4085,364,146,0,0,1,0,1),(4086,376,146,0,0,0,0,0),(4087,384,146,0,0,0,0,0),(4088,370,146,0,0,0,0,0),(4089,596,147,0,0,0,0,1),(4090,601,147,0,0,0,0,1),(4091,598,147,0,1,0,0,1),(4092,594,147,0,0,0,0,1),(4093,595,147,0,0,0,0,1),(4094,592,147,0,0,0,0,1),(4095,600,147,0,0,0,0,1),(4096,608,147,0,0,0,0,1),(4097,615,147,1,0,0,0,1),(4098,602,147,1,0,1,0,1),(4099,605,147,0,0,1,0,1),(4100,606,147,0,0,0,0,0),(4101,604,147,0,0,1,0,0),(4102,610,147,0,0,0,0,0),(4103,409,147,0,0,0,0,1),(4104,399,147,0,0,0,0,1),(4105,395,147,0,0,0,0,1),(4106,397,147,0,0,0,0,1),(4107,405,147,0,0,0,0,1),(4108,398,147,0,0,0,0,1),(4109,392,147,0,0,1,0,1),(4110,407,147,0,0,0,0,1),(4111,414,147,0,0,0,0,1),(4112,391,147,0,0,0,0,1),(4113,396,147,0,0,0,0,1),(4114,401,147,0,0,0,0,0),(4115,402,147,0,0,0,0,0),(4116,408,147,0,0,0,0,0),(4117,561,148,0,0,0,0,1),(4118,567,148,0,2,0,0,1),(4119,566,148,0,0,0,0,1),(4120,562,148,0,0,0,0,1),(4121,573,148,0,0,0,0,1),(4122,575,148,0,0,0,0,1),(4123,560,148,0,0,0,0,1),(4124,569,148,0,0,0,0,1),(4125,564,148,0,0,0,1,1),(4126,570,148,0,0,0,0,1),(4127,576,148,0,0,0,1,1),(4128,591,148,0,0,0,0,0),(4129,578,148,0,0,0,0,0),(4130,582,148,2,0,0,0,0),(4131,422,148,0,0,0,0,1),(4132,429,148,0,0,0,0,1),(4133,421,148,0,0,0,0,1),(4134,419,148,0,0,0,0,1),(4135,416,148,0,0,0,0,1),(4136,418,148,0,0,0,0,1),(4137,432,148,0,0,0,0,1),(4138,425,148,2,0,1,0,1),(4139,430,148,0,0,1,0,1),(4140,424,148,0,0,1,0,1),(4141,420,148,0,0,1,0,1),(4142,435,148,0,0,0,0,0),(4143,442,148,0,0,0,0,0),(4144,431,148,0,0,0,0,0),(4145,537,149,2,0,0,0,1),(4146,541,149,0,0,0,0,1),(4147,535,149,0,0,0,0,1),(4148,534,149,0,0,1,0,1),(4149,536,149,0,0,0,0,1),(4150,544,149,0,1,0,0,1),(4151,552,149,0,0,0,0,1),(4152,532,149,0,0,0,0,1),(4153,531,149,0,0,0,0,1),(4154,533,149,0,0,0,0,1),(4155,540,149,0,0,0,1,1),(4156,542,149,0,0,0,0,0),(4157,550,149,0,0,0,0,0),(4158,546,149,0,0,0,0,0),(4159,466,149,0,1,1,0,1),(4160,449,149,0,0,0,0,1),(4161,445,149,0,0,0,0,1),(4162,446,149,0,0,0,0,1),(4163,456,149,0,0,0,0,1),(4164,453,149,0,0,0,0,1),(4165,460,149,0,0,0,0,1),(4166,450,149,0,0,0,0,1),(4167,447,149,0,0,1,0,1),(4168,448,149,2,0,1,0,1),(4169,452,149,1,0,1,0,1),(4170,457,149,0,0,0,0,0),(4171,462,149,0,0,0,0,0),(4172,458,149,0,0,0,0,0),(4173,508,150,0,0,1,0,1),(4174,516,150,0,0,1,0,1),(4175,502,150,0,0,1,0,1),(4176,511,150,0,0,0,0,1),(4177,512,150,0,1,0,0,1),(4178,506,150,0,0,0,0,1),(4179,503,150,0,0,0,0,1),(4180,500,150,0,0,0,0,1),(4181,525,150,3,0,0,0,1),(4182,523,150,0,0,0,1,1),(4183,501,150,0,0,0,0,1),(4184,509,150,0,0,0,0,0),(4185,528,150,0,0,0,0,0),(4186,510,150,0,0,1,0,0),(4187,479,150,0,1,0,0,1),(4188,477,150,0,0,0,0,1),(4189,475,150,0,0,0,0,1),(4190,470,150,0,0,0,0,1),(4191,474,150,0,0,0,0,1),(4192,467,150,0,0,0,0,1),(4193,493,150,0,0,0,0,1),(4194,478,150,1,0,1,0,1),(4195,489,150,0,0,1,0,1),(4196,476,150,0,0,1,0,1),(4197,471,150,0,0,1,0,1),(4198,485,150,0,0,0,0,0),(4199,487,150,1,0,0,0,0),(4200,472,150,0,0,0,0,0),(4201,16,151,0,0,0,0,1),(4202,15,151,0,1,0,0,1),(4203,3,151,3,0,0,0,1),(4204,2,151,0,0,0,0,1),(4205,8,151,0,0,0,0,1),(4206,9,151,0,0,0,0,1),(4207,25,151,1,0,0,0,1),(4208,14,151,0,0,0,0,1),(4209,18,151,0,0,0,0,1),(4210,4,151,0,0,0,0,1),(4211,11,151,0,0,0,1,1),(4212,21,151,0,0,0,0,0),(4213,12,151,0,0,0,0,0),(4214,10,151,0,0,0,0,0),(4215,114,151,0,0,0,0,1),(4216,103,151,0,0,0,0,1),(4217,107,151,0,0,0,0,1),(4218,104,151,0,0,0,0,1),(4219,113,151,0,0,0,0,1),(4220,110,151,0,0,0,0,1),(4221,100,151,0,0,0,0,1),(4222,120,151,0,2,0,0,1),(4223,105,151,0,0,0,0,1),(4224,115,151,0,0,0,0,1),(4225,109,151,3,0,1,0,1),(4226,122,151,0,0,0,0,0),(4227,106,151,0,0,0,0,0),(4228,108,151,0,0,1,0,0),(4229,144,152,1,0,0,0,1),(4230,146,152,0,0,0,0,1),(4231,151,152,0,0,0,0,1),(4232,141,152,0,0,0,0,1),(4233,143,152,0,0,0,0,1),(4234,142,152,0,0,0,0,1),(4235,135,152,0,0,0,0,1),(4236,136,152,0,0,0,0,1),(4237,133,152,0,0,0,0,1),(4238,152,152,0,0,0,0,1),(4239,149,152,0,0,0,0,1),(4240,145,152,0,0,0,0,0),(4241,137,152,0,0,0,0,0),(4242,140,152,0,0,0,0,0),(4243,68,152,0,1,0,0,1),(4244,73,152,0,0,0,0,1),(4245,77,152,0,0,0,0,1),(4246,75,152,3,0,0,0,1),(4247,67,152,0,0,0,0,1),(4248,85,152,0,0,0,0,1),(4249,71,152,0,0,0,0,1),(4250,86,152,0,0,0,0,1),(4251,82,152,0,1,0,0,1),(4252,74,152,0,0,0,0,1),(4253,69,152,0,0,2,0,1),(4254,78,152,0,0,1,0,0),(4255,72,152,0,1,0,0,0),(4256,76,152,1,0,0,0,0),(4257,169,153,0,0,0,0,1),(4258,177,153,3,0,0,0,1),(4259,170,153,1,0,0,0,1),(4260,179,153,0,1,0,0,1),(4261,173,153,0,0,0,0,1),(4262,171,153,0,0,0,0,1),(4263,181,153,0,0,0,0,1),(4264,174,153,0,0,0,0,1),(4265,168,153,0,0,0,0,1),(4266,172,153,0,0,0,0,1),(4267,166,153,0,0,0,0,1),(4268,167,153,0,0,0,0,0),(4269,176,153,0,0,0,0,0),(4270,175,153,0,0,0,0,0),(4271,35,153,0,0,0,0,1),(4272,45,153,0,0,0,0,1),(4273,36,153,0,0,0,0,1),(4274,56,153,0,0,0,0,1),(4275,40,153,0,0,0,0,1),(4276,51,153,0,0,0,0,1),(4277,49,153,3,0,0,0,1),(4278,39,153,0,0,1,0,1),(4279,41,153,0,2,0,0,1),(4280,50,153,0,0,1,0,1),(4281,46,153,0,0,1,0,1),(4282,52,153,0,0,1,0,0),(4283,47,153,0,0,0,0,0),(4284,42,153,0,1,0,0,0),(4285,209,154,0,0,0,0,1),(4286,222,154,0,0,0,0,1),(4287,208,154,3,0,0,0,1),(4288,201,154,0,0,0,0,1),(4289,206,154,0,0,0,0,1),(4290,200,154,0,0,1,0,1),(4291,218,154,0,0,0,0,1),(4292,215,154,0,0,0,0,1),(4293,204,154,0,1,1,0,1),(4294,220,154,0,0,1,0,1),(4295,227,154,0,0,0,0,0),(4296,203,154,0,1,0,0,0),(4297,198,154,0,0,0,0,0),(4298,207,154,0,0,0,0,0),(4299,348,154,0,0,0,0,1),(4300,339,154,1,0,0,0,1),(4301,336,154,0,0,0,0,1),(4302,332,154,0,0,0,0,1),(4303,343,154,0,1,0,0,1),(4304,344,154,0,0,0,0,1),(4305,349,154,1,0,0,0,1),(4306,340,154,0,1,0,0,1),(4307,347,154,0,0,0,0,1),(4308,334,154,0,0,1,0,1),(4309,331,154,0,0,1,0,1),(4310,342,154,0,0,0,0,0),(4311,345,154,0,0,0,0,0),(4312,350,154,0,0,0,0,0),(4313,235,155,1,0,0,0,1),(4314,250,155,0,0,0,0,1),(4315,242,155,0,1,0,0,1),(4316,245,155,0,0,0,0,1),(4317,237,155,0,0,0,0,1),(4318,247,155,0,0,1,0,1),(4319,231,155,0,0,0,0,1),(4320,246,155,0,0,0,0,1),(4321,233,155,0,0,0,0,1),(4322,249,155,2,0,1,0,1),(4323,257,155,0,0,0,0,1),(4324,241,155,0,0,0,0,0),(4325,253,155,0,0,0,0,0),(4326,240,155,0,0,0,0,0),(4327,365,155,0,0,0,0,1),(4328,371,155,0,0,0,0,1),(4329,370,155,0,0,0,0,1),(4330,367,155,0,0,0,0,1),(4331,382,155,0,0,0,0,1),(4332,368,155,0,0,0,0,1),(4333,363,155,0,0,0,0,1),(4334,378,155,0,0,0,0,1),(4335,375,155,0,0,0,0,1),(4336,374,155,0,0,0,0,1),(4337,373,155,0,0,0,0,1),(4338,364,155,0,0,0,0,0),(4339,376,155,0,0,0,0,0),(4340,380,155,0,0,0,0,0),(4341,267,156,0,0,0,0,1),(4342,277,156,0,0,0,0,1),(4343,271,156,0,0,0,0,1),(4344,269,156,0,0,0,0,1),(4345,270,156,2,0,0,0,1),(4346,265,156,0,0,0,0,1),(4347,268,156,0,0,0,0,1),(4348,276,156,0,0,0,0,1),(4349,264,156,0,0,0,0,1),(4350,274,156,0,0,1,0,1),(4351,279,156,0,0,1,0,1),(4352,278,156,0,0,0,0,0),(4353,272,156,0,0,0,0,0),(4354,284,156,0,0,0,0,0),(4355,414,156,0,0,0,0,1),(4356,408,156,2,0,0,0,1),(4357,393,156,0,0,0,0,1),(4358,402,156,0,0,0,0,1),(4359,398,156,0,0,0,0,1),(4360,394,156,0,0,0,0,1),(4361,409,156,0,2,0,0,1),(4362,406,156,0,0,0,0,1),(4363,407,156,0,0,0,0,1),(4364,403,156,0,0,1,0,1),(4365,391,156,1,0,2,0,1),(4366,392,156,0,0,1,0,0),(4367,401,156,0,0,0,0,0),(4368,400,156,0,0,0,0,0),(4369,306,157,2,0,0,0,1),(4370,311,157,0,0,0,0,1),(4371,313,157,0,0,0,0,1),(4372,303,157,0,0,0,0,1),(4373,305,157,0,1,0,0,1),(4374,297,157,0,0,0,0,1),(4375,312,157,0,0,0,0,1),(4376,302,157,0,0,0,0,1),(4377,310,157,0,0,0,0,1),(4378,309,157,2,1,0,0,1),(4379,300,157,0,0,2,0,1),(4380,316,157,0,0,0,0,0),(4381,307,157,0,0,0,0,0),(4382,308,157,0,0,0,0,0),(4383,419,157,0,0,0,0,1),(4384,429,157,1,0,0,0,1),(4385,428,157,1,0,0,0,1),(4386,418,157,0,0,0,0,1),(4387,420,157,0,1,0,0,1),(4388,421,157,0,0,0,0,1),(4389,442,157,0,0,0,0,1),(4390,426,157,0,0,0,0,1),(4391,430,157,0,0,0,0,1),(4392,431,157,0,0,0,0,1),(4393,440,157,0,0,0,0,1),(4394,435,157,0,0,0,0,0),(4395,416,157,0,0,0,0,0),(4396,436,157,0,0,0,0,0),(4397,594,158,0,0,1,0,1),(4398,608,158,0,0,0,0,1),(4399,600,158,0,0,0,0,1),(4400,596,158,0,0,0,0,1),(4401,624,158,0,0,0,0,1),(4402,601,158,0,0,0,0,1),(4403,595,158,0,0,0,0,1),(4404,592,158,0,0,0,0,1),(4405,598,158,0,0,0,0,1),(4406,602,158,0,0,0,0,1),(4407,599,158,0,0,0,1,1),(4408,610,158,0,0,0,0,0),(4409,604,158,0,0,0,0,0),(4410,616,158,0,0,0,0,0),(4411,466,158,0,0,0,0,1),(4412,450,158,0,0,0,0,1),(4413,449,158,0,0,0,0,1),(4414,460,158,0,0,0,0,1),(4415,447,158,0,0,0,0,1),(4416,452,158,1,1,0,0,1),(4417,445,158,0,0,0,0,1),(4418,446,158,0,0,2,0,1),(4419,461,158,0,0,0,0,1),(4420,458,158,1,0,0,0,1),(4421,454,158,0,0,1,0,1),(4422,453,158,0,0,0,0,0),(4423,443,158,0,0,0,0,0),(4424,463,158,0,0,0,0,0),(4425,565,159,0,0,0,0,1),(4426,575,159,0,1,0,0,1),(4427,560,159,0,0,0,0,1),(4428,569,159,0,0,0,0,1),(4429,573,159,0,0,0,0,1),(4430,579,159,0,0,0,0,1),(4431,570,159,0,0,0,0,1),(4432,563,159,0,0,0,0,1),(4433,566,159,0,0,0,0,1),(4434,561,159,0,0,0,0,1),(4435,562,159,0,0,1,0,1),(4436,572,159,3,0,0,0,0),(4437,578,159,2,0,1,0,0),(4438,571,159,0,0,0,0,0),(4439,469,159,0,0,0,0,1),(4440,479,159,0,0,0,0,1),(4441,467,159,0,0,0,0,1),(4442,477,159,0,0,0,0,1),(4443,472,159,0,0,0,0,1),(4444,473,159,0,0,0,0,1),(4445,471,159,0,0,1,0,1),(4446,487,159,0,0,0,0,1),(4447,474,159,0,0,1,0,1),(4448,489,159,0,0,1,0,1),(4449,470,159,0,0,1,0,1),(4450,478,159,0,0,0,0,0),(4451,476,159,0,0,0,0,0),(4452,493,159,0,0,0,0,0),(4453,539,160,0,0,0,0,1),(4454,546,160,0,0,1,0,1),(4455,547,160,0,0,0,0,1),(4456,544,160,0,0,0,0,1),(4457,550,160,0,0,0,0,1),(4458,531,160,0,0,0,0,1),(4459,533,160,0,0,0,0,1),(4460,542,160,1,0,0,0,1),(4461,552,160,0,0,0,0,1),(4462,532,160,0,0,1,0,1),(4463,537,160,0,0,1,0,1),(4464,536,160,0,0,0,0,0),(4465,538,160,0,0,0,0,0),(4466,541,160,0,0,0,0,0),(4467,525,160,4,0,0,0,1),(4468,503,160,0,0,1,0,1),(4469,506,160,0,1,0,0,1),(4470,502,160,0,0,0,0,1),(4471,501,160,0,0,0,0,1),(4472,511,160,0,0,0,0,1),(4473,505,160,0,0,0,0,1),(4474,524,160,0,0,0,0,1),(4475,500,160,0,0,0,0,1),(4476,516,160,0,0,0,0,1),(4477,509,160,0,1,0,0,1),(4478,507,160,0,0,0,0,0),(4479,504,160,0,0,1,1,0),(4480,512,160,0,0,0,0,0),(4481,16,161,0,0,0,0,1),(4482,9,161,0,1,0,0,1),(4483,17,161,0,0,0,0,1),(4484,8,161,0,0,0,0,1),(4485,10,161,0,0,0,0,1),(4486,3,161,0,0,0,0,1),(4487,2,161,0,0,0,0,1),(4488,18,161,0,0,0,0,1),(4489,14,161,0,0,0,0,1),(4490,15,161,0,0,0,0,1),(4491,33,161,0,0,0,0,1),(4492,28,161,2,0,0,0,0),(4493,4,161,0,0,0,0,0),(4494,12,161,0,0,0,0,0),(4495,72,161,1,0,0,0,1),(4496,73,161,0,0,0,0,1),(4497,68,161,0,0,0,0,1),(4498,70,161,0,0,0,0,1),(4499,85,161,0,0,0,0,1),(4500,82,161,0,0,0,0,1),(4501,77,161,0,0,0,0,1),(4502,67,161,0,0,0,0,1),(4503,71,161,0,0,0,0,1),(4504,75,161,0,0,0,0,1),(4505,83,161,0,0,0,1,1),(4506,87,161,2,0,0,0,0),(4507,80,161,0,0,0,0,0),(4508,74,161,0,0,0,0,0),(4509,115,162,0,0,0,0,1),(4510,113,162,0,0,0,0,1),(4511,110,162,1,0,0,0,1),(4512,103,162,0,0,0,0,1),(4513,120,162,0,0,0,0,1),(4514,107,162,0,1,0,0,1),(4515,105,162,0,0,1,0,1),(4516,100,162,0,0,0,0,1),(4517,121,162,0,0,0,0,1),(4518,114,162,0,0,1,0,1),(4519,108,162,2,0,1,0,1),(4520,112,162,0,0,0,0,0),(4521,111,162,0,0,0,0,0),(4522,109,162,0,0,0,0,0),(4523,47,162,0,0,0,0,1),(4524,42,162,0,0,0,0,1),(4525,38,162,0,0,0,0,1),(4526,45,162,3,0,0,0,1),(4527,43,162,0,2,0,0,1),(4528,46,162,0,0,0,0,1),(4529,40,162,0,0,0,0,1),(4530,51,162,0,0,0,0,1),(4531,35,162,0,0,0,0,1),(4532,39,162,0,0,1,0,1),(4533,36,162,0,0,1,0,1),(4534,60,162,0,0,0,0,0),(4535,52,162,0,0,1,0,0),(4536,49,162,0,0,0,0,0),(4537,135,163,0,0,0,0,1),(4538,133,163,0,0,0,0,1),(4539,143,163,2,0,0,0,1),(4540,146,163,0,0,0,0,1),(4541,142,163,1,0,0,0,1),(4542,151,163,0,0,0,0,1),(4543,148,163,0,0,0,0,1),(4544,152,163,0,0,1,0,1),(4545,137,163,0,0,0,0,1),(4546,144,163,0,0,0,0,1),(4547,136,163,0,0,2,0,1),(4548,150,163,0,0,0,0,0),(4549,145,163,0,0,0,0,0),(4550,140,163,0,0,0,0,0),(4551,336,163,0,0,0,0,1),(4552,332,163,0,0,0,0,1),(4553,335,163,0,0,0,0,1),(4554,345,163,0,0,0,0,1),(4555,339,163,0,0,0,0,1),(4556,346,163,0,0,0,0,1),(4557,343,163,0,0,0,0,1),(4558,347,163,0,0,0,0,1),(4559,334,163,0,0,0,1,1),(4560,338,163,0,0,0,0,1),(4561,333,163,0,0,0,0,1),(4562,350,163,1,0,0,1,0),(4563,342,163,0,0,0,0,0),(4564,340,163,0,0,0,0,0),(4565,181,164,0,0,1,0,1),(4566,192,164,1,0,0,0,1),(4567,179,164,0,0,0,0,1),(4568,173,164,1,1,0,0,1),(4569,170,164,0,0,0,0,1),(4570,171,164,0,0,0,0,1),(4571,177,164,0,0,0,0,1),(4572,168,164,0,0,0,0,1),(4573,183,164,0,0,0,0,1),(4574,169,164,0,0,0,0,1),(4575,167,164,0,0,0,1,1),(4576,175,164,0,0,0,0,0),(4577,172,164,0,0,0,0,0),(4578,190,164,0,0,0,0,0),(4579,365,164,0,0,0,0,1),(4580,387,164,0,0,0,0,1),(4581,372,164,0,0,0,0,1),(4582,368,164,0,0,0,0,1),(4583,369,164,0,0,0,0,1),(4584,370,164,0,0,0,0,1),(4585,382,164,0,0,0,0,1),(4586,375,164,0,0,0,0,1),(4587,363,164,0,0,0,0,1),(4588,377,164,0,0,1,0,1),(4589,367,164,0,0,2,0,1),(4590,376,164,0,0,0,0,0),(4591,384,164,0,0,0,0,0),(4592,371,164,1,0,0,0,0),(4593,222,165,0,0,1,0,1),(4594,208,165,0,0,0,0,1),(4595,203,165,1,0,0,0,1),(4596,209,165,0,1,0,0,1),(4597,202,165,0,0,0,0,1),(4598,201,165,0,0,0,0,1),(4599,205,165,0,0,0,0,1),(4600,206,165,0,0,0,0,1),(4601,218,165,0,0,0,0,1),(4602,215,165,0,0,0,0,1),(4603,199,165,0,0,0,0,1),(4604,213,165,0,0,0,0,0),(4605,220,165,0,0,0,0,0),(4606,200,165,0,0,0,0,0),(4607,393,165,0,0,0,0,1),(4608,404,165,0,0,0,0,1),(4609,409,165,0,0,0,0,1),(4610,398,165,0,0,0,0,1),(4611,407,165,0,0,0,0,1),(4612,397,165,0,0,0,0,1),(4613,394,165,0,0,0,0,1),(4614,395,165,0,0,0,0,1),(4615,406,165,0,0,0,0,1),(4616,400,165,0,0,0,0,1),(4617,414,165,0,0,0,0,1),(4618,401,165,0,0,0,0,0),(4619,399,165,2,0,0,0,0),(4620,402,165,0,0,0,0,0),(4621,237,166,0,2,0,0,1),(4622,242,166,0,0,0,0,1),(4623,235,166,0,0,0,0,1),(4624,247,166,0,0,0,0,1),(4625,253,166,0,0,0,0,1),(4626,257,166,0,0,0,0,1),(4627,239,166,3,0,0,0,1),(4628,248,166,0,0,0,0,1),(4629,233,166,0,0,0,0,1),(4630,236,166,0,0,1,0,1),(4631,241,166,0,0,1,0,1),(4632,244,166,1,0,0,0,0),(4633,240,166,0,0,0,0,0),(4634,254,166,0,0,0,0,0),(4635,424,166,2,0,0,0,1),(4636,429,166,0,0,0,0,1),(4637,418,166,0,0,0,0,1),(4638,442,166,0,0,0,0,1),(4639,423,166,0,0,0,0,1),(4640,419,166,0,0,0,0,1),(4641,430,166,0,0,0,0,1),(4642,432,166,0,0,0,0,1),(4643,428,166,0,0,0,0,1),(4644,421,166,0,1,0,0,1),(4645,431,166,0,0,1,0,1),(4646,425,166,0,0,0,0,0),(4647,422,166,0,0,0,0,0),(4648,427,166,0,0,0,0,0),(4649,265,167,0,0,0,0,1),(4650,278,167,0,0,0,0,1),(4651,279,167,0,0,0,0,1),(4652,274,167,0,0,0,0,1),(4653,271,167,0,0,0,0,1),(4654,281,167,0,0,0,0,1),(4655,270,167,0,0,0,0,1),(4656,277,167,0,0,0,0,1),(4657,266,167,0,0,1,0,1),(4658,273,167,0,0,1,0,1),(4659,267,167,0,0,0,0,1),(4660,275,167,0,0,0,0,0),(4661,276,167,0,0,0,0,0),(4662,285,167,0,0,0,0,0),(4663,447,167,0,0,1,0,1),(4664,464,167,0,0,0,0,1),(4665,457,167,0,0,1,0,1),(4666,466,167,0,0,0,0,1),(4667,445,167,0,0,0,0,1),(4668,452,167,0,0,0,0,1),(4669,449,167,0,1,0,0,1),(4670,456,167,0,0,0,0,1),(4671,460,167,0,0,0,0,1),(4672,453,167,3,0,0,0,1),(4673,463,167,0,0,0,1,1),(4674,450,167,0,0,0,0,0),(4675,448,167,0,0,0,0,0),(4676,458,167,0,0,0,0,0),(4677,309,168,0,0,0,0,1),(4678,302,168,0,0,0,0,1),(4679,313,168,0,0,0,0,1),(4680,310,168,0,2,0,0,1),(4681,305,168,0,0,0,0,1),(4682,315,168,0,0,0,0,1),(4683,312,168,0,0,0,0,1),(4684,308,168,0,0,0,0,1),(4685,299,168,2,0,0,1,1),(4686,322,168,0,0,0,0,1),(4687,311,168,0,0,0,1,1),(4688,307,168,0,0,0,0,0),(4689,306,168,0,0,0,0,0),(4690,324,168,0,0,0,0,0),(4691,483,168,0,0,0,0,1),(4692,487,168,0,0,0,0,1),(4693,471,168,0,0,0,0,1),(4694,473,168,0,0,0,0,1),(4695,476,168,0,0,0,0,1),(4696,472,168,0,0,0,0,1),(4697,478,168,1,0,0,0,1),(4698,467,168,0,0,0,0,1),(4699,469,168,0,0,1,0,1),(4700,475,168,0,1,1,0,1),(4701,470,168,0,0,2,0,1),(4702,485,168,0,0,0,0,0),(4703,477,168,2,0,0,0,0),(4704,489,168,0,0,0,0,0),(4705,602,169,1,0,0,0,1),(4706,603,169,0,0,0,0,1),(4707,598,169,0,1,0,0,1),(4708,594,169,0,0,2,0,1),(4709,608,169,0,0,0,0,1),(4710,592,169,0,0,0,0,1),(4711,604,169,0,0,0,0,1),(4712,597,169,0,0,0,0,1),(4713,595,169,0,0,0,0,1),(4714,596,169,0,0,0,0,1),(4715,601,169,0,0,0,0,1),(4716,610,169,0,0,1,0,0),(4717,600,169,0,0,0,1,0),(4718,616,169,0,0,0,0,0),(4719,510,169,0,0,0,0,1),(4720,503,169,0,0,0,0,1),(4721,509,169,0,0,0,0,1),(4722,505,169,0,0,0,0,1),(4723,502,169,0,0,0,0,1),(4724,506,169,0,0,0,0,1),(4725,501,169,0,0,0,0,1),(4726,525,169,0,0,0,0,1),(4727,523,169,0,0,0,0,1),(4728,500,169,0,0,0,0,1),(4729,516,169,0,0,1,0,1),(4730,508,169,0,0,0,0,0),(4731,512,169,0,0,0,0,0),(4732,528,169,1,0,0,0,0),(4733,562,170,0,0,0,0,1),(4734,561,170,0,0,0,0,1),(4735,573,170,0,0,0,0,1),(4736,567,170,0,0,0,0,1),(4737,570,170,0,0,0,0,1),(4738,563,170,0,0,0,0,1),(4739,560,170,0,0,0,0,1),(4740,565,170,0,0,0,0,1),(4741,566,170,0,0,1,0,1),(4742,576,170,0,0,1,0,1),(4743,568,170,0,0,1,0,1),(4744,571,170,0,0,0,0,0),(4745,579,170,0,0,0,0,0),(4746,578,170,0,0,0,0,0),(4747,535,170,0,0,0,0,1),(4748,541,170,0,0,0,0,1),(4749,544,170,0,0,0,0,1),(4750,534,170,0,0,0,0,1),(4751,540,170,0,0,0,0,1),(4752,547,170,0,0,0,0,1),(4753,531,170,0,0,0,0,1),(4754,539,170,0,1,0,0,1),(4755,537,170,0,0,0,0,1),(4756,533,170,0,0,0,0,1),(4757,552,170,1,0,1,0,1),(4758,553,170,0,0,0,0,0),(4759,550,170,0,0,0,0,0),(4760,555,170,0,0,1,0,0),(4761,3,171,0,0,1,0,1),(4762,21,171,0,0,0,0,1),(4763,13,171,0,0,0,0,1),(4764,2,171,0,0,0,0,1),(4765,16,171,0,0,0,0,1),(4766,18,171,0,0,0,0,1),(4767,8,171,0,0,0,0,1),(4768,10,171,0,0,0,0,1),(4769,17,171,0,0,0,0,1),(4770,7,171,0,0,0,0,1),(4771,14,171,0,0,0,1,1),(4772,11,171,0,0,0,0,0),(4773,9,171,0,0,0,1,0),(4774,15,171,0,0,0,0,0),(4775,66,171,0,0,0,0,1),(4776,49,171,0,0,0,0,1),(4777,45,171,0,1,0,0,1),(4778,56,171,0,0,0,0,1),(4779,50,171,0,0,0,0,1),(4780,34,171,0,0,0,0,1),(4781,52,171,1,1,0,0,1),(4782,44,171,0,0,0,0,1),(4783,38,171,0,0,0,0,1),(4784,43,171,0,0,0,0,1),(4785,35,171,0,0,1,0,1),(4786,36,171,0,0,0,0,0),(4787,47,171,3,0,1,0,0),(4788,39,171,0,0,0,0,0),(4789,77,172,4,0,0,0,1),(4790,68,172,0,0,0,0,1),(4791,82,172,0,0,0,0,1),(4792,72,172,0,0,0,0,1),(4793,71,172,0,0,0,0,1),(4794,70,172,0,0,0,0,1),(4795,73,172,0,0,0,0,1),(4796,67,172,0,0,0,0,1),(4797,69,172,0,2,2,0,1),(4798,75,172,0,0,1,0,1),(4799,74,172,0,0,1,0,1),(4800,85,172,0,0,0,0,0),(4801,78,172,0,0,0,0,0),(4802,76,172,0,1,0,0,0),(4803,343,172,0,0,0,0,1),(4804,340,172,0,1,0,0,1),(4805,338,172,3,0,0,0,1),(4806,332,172,0,0,0,0,1),(4807,345,172,0,0,0,0,1),(4808,333,172,0,0,0,0,1),(4809,344,172,0,0,0,0,1),(4810,349,172,0,0,0,0,1),(4811,330,172,0,0,0,0,1),(4812,336,172,0,0,0,0,1),(4813,331,172,0,0,1,0,1),(4814,351,172,0,0,0,0,0),(4815,348,172,0,1,0,0,0),(4816,342,172,0,0,0,0,0),(4817,109,173,0,0,0,0,1),(4818,108,173,0,0,0,0,1),(4819,114,173,0,0,0,0,1),(4820,105,173,0,0,0,0,1),(4821,103,173,0,0,0,0,1),(4822,104,173,0,0,1,0,1),(4823,100,173,0,0,0,0,1),(4824,102,173,0,0,0,0,1),(4825,112,173,0,0,0,0,1),(4826,115,173,0,0,1,0,1),(4827,107,173,0,0,1,0,1),(4828,110,173,0,0,0,0,0),(4829,130,173,0,0,0,0,0),(4830,122,173,0,0,0,0,0),(4831,377,173,0,0,0,0,1),(4832,388,173,1,0,0,0,1),(4833,364,173,0,0,0,0,1),(4834,387,173,1,0,0,0,1),(4835,382,173,0,0,0,0,1),(4836,369,173,0,0,0,0,1),(4837,376,173,0,0,0,0,1),(4838,363,173,0,0,0,0,1),(4839,371,173,0,1,0,0,1),(4840,378,173,0,0,0,0,1),(4841,368,173,0,0,0,0,1),(4842,383,173,0,0,0,0,0),(4843,372,173,0,0,0,0,0),(4844,373,173,0,0,0,0,0),(4845,148,174,0,0,1,0,1),(4846,151,174,0,0,0,0,1),(4847,141,174,0,0,0,0,1),(4848,142,174,0,0,0,0,1),(4849,138,174,0,1,0,0,1),(4850,144,174,0,0,0,0,1),(4851,152,174,0,0,0,0,1),(4852,133,174,0,0,0,0,1),(4853,149,174,0,0,0,0,1),(4854,135,174,0,0,0,0,1),(4855,143,174,3,0,0,0,1),(4856,137,174,0,0,0,0,0),(4857,145,174,0,0,0,1,0),(4858,134,174,0,0,0,0,0),(4859,414,174,0,1,0,0,1),(4860,393,174,0,0,1,0,1),(4861,409,174,0,0,0,0,1),(4862,391,174,0,0,0,0,1),(4863,394,174,0,0,0,0,1),(4864,400,174,0,0,0,0,1),(4865,403,174,0,0,0,0,1),(4866,390,174,0,0,0,0,1),(4867,397,174,1,0,0,1,1),(4868,392,174,0,0,0,0,1),(4869,396,174,0,0,0,0,1),(4870,395,174,0,0,0,0,0),(4871,408,174,0,0,0,0,0),(4872,401,174,2,0,0,0,0),(4873,181,175,0,0,0,0,1),(4874,173,175,0,0,0,0,1),(4875,168,175,0,0,0,0,1),(4876,170,175,0,0,0,0,1),(4877,171,175,1,0,0,0,1),(4878,172,175,0,1,0,0,1),(4879,183,175,0,0,0,0,1),(4880,180,175,0,0,0,0,1),(4881,169,175,0,0,2,0,1),(4882,175,175,0,0,0,0,1),(4883,178,175,1,0,0,0,1),(4884,176,175,2,0,0,0,0),(4885,192,175,0,0,0,0,0),(4886,190,175,0,0,1,0,0),(4887,423,175,0,0,0,0,1),(4888,424,175,0,1,0,0,1),(4889,418,175,0,0,0,0,1),(4890,430,175,0,0,0,0,1),(4891,416,175,0,0,0,0,1),(4892,421,175,0,0,0,0,1),(4893,442,175,0,0,0,0,1),(4894,428,175,1,0,0,0,1),(4895,432,175,0,0,0,0,1),(4896,420,175,0,0,0,0,1),(4897,419,175,0,0,2,0,1),(4898,436,175,0,0,0,0,0),(4899,417,175,0,0,0,0,0),(4900,427,175,0,0,0,0,0),(4901,206,176,0,0,0,0,1),(4902,204,176,0,0,0,0,1),(4903,218,176,1,0,0,0,1),(4904,210,176,0,0,0,0,1),(4905,202,176,0,0,0,0,1),(4906,201,176,0,0,0,0,1),(4907,221,176,0,0,0,0,1),(4908,215,176,0,0,0,0,1),(4909,207,176,0,0,0,0,1),(4910,208,176,1,0,0,0,1),(4911,199,176,0,0,0,0,1),(4912,213,176,0,0,0,0,0),(4913,200,176,0,0,0,0,0),(4914,222,176,0,0,0,0,0),(4915,453,176,1,0,0,0,1),(4916,450,176,0,0,0,0,1),(4917,455,176,0,0,0,0,1),(4918,449,176,0,0,0,0,1),(4919,464,176,0,0,0,0,1),(4920,446,176,0,0,0,0,1),(4921,457,176,0,0,0,0,1),(4922,460,176,0,0,0,0,1),(4923,448,176,0,0,1,0,1),(4924,445,176,0,0,2,0,1),(4925,447,176,0,0,1,0,1),(4926,456,176,0,0,0,0,0),(4927,451,176,0,0,0,0,0),(4928,452,176,0,0,0,0,0),(4929,238,177,0,0,0,0,1),(4930,246,177,0,0,0,0,1),(4931,242,177,0,0,0,0,1),(4932,237,177,0,0,0,0,1),(4933,240,177,0,0,0,0,1),(4934,241,177,0,0,0,0,1),(4935,231,177,0,0,0,0,1),(4936,252,177,0,0,1,0,1),(4937,233,177,0,0,1,0,1),(4938,235,177,0,0,0,0,1),(4939,257,177,0,0,1,0,1),(4940,250,177,0,0,0,0,0),(4941,243,177,0,0,0,0,0),(4942,239,177,0,0,1,0,0),(4943,487,177,0,0,1,0,1),(4944,493,177,0,0,0,0,1),(4945,476,177,0,0,0,0,1),(4946,477,177,0,2,0,0,1),(4947,471,177,0,0,0,0,1),(4948,472,177,0,0,0,0,1),(4949,469,177,0,0,0,0,1),(4950,467,177,0,0,0,0,1),(4951,489,177,0,0,0,1,1),(4952,468,177,0,0,0,0,1),(4953,474,177,2,0,0,1,1),(4954,478,177,0,0,0,0,0),(4955,495,177,0,0,0,0,0),(4956,479,177,0,0,0,0,0),(4957,267,178,0,0,0,0,1),(4958,277,178,0,0,0,0,1),(4959,280,178,0,0,0,0,1),(4960,272,178,2,0,0,0,1),(4961,269,178,0,0,0,0,1),(4962,278,178,0,0,0,0,1),(4963,268,178,0,0,0,0,1),(4964,270,178,0,1,0,0,1),(4965,281,178,0,0,0,0,1),(4966,266,178,0,0,2,0,1),(4967,273,178,1,0,1,0,1),(4968,271,178,0,0,0,0,0),(4969,284,178,0,0,0,0,0),(4970,285,178,0,0,0,0,0),(4971,503,178,0,0,0,0,1),(4972,516,178,0,0,0,0,1),(4973,525,178,0,0,0,0,1),(4974,512,178,0,0,0,0,1),(4975,528,178,3,0,0,0,1),(4976,509,178,0,0,0,0,1),(4977,501,178,0,0,0,0,1),(4978,523,178,0,1,0,0,1),(4979,517,178,0,0,0,0,1),(4980,510,178,0,0,0,0,1),(4981,505,178,0,1,0,0,1),(4982,506,178,0,0,0,0,0),(4983,511,178,0,0,0,0,0),(4984,507,178,0,1,0,0,0),(4985,302,179,0,0,0,0,1),(4986,300,179,0,0,0,0,1),(4987,307,179,0,0,0,0,1),(4988,312,179,0,0,0,0,1),(4989,303,179,0,1,0,0,1),(4990,313,179,0,0,1,0,1),(4991,309,179,0,0,0,0,1),(4992,315,179,0,0,0,0,1),(4993,297,179,0,0,0,0,1),(4994,298,179,0,0,0,0,1),(4995,308,179,0,0,1,0,1),(4996,304,179,0,0,1,0,0),(4997,316,179,0,0,1,0,0),(4998,326,179,2,0,0,0,0),(4999,539,179,0,0,0,0,1),(5000,553,179,0,0,1,0,1),(5001,544,179,0,0,0,0,1),(5002,541,179,0,0,0,0,1),(5003,534,179,0,0,0,0,1),(5004,537,179,0,0,0,0,1),(5005,531,179,0,0,0,0,1),(5006,540,179,1,0,0,0,1),(5007,533,179,0,0,0,0,1),(5008,547,179,0,0,1,0,1),(5009,552,179,0,1,1,0,1),(5010,555,179,0,0,0,0,0),(5011,543,179,0,0,0,0,0),(5012,536,179,0,0,1,0,0),(5013,595,180,0,0,1,0,1),(5014,596,180,0,0,1,0,1),(5015,593,180,0,0,0,0,1),(5016,604,180,0,0,0,0,1),(5017,603,180,0,0,0,0,1),(5018,624,180,0,0,0,0,1),(5019,602,180,0,0,0,0,1),(5020,610,180,0,0,0,0,1),(5021,608,180,0,0,0,0,1),(5022,592,180,0,0,0,0,1),(5023,599,180,1,0,0,1,1),(5024,598,180,0,0,0,0,0),(5025,606,180,0,0,0,0,0),(5026,601,180,0,0,0,1,0),(5027,561,180,0,0,0,0,1),(5028,573,180,0,0,0,0,1),(5029,562,180,0,0,0,0,1),(5030,568,180,0,0,0,0,1),(5031,577,180,0,0,0,0,1),(5032,566,180,0,0,0,0,1),(5033,591,180,0,1,0,0,1),(5034,570,180,3,0,1,0,1),(5035,563,180,0,0,0,0,1),(5036,565,180,0,0,1,0,1),(5037,564,180,0,0,1,0,1),(5038,576,180,0,0,0,0,0),(5039,575,180,0,0,0,0,0),(5040,572,180,0,0,0,0,0),(5041,22,181,0,1,0,0,1),(5042,10,181,1,0,0,0,1),(5043,15,181,0,0,0,0,1),(5044,1,181,0,0,0,0,1),(5045,16,181,0,0,0,0,1),(5046,33,181,0,0,0,0,1),(5047,4,181,0,0,0,0,1),(5048,2,181,0,0,1,0,1),(5049,3,181,0,0,1,0,1),(5050,12,181,2,0,1,0,1),(5051,7,181,0,0,1,0,1),(5052,25,181,0,0,0,0,0),(5053,17,181,0,0,0,0,0),(5054,21,181,0,0,0,0,0),(5055,340,181,0,0,0,0,1),(5056,350,181,0,0,0,0,1),(5057,332,181,0,1,0,0,1),(5058,336,181,0,0,0,0,1),(5059,343,181,0,0,0,0,1),(5060,331,181,0,0,0,0,1),(5061,344,181,0,0,0,0,1),(5062,330,181,0,0,0,0,1),(5063,334,181,0,0,0,0,1),(5064,338,181,0,0,0,0,1),(5065,349,181,0,0,1,0,1),(5066,335,181,2,0,0,0,0),(5067,339,181,0,0,0,0,0),(5068,345,181,0,0,1,0,0),(5069,36,182,0,0,0,0,1),(5070,43,182,0,0,0,0,1),(5071,56,182,1,0,0,0,1),(5072,41,182,3,0,0,0,1),(5073,38,182,0,0,0,0,1),(5074,51,182,0,0,0,0,1),(5075,49,182,0,0,0,0,1),(5076,39,182,0,0,0,0,1),(5077,40,182,0,2,0,0,1),(5078,45,182,0,0,0,0,1),(5079,44,182,0,0,0,0,1),(5080,37,182,0,0,0,0,0),(5081,52,182,0,0,0,0,0),(5082,46,182,0,0,1,0,0),(5083,373,182,0,0,0,0,1),(5084,370,182,1,0,0,0,1),(5085,367,182,0,0,0,0,1),(5086,380,182,0,0,0,0,1),(5087,376,182,0,1,0,0,1),(5088,365,182,0,0,0,0,1),(5089,378,182,0,0,0,0,1),(5090,375,182,0,0,0,0,1),(5091,364,182,0,0,0,0,1),(5092,374,182,0,0,1,0,1),(5093,369,182,0,0,1,0,1),(5094,377,182,0,0,0,0,0),(5095,384,182,2,0,0,0,0),(5096,383,182,0,1,1,0,0),(5097,70,183,0,0,0,0,1),(5098,87,183,0,0,0,0,1),(5099,73,183,0,0,0,0,1),(5100,71,183,0,0,0,0,1),(5101,68,183,0,0,0,0,1),(5102,85,183,0,0,0,0,1),(5103,84,183,0,0,0,0,1),(5104,72,183,0,0,0,0,1),(5105,75,183,0,0,1,0,1),(5106,81,183,0,0,1,0,1),(5107,74,183,0,0,1,0,1),(5108,78,183,1,0,0,0,0),(5109,80,183,0,0,0,0,0),(5110,86,183,0,0,0,0,0),(5111,396,183,0,0,0,0,1),(5112,399,183,0,0,0,0,1),(5113,391,183,0,0,0,0,1),(5114,414,183,0,0,0,0,1),(5115,403,183,0,0,0,0,1),(5116,398,183,0,0,0,0,1),(5117,392,183,0,0,0,0,1),(5118,394,183,0,0,0,0,1),(5119,407,183,0,0,0,0,1),(5120,393,183,0,0,0,0,1),(5121,409,183,0,0,1,0,1),(5122,401,183,0,0,0,0,0),(5123,400,183,0,0,0,0,0),(5124,408,183,0,0,0,0,0),(5125,109,184,0,0,0,0,1),(5126,120,184,0,0,0,0,1),(5127,108,184,0,0,0,0,1),(5128,102,184,0,0,0,0,1),(5129,113,184,0,1,0,0,1),(5130,100,184,0,0,0,0,1),(5131,103,184,1,0,1,0,1),(5132,121,184,0,0,1,0,1),(5133,107,184,0,0,0,0,1),(5134,114,184,0,0,0,0,1),(5135,110,184,0,0,1,0,1),(5136,130,184,0,0,0,0,0),(5137,105,184,0,0,1,0,0),(5138,115,184,0,0,0,0,0),(5139,427,184,2,0,0,0,1),(5140,418,184,0,0,0,0,1),(5141,436,184,0,0,0,0,1),(5142,424,184,0,0,0,0,1),(5143,420,184,0,1,0,0,1),(5144,428,184,1,0,0,0,1),(5145,430,184,0,0,0,0,1),(5146,416,184,0,0,0,0,1),(5147,432,184,0,0,0,0,1),(5148,442,184,0,0,1,0,1),(5149,434,184,0,0,1,0,1),(5150,422,184,0,0,0,0,0),(5151,417,184,0,0,0,0,0),(5152,426,184,0,0,1,0,0),(5153,148,185,0,0,0,0,1),(5154,149,185,0,0,0,0,1),(5155,141,185,0,0,0,0,1),(5156,133,185,0,0,0,0,1),(5157,138,185,0,0,0,0,1),(5158,151,185,0,0,0,0,1),(5159,152,185,4,0,0,0,1),(5160,136,185,0,0,1,0,1),(5161,142,185,0,0,1,0,1),(5162,143,185,0,0,1,0,1),(5163,144,185,0,1,1,0,1),(5164,146,185,0,0,0,0,0),(5165,140,185,0,0,0,0,0),(5166,135,185,0,0,0,0,0),(5167,446,185,0,0,0,0,1),(5168,464,185,0,0,0,0,1),(5169,453,185,0,0,0,0,1),(5170,461,185,0,0,0,0,1),(5171,448,185,0,0,1,0,1),(5172,449,185,0,0,0,0,1),(5173,462,185,0,0,0,0,1),(5174,460,185,0,0,0,0,1),(5175,450,185,0,1,0,0,1),(5176,466,185,0,0,0,0,1),(5177,447,185,0,0,0,1,1),(5178,454,185,1,0,0,0,0),(5179,451,185,0,0,0,0,0),(5180,455,185,0,0,0,0,0),(5181,181,186,0,0,0,0,1),(5182,174,186,0,0,0,0,1),(5183,182,186,0,0,0,0,1),(5184,172,186,0,0,0,0,1),(5185,177,186,0,0,0,0,1),(5186,180,186,0,0,0,0,1),(5187,168,186,0,0,0,0,1),(5188,183,186,0,0,0,0,1),(5189,167,186,0,0,0,0,1),(5190,190,186,0,0,0,0,1),(5191,171,186,0,0,1,0,1),(5192,184,186,0,0,0,0,0),(5193,176,186,0,0,1,0,0),(5194,192,186,1,0,0,0,0),(5195,475,186,0,0,1,0,1),(5196,473,186,0,0,0,0,1),(5197,476,186,0,0,1,0,1),(5198,483,186,0,0,1,0,1),(5199,471,186,0,0,1,0,1),(5200,467,186,0,0,0,0,1),(5201,470,186,0,0,0,0,1),(5202,479,186,0,0,0,0,1),(5203,491,186,0,0,0,0,1),(5204,469,186,0,0,0,0,1),(5205,477,186,0,0,0,0,1),(5206,472,186,0,0,0,0,0),(5207,485,186,0,0,0,1,0),(5208,478,186,0,0,0,0,0),(5209,208,187,0,0,0,0,1),(5210,206,187,0,0,0,0,1),(5211,218,187,0,0,0,0,1),(5212,221,187,0,0,0,0,1),(5213,203,187,0,0,0,0,1),(5214,207,187,0,0,0,0,1),(5215,222,187,0,0,0,0,1),(5216,202,187,0,0,0,0,1),(5217,215,187,0,0,0,0,1),(5218,204,187,0,0,0,0,1),(5219,199,187,0,0,1,0,1),(5220,213,187,0,0,0,0,0),(5221,198,187,0,0,0,0,0),(5222,201,187,0,0,0,0,0),(5223,501,187,0,0,0,0,1),(5224,503,187,0,0,0,0,1),(5225,506,187,0,0,0,0,1),(5226,502,187,0,0,0,0,1),(5227,505,187,0,0,0,0,1),(5228,500,187,0,0,0,0,1),(5229,509,187,0,0,0,0,1),(5230,528,187,0,0,0,0,1),(5231,511,187,0,0,0,0,1),(5232,522,187,0,0,1,0,1),(5233,523,187,0,0,1,0,1),(5234,508,187,0,0,0,0,0),(5235,507,187,0,0,1,0,0),(5236,510,187,1,0,0,0,0),(5237,239,188,0,0,0,0,1),(5238,253,188,0,0,0,0,1),(5239,246,188,0,0,0,0,1),(5240,235,188,0,0,0,0,1),(5241,236,188,0,0,0,0,1),(5242,242,188,2,0,0,0,1),(5243,231,188,0,0,0,0,1),(5244,237,188,1,1,0,0,1),(5245,233,188,0,0,2,0,1),(5246,245,188,0,0,1,0,1),(5247,240,188,0,0,1,0,1),(5248,241,188,0,0,0,0,0),(5249,249,188,0,0,0,0,0),(5250,250,188,0,0,0,0,0),(5251,544,188,0,0,0,0,1),(5252,533,188,0,0,0,0,1),(5253,539,188,0,0,0,0,1),(5254,540,188,0,0,0,0,1),(5255,552,188,0,0,0,0,1),(5256,534,188,0,0,0,0,1),(5257,537,188,0,0,0,0,1),(5258,555,188,0,0,0,0,1),(5259,531,188,0,0,0,0,1),(5260,532,188,0,0,2,0,1),(5261,553,188,0,0,0,0,1),(5262,538,188,0,0,0,0,0),(5263,550,188,0,0,0,0,0),(5264,541,188,0,0,0,0,0),(5265,267,189,0,0,0,0,1),(5266,268,189,0,0,0,0,1),(5267,276,189,0,0,0,0,1),(5268,278,189,0,0,0,0,1),(5269,277,189,0,0,0,0,1),(5270,279,189,0,0,0,0,1),(5271,280,189,0,0,0,0,1),(5272,264,189,0,0,0,0,1),(5273,271,189,0,0,0,0,1),(5274,269,189,0,0,0,0,1),(5275,273,189,0,0,0,0,1),(5276,272,189,1,0,1,0,0),(5277,284,189,0,0,0,0,0),(5278,275,189,0,0,0,0,0),(5279,568,189,0,0,0,0,1),(5280,561,189,0,0,0,0,1),(5281,591,189,0,0,0,0,1),(5282,567,189,0,0,0,0,1),(5283,563,189,0,0,0,0,1),(5284,576,189,0,0,0,0,1),(5285,566,189,0,0,0,0,1),(5286,573,189,0,0,0,0,1),(5287,560,189,0,0,0,0,1),(5288,562,189,0,0,0,0,1),(5289,571,189,2,0,1,0,1),(5290,569,189,0,0,0,0,0),(5291,578,189,0,0,1,0,0),(5292,575,189,0,0,1,0,0),(5293,299,190,0,0,0,0,1),(5294,298,190,0,0,0,0,1),(5295,311,190,0,0,0,0,1),(5296,302,190,0,0,0,0,1),(5297,305,190,0,1,0,0,1),(5298,306,190,0,0,0,0,1),(5299,315,190,0,0,0,0,1),(5300,312,190,0,0,0,0,1),(5301,308,190,0,0,0,0,1),(5302,297,190,0,0,0,0,1),(5303,310,190,0,0,0,0,1),(5304,318,190,2,0,0,0,0),(5305,324,190,0,0,0,0,0),(5306,303,190,0,0,0,0,0),(5307,594,190,0,0,1,0,1),(5308,610,190,0,0,0,0,1),(5309,597,190,0,0,0,0,1),(5310,593,190,0,0,0,0,1),(5311,595,190,0,1,0,0,1),(5312,615,190,0,0,0,0,1),(5313,602,190,0,0,0,0,1),(5314,600,190,0,0,0,0,1),(5315,596,190,0,0,0,0,1),(5316,592,190,0,0,0,0,1),(5317,608,190,0,0,0,0,1),(5318,606,190,0,0,0,0,0),(5319,605,190,2,0,0,0,0),(5320,616,190,0,0,0,0,0),(5321,14,191,0,0,0,0,1),(5322,4,191,0,0,0,0,1),(5323,13,191,0,0,0,0,1),(5324,16,191,0,0,0,0,1),(5325,27,191,0,0,0,0,1),(5326,8,191,0,0,0,0,1),(5327,10,191,0,0,0,0,1),(5328,15,191,0,0,0,0,1),(5329,7,191,0,0,1,0,1),(5330,17,191,0,0,2,0,1),(5331,6,191,0,0,0,0,1),(5332,9,191,0,0,0,0,0),(5333,12,191,0,0,0,0,0),(5334,28,191,0,0,1,0,0),(5335,367,191,0,0,0,0,1),(5336,389,191,0,0,0,0,1),(5337,365,191,0,0,0,0,1),(5338,375,191,0,0,0,0,1),(5339,364,191,0,0,0,0,1),(5340,377,191,0,0,0,0,1),(5341,373,191,0,0,0,0,1),(5342,368,191,0,0,0,0,1),(5343,363,191,0,0,0,0,1),(5344,369,191,0,0,0,0,1),(5345,371,191,0,0,0,0,1),(5346,382,191,0,0,0,0,0),(5347,383,191,0,0,0,0,0),(5348,374,191,0,0,0,0,0),(5349,332,192,0,0,0,0,1),(5350,349,192,0,0,0,0,1),(5351,340,192,0,0,0,0,1),(5352,334,192,0,0,0,0,1),(5353,336,192,0,1,0,0,1),(5354,330,192,0,0,0,0,1),(5355,339,192,2,0,0,0,1),(5356,333,192,0,0,1,0,1),(5357,338,192,0,0,1,0,1),(5358,344,192,1,0,1,0,1),(5359,335,192,0,0,1,0,1),(5360,343,192,0,0,0,0,0),(5361,342,192,0,0,0,0,0),(5362,348,192,0,0,0,0,0),(5363,404,192,0,0,0,0,1),(5364,397,192,0,0,0,0,1),(5365,394,192,1,0,0,0,1),(5366,396,192,0,0,0,0,1),(5367,414,192,0,1,0,0,1),(5368,390,192,0,0,0,0,1),(5369,409,192,0,0,0,0,1),(5370,391,192,0,0,0,0,1),(5371,406,192,0,0,0,0,1),(5372,399,192,1,1,1,0,1),(5373,393,192,0,0,1,0,1),(5374,400,192,0,0,0,0,0),(5375,401,192,2,0,0,0,0),(5376,402,192,0,0,0,0,0),(5377,40,193,0,3,0,0,1),(5378,56,193,3,0,1,0,1),(5379,42,193,0,0,0,0,1),(5380,50,193,0,0,0,0,1),(5381,44,193,0,0,0,0,1),(5382,38,193,0,0,0,0,1),(5383,52,193,0,0,0,0,1),(5384,47,193,1,0,0,0,1),(5385,43,193,0,0,0,0,1),(5386,34,193,0,0,0,0,1),(5387,39,193,0,0,0,1,1),(5388,45,193,0,0,1,0,0),(5389,48,193,0,0,0,0,0),(5390,35,193,0,0,1,1,0),(5391,422,193,0,0,0,0,1),(5392,442,193,0,0,0,0,1),(5393,416,193,0,0,0,0,1),(5394,420,193,0,0,0,0,1),(5395,415,193,0,0,0,0,1),(5396,430,193,0,0,1,0,1),(5397,429,193,0,0,0,0,1),(5398,418,193,0,0,0,0,1),(5399,419,193,0,0,0,0,1),(5400,423,193,2,1,1,0,1),(5401,424,193,0,0,1,0,1),(5402,428,193,0,0,0,0,0),(5403,425,193,0,0,0,0,0),(5404,436,193,1,0,0,0,0),(5405,75,194,0,1,0,0,1),(5406,74,194,0,0,0,0,1),(5407,71,194,0,0,0,0,1),(5408,67,194,0,0,0,0,1),(5409,81,194,0,0,0,0,1),(5410,87,194,1,0,0,0,1),(5411,69,194,0,0,0,0,1),(5412,86,194,0,0,0,0,1),(5413,72,194,1,1,1,0,1),(5414,80,194,0,0,1,0,1),(5415,70,194,0,0,1,0,1),(5416,76,194,0,0,0,0,0),(5417,88,194,0,0,0,0,0),(5418,78,194,0,0,0,0,0),(5419,466,194,0,0,2,0,1),(5420,456,194,0,0,1,0,1),(5421,464,194,0,0,1,0,1),(5422,446,194,0,0,0,0,1),(5423,458,194,0,0,0,0,1),(5424,461,194,0,0,0,0,1),(5425,455,194,0,0,0,0,1),(5426,452,194,0,0,0,0,1),(5427,449,194,0,1,0,0,1),(5428,460,194,0,0,0,0,1),(5429,450,194,0,0,0,0,1),(5430,462,194,0,0,0,1,0),(5431,453,194,1,0,0,0,0),(5432,454,194,0,0,0,0,0),(5433,110,195,1,0,0,0,1),(5434,105,195,0,1,0,0,1),(5435,109,195,0,0,0,0,1),(5436,100,195,0,0,0,0,1),(5437,114,195,0,0,0,0,1),(5438,121,195,0,0,0,0,1),(5439,107,195,0,0,0,0,1),(5440,120,195,0,0,0,0,1),(5441,102,195,0,0,0,0,1),(5442,115,195,0,0,0,0,1),(5443,103,195,0,0,1,1,1),(5444,112,195,0,0,0,0,0),(5445,130,195,0,0,0,0,0),(5446,122,195,0,0,0,0,0),(5447,477,195,0,0,0,0,1),(5448,471,195,0,0,1,0,1),(5449,474,195,0,0,0,0,1),(5450,491,195,0,0,0,0,1),(5451,467,195,0,0,0,0,1),(5452,469,195,0,0,0,0,1),(5453,476,195,0,0,0,0,1),(5454,470,195,0,0,0,0,1),(5455,478,195,0,0,0,0,1),(5456,473,195,0,0,0,0,1),(5457,483,195,0,0,0,0,1),(5458,475,195,0,0,0,0,0),(5459,468,195,0,0,0,0,0),(5460,472,195,0,0,0,1,0),(5461,142,196,0,0,0,0,1),(5462,152,196,0,0,0,0,1),(5463,143,196,0,0,0,0,1),(5464,140,196,0,0,0,0,1),(5465,136,196,0,0,0,0,1),(5466,146,196,0,0,0,0,1),(5467,134,196,0,0,0,0,1),(5468,138,196,0,0,0,0,1),(5469,135,196,0,0,0,0,1),(5470,155,196,0,0,0,0,1),(5471,137,196,0,0,0,1,1),(5472,149,196,0,0,0,0,0),(5473,157,196,0,0,0,0,0),(5474,144,196,0,0,0,0,0),(5475,512,196,0,0,0,0,1),(5476,502,196,0,0,0,0,1),(5477,500,196,0,0,0,0,1),(5478,505,196,0,0,0,0,1),(5479,511,196,0,0,0,0,1),(5480,516,196,0,0,0,0,1),(5481,506,196,0,0,0,0,1),(5482,510,196,1,0,0,0,1),(5483,503,196,0,0,1,0,1),(5484,509,196,0,0,1,0,1),(5485,504,196,0,0,1,0,1),(5486,507,196,0,0,0,0,0),(5487,528,196,0,0,0,0,0),(5488,524,196,0,0,1,0,0),(5489,169,197,1,0,0,0,1),(5490,172,197,0,0,0,0,1),(5491,181,197,0,0,0,0,1),(5492,174,197,1,0,0,0,1),(5493,170,197,0,0,0,0,1),(5494,175,197,0,0,0,0,1),(5495,167,197,0,0,0,0,1),(5496,180,197,0,0,0,0,1),(5497,178,197,1,0,0,0,1),(5498,166,197,0,0,0,0,1),(5499,171,197,0,0,0,0,1),(5500,190,197,0,0,0,0,0),(5501,173,197,0,0,0,0,0),(5502,177,197,0,0,0,0,0),(5503,544,197,0,0,0,0,1),(5504,552,197,0,0,0,0,1),(5505,539,197,0,0,0,0,1),(5506,533,197,0,0,0,0,1),(5507,548,197,0,0,0,0,1),(5508,541,197,1,0,0,0,1),(5509,534,197,0,0,0,0,1),(5510,536,197,0,0,0,0,1),(5511,546,197,0,0,0,0,1),(5512,535,197,0,0,0,0,1),(5513,550,197,0,0,1,0,1),(5514,553,197,0,0,0,0,0),(5515,542,197,0,0,0,0,0),(5516,537,197,0,0,0,0,0),(5517,202,198,0,0,1,0,1),(5518,218,198,0,0,0,0,1),(5519,208,198,2,0,0,0,1),(5520,204,198,0,0,0,0,1),(5521,215,198,0,0,0,0,1),(5522,222,198,0,0,0,0,1),(5523,199,198,0,0,0,0,1),(5524,210,198,0,0,0,0,1),(5525,205,198,0,0,0,0,1),(5526,201,198,0,0,0,0,1),(5527,206,198,0,0,0,0,1),(5528,223,198,0,0,0,0,0),(5529,209,198,0,1,0,0,0),(5530,213,198,0,0,0,0,0),(5531,566,198,0,0,0,0,1),(5532,564,198,0,0,0,0,1),(5533,570,198,0,0,0,0,1),(5534,591,198,0,0,0,0,1),(5535,563,198,0,0,0,0,1),(5536,569,198,3,0,0,0,1),(5537,573,198,0,0,0,0,1),(5538,561,198,0,0,0,0,1),(5539,560,198,0,0,0,0,1),(5540,576,198,2,0,1,0,1),(5541,575,198,0,0,1,0,1),(5542,572,198,0,0,0,0,0),(5543,568,198,0,0,1,0,0),(5544,578,198,0,0,0,0,0),(5545,235,199,0,0,1,0,1),(5546,253,199,0,0,0,0,1),(5547,236,199,0,0,0,0,1),(5548,252,199,0,0,0,0,1),(5549,244,199,0,1,0,0,1),(5550,237,199,0,0,0,0,1),(5551,249,199,0,0,0,0,1),(5552,239,199,0,0,0,0,1),(5553,248,199,0,0,0,0,1),(5554,246,199,0,0,1,0,1),(5555,241,199,0,0,1,0,1),(5556,243,199,0,0,0,0,0),(5557,257,199,1,0,0,0,0),(5558,240,199,0,0,0,0,0),(5559,600,199,0,0,0,0,1),(5560,605,199,0,0,0,0,1),(5561,595,199,0,0,0,0,1),(5562,594,199,0,0,0,0,1),(5563,599,199,1,1,0,0,1),(5564,597,199,0,0,0,0,1),(5565,592,199,0,0,0,0,1),(5566,598,199,0,1,0,0,1),(5567,596,199,0,0,0,0,1),(5568,603,199,1,0,0,0,1),(5569,624,199,0,0,1,0,1),(5570,604,199,0,0,0,0,0),(5571,608,199,0,0,1,0,0),(5572,602,199,0,0,1,0,0),(5573,270,200,0,0,0,0,1),(5574,278,200,0,0,0,0,1),(5575,279,200,0,0,0,0,1),(5576,272,200,0,0,0,0,1),(5577,277,200,0,0,0,0,1),(5578,266,200,0,0,0,0,1),(5579,268,200,0,0,1,0,1),(5580,280,200,0,0,0,0,1),(5581,271,200,0,0,0,0,1),(5582,286,200,0,0,0,0,1),(5583,264,200,0,0,0,0,1),(5584,273,200,0,0,0,0,0),(5585,275,200,0,0,0,0,0),(5586,285,200,0,0,0,0,0),(5587,299,200,0,0,0,0,1),(5588,315,200,0,0,0,0,1),(5589,309,200,0,0,0,0,1),(5590,311,200,0,0,0,0,1),(5591,302,200,0,1,0,0,1),(5592,306,200,0,0,0,0,1),(5593,300,200,0,0,0,0,1),(5594,305,200,1,0,0,0,1),(5595,308,200,0,0,0,0,1),(5596,298,200,0,0,0,0,1),(5597,297,200,0,0,0,0,1),(5598,303,200,0,0,0,0,0),(5599,307,200,0,0,0,0,0),(5600,318,200,1,0,0,0,0),(5601,33,201,0,0,0,0,1),(5602,15,201,0,0,0,0,1),(5603,3,201,0,0,0,0,1),(5604,7,201,0,0,0,0,1),(5605,9,201,0,0,0,0,1),(5606,10,201,0,0,0,0,1),(5607,18,201,0,0,0,0,1),(5608,20,201,0,0,0,0,1),(5609,4,201,0,0,0,0,1),(5610,2,201,0,0,2,0,1),(5611,8,201,1,1,1,0,1),(5612,11,201,0,0,0,0,0),(5613,21,201,2,1,1,0,0),(5614,22,201,0,0,0,0,0),(5615,403,201,0,1,0,0,1),(5616,408,201,2,0,0,0,1),(5617,414,201,0,0,0,0,1),(5618,409,201,0,0,0,0,1),(5619,398,201,0,0,0,0,1),(5620,402,201,0,0,0,0,1),(5621,391,201,0,0,0,0,1),(5622,407,201,0,0,0,0,1),(5623,395,201,0,0,0,0,1),(5624,393,201,0,0,0,0,1),(5625,392,201,0,0,1,0,1),(5626,399,201,0,0,0,0,0),(5627,400,201,0,0,0,0,0),(5628,401,201,0,0,0,0,0),(5629,377,202,0,0,0,0,1),(5630,378,202,0,0,0,0,1),(5631,371,202,0,0,0,0,1),(5632,363,202,0,0,0,0,1),(5633,369,202,0,1,0,0,1),(5634,387,202,3,0,0,0,1),(5635,368,202,0,0,0,0,1),(5636,372,202,0,0,0,0,1),(5637,364,202,0,0,1,0,1),(5638,370,202,0,0,1,0,1),(5639,367,202,0,0,1,0,1),(5640,373,202,0,0,0,0,0),(5641,382,202,0,0,0,0,0),(5642,374,202,0,0,0,0,0),(5643,423,202,0,0,0,0,1),(5644,416,202,0,0,0,0,1),(5645,427,202,0,0,0,0,1),(5646,429,202,0,0,0,0,1),(5647,420,202,0,2,0,0,1),(5648,432,202,0,0,0,0,1),(5649,430,202,0,0,2,0,1),(5650,424,202,0,0,0,0,1),(5651,419,202,0,0,0,0,1),(5652,431,202,0,0,0,0,1),(5653,442,202,0,0,1,0,1),(5654,425,202,1,0,0,0,0),(5655,421,202,0,0,0,0,0),(5656,422,202,1,0,1,0,0),(5657,343,203,0,0,0,0,1),(5658,340,203,0,0,0,0,1),(5659,338,203,2,0,1,0,1),(5660,336,203,0,0,0,0,1),(5661,334,203,0,0,0,0,1),(5662,339,203,0,0,0,0,1),(5663,330,203,0,0,0,0,1),(5664,345,203,0,0,1,1,1),(5665,332,203,0,0,0,1,1),(5666,331,203,0,0,0,0,1),(5667,342,203,0,0,0,0,1),(5668,335,203,0,0,0,0,0),(5669,348,203,0,0,0,0,0),(5670,333,203,0,0,0,0,0),(5671,447,203,0,0,0,0,1),(5672,455,203,1,0,0,0,1),(5673,445,203,0,0,0,0,1),(5674,457,203,0,0,0,0,1),(5675,464,203,0,0,0,0,1),(5676,453,203,0,0,0,0,1),(5677,446,203,0,0,0,0,1),(5678,448,203,0,0,0,0,1),(5679,450,203,0,0,0,0,1),(5680,460,203,0,0,0,0,1),(5681,456,203,1,2,0,0,1),(5682,452,203,1,1,0,0,0),(5683,443,203,0,0,0,0,0),(5684,458,203,0,0,0,0,0),(5685,37,204,0,0,0,0,1),(5686,56,204,0,0,1,0,1),(5687,49,204,0,0,1,0,1),(5688,45,204,0,0,0,0,1),(5689,43,204,0,0,0,0,1),(5690,44,204,0,0,0,0,1),(5691,40,204,0,3,0,0,1),(5692,38,204,2,0,0,0,1),(5693,51,204,0,0,0,0,1),(5694,36,204,0,0,0,0,1),(5695,42,204,0,0,0,0,1),(5696,60,204,0,0,0,0,0),(5697,48,204,3,0,1,0,0),(5698,41,204,0,0,0,1,0),(5699,483,204,0,0,0,0,1),(5700,471,204,0,0,0,0,1),(5701,485,204,0,0,0,0,1),(5702,467,204,0,0,0,0,1),(5703,476,204,0,0,0,0,1),(5704,475,204,0,0,0,0,1),(5705,474,204,0,0,0,0,1),(5706,469,204,0,0,0,0,1),(5707,473,204,0,0,0,0,1),(5708,470,204,0,0,1,0,1),(5709,491,204,0,0,1,0,1),(5710,477,204,0,0,0,0,0),(5711,487,204,0,0,0,0,0),(5712,493,204,0,0,0,0,0),(5713,75,205,0,0,0,0,1),(5714,85,205,0,0,0,0,1),(5715,74,205,0,0,0,0,1),(5716,77,205,0,0,0,0,1),(5717,81,205,0,0,0,0,1),(5718,69,205,0,0,0,0,1),(5719,67,205,0,0,0,0,1),(5720,80,205,0,0,0,0,1),(5721,72,205,0,2,1,0,1),(5722,71,205,0,0,2,0,1),(5723,82,205,0,0,1,0,1),(5724,76,205,2,0,0,0,0),(5725,87,205,0,0,0,0,0),(5726,73,205,0,0,0,0,0),(5727,506,205,1,0,0,0,1),(5728,525,205,2,0,1,0,1),(5729,509,205,0,0,0,0,1),(5730,502,205,0,0,1,0,1),(5731,508,205,0,0,0,0,1),(5732,516,205,0,0,0,0,1),(5733,500,205,0,0,0,0,1),(5734,524,205,0,0,0,0,1),(5735,511,205,0,0,0,0,1),(5736,501,205,0,0,0,0,1),(5737,504,205,0,0,0,0,1),(5738,523,205,0,0,0,0,0),(5739,512,205,0,0,0,1,0),(5740,528,205,0,0,0,0,0),(5741,110,206,1,0,0,0,1),(5742,122,206,0,0,0,0,1),(5743,104,206,0,0,0,0,1),(5744,106,206,0,0,0,0,1),(5745,120,206,0,0,0,0,1),(5746,101,206,0,0,0,0,1),(5747,121,206,0,0,0,0,1),(5748,107,206,0,2,0,0,1),(5749,100,206,0,0,0,0,1),(5750,113,206,0,0,0,0,1),(5751,115,206,2,0,1,0,1),(5752,112,206,0,0,0,0,0),(5753,109,206,0,0,0,0,0),(5754,111,206,1,0,0,0,0),(5755,541,206,0,0,0,0,1),(5756,543,206,0,0,0,0,1),(5757,547,206,0,0,0,0,1),(5758,552,206,0,0,0,0,1),(5759,534,206,0,0,0,0,1),(5760,531,206,0,0,0,0,1),(5761,539,206,0,1,0,0,1),(5762,533,206,0,0,0,0,1),(5763,544,206,0,0,0,0,1),(5764,537,206,0,0,0,0,1),(5765,532,206,0,0,2,0,1),(5766,555,206,0,0,0,0,0),(5767,550,206,0,0,0,0,0),(5768,540,206,1,0,0,0,0),(5769,148,207,0,0,2,0,1),(5770,143,207,0,0,1,0,1),(5771,162,207,0,0,0,0,1),(5772,144,207,0,0,0,0,1),(5773,152,207,0,0,0,0,1),(5774,136,207,0,0,0,0,1),(5775,149,207,0,0,1,0,1),(5776,146,207,0,0,0,0,1),(5777,150,207,0,0,0,0,1),(5778,141,207,0,0,0,1,1),(5779,142,207,0,0,0,0,0),(5780,138,207,0,0,0,0,0),(5781,140,207,0,0,0,0,0),(5782,145,207,0,0,0,0,0),(5783,563,207,0,0,0,0,1),(5784,565,207,0,0,0,0,1),(5785,591,207,0,0,0,0,1),(5786,566,207,1,0,0,0,1),(5787,564,207,0,0,0,0,1),(5788,578,207,0,0,0,0,1),(5789,567,207,0,0,0,0,1),(5790,569,207,0,1,0,0,1),(5791,560,207,0,0,0,0,1),(5792,576,207,0,0,1,0,1),(5793,561,207,0,0,0,0,1),(5794,571,207,0,0,0,0,0),(5795,570,207,0,0,0,0,0),(5796,568,207,0,0,0,0,0),(5797,167,208,1,0,0,0,1),(5798,187,208,1,0,0,0,1),(5799,178,208,2,0,0,0,1),(5800,169,208,0,0,0,0,1),(5801,190,208,0,0,0,0,1),(5802,179,208,0,1,0,0,1),(5803,172,208,0,0,0,0,1),(5804,173,208,0,2,0,0,1),(5805,166,208,0,0,0,0,1),(5806,168,208,0,0,0,0,1),(5807,181,208,0,0,0,0,1),(5808,192,208,0,0,0,0,0),(5809,175,208,0,0,0,0,0),(5810,184,208,0,0,0,0,0),(5811,615,208,0,0,0,0,1),(5812,600,208,0,0,0,0,1),(5813,608,208,0,0,0,0,1),(5814,605,208,0,0,0,0,1),(5815,593,208,0,0,0,0,1),(5816,598,208,0,0,0,0,1),(5817,596,208,0,0,0,0,1),(5818,609,208,0,0,0,0,1),(5819,597,208,0,0,0,0,1),(5820,602,208,0,3,0,0,1),(5821,624,208,0,0,0,0,1),(5822,616,208,3,0,0,0,0),(5823,599,208,0,0,0,0,0),(5824,594,208,0,0,0,0,0),(5825,213,209,0,0,0,0,1),(5826,199,209,0,0,0,0,1),(5827,205,209,0,0,0,0,1),(5828,203,209,2,0,0,0,1),(5829,198,209,0,0,0,0,1),(5830,201,209,0,0,0,0,1),(5831,209,209,0,0,0,0,1),(5832,208,209,0,0,0,0,1),(5833,202,209,0,0,0,0,1),(5834,221,209,0,1,2,0,1),(5835,218,209,0,0,1,0,1),(5836,222,209,0,0,0,0,0),(5837,204,209,0,0,1,0,0),(5838,210,209,0,0,0,0,0),(5839,315,209,1,0,0,0,1),(5840,305,209,0,0,0,0,1),(5841,311,209,0,0,0,0,1),(5842,302,209,0,0,0,0,1),(5843,308,209,0,0,0,0,1),(5844,300,209,0,0,0,0,1),(5845,299,209,0,0,0,0,1),(5846,309,209,0,0,0,0,1),(5847,318,209,4,1,0,0,1),(5848,298,209,0,0,0,0,1),(5849,297,209,0,0,0,0,1),(5850,304,209,0,0,0,0,0),(5851,314,209,0,0,0,0,0),(5852,303,209,0,2,0,0,0),(5853,233,210,0,1,0,0,1),(5854,241,210,0,0,0,0,1),(5855,236,210,2,0,0,0,1),(5856,253,210,0,0,0,0,1),(5857,237,210,0,0,0,0,1),(5858,239,210,0,0,0,0,1),(5859,245,210,0,0,0,0,1),(5860,247,210,0,0,0,0,1),(5861,238,210,0,0,0,0,1),(5862,231,210,0,0,0,0,1),(5863,235,210,0,0,1,1,1),(5864,249,210,0,0,0,0,0),(5865,240,210,0,0,0,0,0),(5866,257,210,0,0,0,0,0),(5867,279,210,0,0,0,0,1),(5868,266,210,0,0,0,0,1),(5869,278,210,0,0,0,0,1),(5870,264,210,0,0,0,0,1),(5871,267,210,0,0,0,0,1),(5872,268,210,0,0,0,0,1),(5873,271,210,0,0,0,0,1),(5874,269,210,0,0,0,0,1),(5875,272,210,0,0,0,0,1),(5876,275,210,0,0,1,0,1),(5877,265,210,0,0,2,0,1),(5878,270,210,0,0,0,0,0),(5879,277,210,0,0,1,0,0),(5880,280,210,0,0,0,0,0),(5881,4,211,0,0,0,0,1),(5882,7,211,0,0,0,0,1),(5883,11,211,0,0,1,0,1),(5884,6,211,0,0,0,0,1),(5885,14,211,0,0,1,0,1),(5886,22,211,0,0,0,0,1),(5887,17,211,0,0,0,0,1),(5888,1,211,0,0,0,0,1),(5889,9,211,0,0,0,0,1),(5890,23,211,0,0,1,0,1),(5891,8,211,0,0,0,1,1),(5892,10,211,0,0,0,0,0),(5893,13,211,0,0,1,0,0),(5894,12,211,0,0,0,0,0),(5895,419,211,0,0,0,0,1),(5896,429,211,0,0,0,0,1),(5897,431,211,0,0,0,0,1),(5898,421,211,0,0,0,0,1),(5899,436,211,0,0,0,0,1),(5900,423,211,2,0,0,0,1),(5901,434,211,0,0,0,0,1),(5902,418,211,0,2,0,0,1),(5903,442,211,0,0,0,0,1),(5904,435,211,0,0,0,0,1),(5905,415,211,0,0,0,0,1),(5906,432,211,0,0,0,0,0),(5907,417,211,0,0,0,0,0),(5908,426,211,1,0,0,0,0),(5909,409,212,3,0,0,0,1),(5910,396,212,0,0,0,0,1),(5911,398,212,0,0,0,0,1),(5912,402,212,0,0,0,0,1),(5913,407,212,0,0,0,0,1),(5914,391,212,0,0,0,0,1),(5915,414,212,0,0,0,0,1),(5916,394,212,0,0,0,0,1),(5917,397,212,0,0,0,0,1),(5918,393,212,0,0,0,1,1),(5919,392,212,0,0,0,1,1),(5920,401,212,0,0,0,0,0),(5921,406,212,0,0,0,0,0),(5922,400,212,0,0,0,0,0),(5923,448,212,0,0,0,0,1),(5924,456,212,0,0,0,0,1),(5925,464,212,0,0,0,0,1),(5926,457,212,0,0,0,0,1),(5927,449,212,0,0,0,0,1),(5928,466,212,0,0,0,0,1),(5929,452,212,0,0,0,0,1),(5930,454,212,0,0,0,0,1),(5931,460,212,0,0,0,0,1),(5932,446,212,0,0,1,0,1),(5933,447,212,0,0,1,0,1),(5934,451,212,0,0,0,0,0),(5935,445,212,0,0,0,0,0),(5936,462,212,0,0,0,0,0),(5937,365,213,0,0,0,0,1),(5938,375,213,0,0,0,0,1),(5939,363,213,0,0,0,0,1),(5940,387,213,0,0,0,0,1),(5941,377,213,0,0,0,0,1),(5942,373,213,0,0,0,0,1),(5943,378,213,0,0,0,0,1),(5944,368,213,0,0,0,0,1),(5945,367,213,0,0,1,0,1),(5946,369,213,0,0,1,0,1),(5947,370,213,0,0,1,0,1),(5948,371,213,0,0,0,0,0),(5949,376,213,0,0,1,0,0),(5950,383,213,0,0,0,0,0),(5951,473,213,0,0,0,0,1),(5952,491,213,0,0,0,0,1),(5953,476,213,0,0,0,0,1),(5954,468,213,0,0,0,0,1),(5955,470,213,0,0,0,0,1),(5956,495,213,0,0,0,0,1),(5957,477,213,0,0,0,0,1),(5958,471,213,0,0,0,0,1),(5959,469,213,0,0,0,0,1),(5960,483,213,0,0,1,0,1),(5961,472,213,0,0,1,0,1),(5962,474,213,0,0,0,0,0),(5963,478,213,0,0,0,0,0),(5964,479,213,0,0,1,0,0),(5965,333,214,0,0,0,0,1),(5966,335,214,0,0,0,0,1),(5967,336,214,0,0,0,0,1),(5968,340,214,0,0,0,0,1),(5969,348,214,0,0,0,0,1),(5970,343,214,0,0,0,0,1),(5971,330,214,0,0,0,0,1),(5972,349,214,0,0,0,0,1),(5973,331,214,0,0,0,0,1),(5974,344,214,0,0,0,0,1),(5975,334,214,0,0,0,1,1),(5976,350,214,0,0,0,0,0),(5977,342,214,3,0,0,0,0),(5978,351,214,0,0,0,0,0),(5979,508,214,0,0,0,0,1),(5980,513,214,0,0,0,0,1),(5981,507,214,0,0,0,0,1),(5982,503,214,0,0,0,0,1),(5983,502,214,0,0,1,0,1),(5984,506,214,0,0,0,0,1),(5985,500,214,0,0,0,0,1),(5986,505,214,0,0,0,0,1),(5987,501,214,0,0,0,0,1),(5988,504,214,1,0,0,0,1),(5989,524,214,0,1,0,0,1),(5990,510,214,0,0,0,0,0),(5991,523,214,0,0,0,0,0),(5992,516,214,0,0,0,0,0),(5993,35,215,0,0,0,0,1),(5994,47,215,3,0,0,0,1),(5995,42,215,0,0,0,0,1),(5996,44,215,1,0,0,0,1),(5997,40,215,0,0,0,0,1),(5998,38,215,0,0,0,0,1),(5999,49,215,0,0,0,0,1),(6000,36,215,0,0,0,0,1),(6001,34,215,0,0,0,0,1),(6002,56,215,0,0,0,0,1),(6003,43,215,1,3,0,0,1),(6004,46,215,0,0,0,0,0),(6005,60,215,0,0,0,0,0),(6006,52,215,0,0,0,0,0),(6007,539,215,0,0,0,0,1),(6008,546,215,0,0,0,0,1),(6009,541,215,0,1,0,0,1),(6010,535,215,0,0,0,0,1),(6011,540,215,2,0,0,0,1),(6012,531,215,0,0,0,0,1),(6013,544,215,0,0,0,0,1),(6014,553,215,0,0,0,0,1),(6015,537,215,0,0,0,0,1),(6016,533,215,0,0,1,0,1),(6017,534,215,0,0,2,0,1),(6018,550,215,0,0,1,0,0),(6019,538,215,0,0,0,0,0),(6020,542,215,0,0,0,0,0),(6021,69,216,0,0,0,0,1),(6022,72,216,0,0,0,0,1),(6023,74,216,1,0,0,0,1),(6024,77,216,0,1,0,0,1),(6025,70,216,0,0,0,0,1),(6026,68,216,0,0,0,0,1),(6027,84,216,0,0,0,0,1),(6028,73,216,0,0,0,0,1),(6029,81,216,0,0,1,0,1),(6030,88,216,0,0,0,0,1),(6031,82,216,0,0,1,0,1),(6032,76,216,0,0,0,0,0),(6033,86,216,0,0,0,0,0),(6034,78,216,0,0,1,0,0),(6035,565,216,0,1,0,0,1),(6036,566,216,0,0,0,0,1),(6037,562,216,0,0,0,0,1),(6038,579,216,0,0,0,0,1),(6039,573,216,0,0,0,0,1),(6040,587,216,0,0,0,0,1),(6041,561,216,0,0,0,0,1),(6042,567,216,0,1,0,0,1),(6043,563,216,0,0,0,0,1),(6044,564,216,0,0,2,0,1),(6045,570,216,2,0,1,0,1),(6046,576,216,0,0,1,0,0),(6047,578,216,0,0,0,0,0),(6048,568,216,0,0,0,0,0),(6049,122,217,1,0,0,0,1),(6050,129,217,0,0,0,0,1),(6051,120,217,0,0,0,0,1),(6052,105,217,0,1,0,0,1),(6053,110,217,0,0,0,0,1),(6054,116,217,0,0,0,0,1),(6055,115,217,0,0,0,0,1),(6056,117,217,0,0,0,0,1),(6057,106,217,0,0,0,0,1),(6058,121,217,0,0,0,0,1),(6059,114,217,0,0,0,1,1),(6060,130,217,0,0,0,0,0),(6061,109,217,0,0,0,0,0),(6062,112,217,0,0,0,0,0),(6063,600,217,0,1,0,0,1),(6064,595,217,0,0,0,0,1),(6065,598,217,1,0,0,0,1),(6066,599,217,0,0,0,0,1),(6067,592,217,0,0,0,0,1),(6068,593,217,0,0,0,0,1),(6069,601,217,2,0,0,0,1),(6070,608,217,0,0,0,0,1),(6071,594,217,0,0,1,0,1),(6072,624,217,0,0,1,0,1),(6073,603,217,0,0,1,0,1),(6074,602,217,0,0,0,0,0),(6075,605,217,0,0,0,0,0),(6076,597,217,0,0,0,0,0),(6077,136,218,0,0,0,0,1),(6078,144,218,0,0,0,0,1),(6079,149,218,2,0,0,0,1),(6080,145,218,0,0,0,0,1),(6081,143,218,0,0,0,0,1),(6082,135,218,0,0,0,0,1),(6083,133,218,0,0,0,0,1),(6084,142,218,0,1,0,0,1),(6085,134,218,0,0,0,0,1),(6086,138,218,0,0,0,0,1),(6087,146,218,0,0,0,0,1),(6088,150,218,0,0,0,0,0),(6089,140,218,0,0,0,0,0),(6090,137,218,0,0,0,0,0),(6091,319,218,0,0,0,0,1),(6092,311,218,0,0,1,0,1),(6093,310,218,0,0,0,0,1),(6094,305,218,0,0,0,0,1),(6095,301,218,0,0,0,0,1),(6096,298,218,0,1,0,0,1),(6097,308,218,0,0,0,0,1),(6098,297,218,0,0,0,0,1),(6099,300,218,0,0,0,0,1),(6100,299,218,0,0,0,0,1),(6101,306,218,1,0,0,0,1),(6102,314,218,0,0,0,0,0),(6103,309,218,0,0,0,0,0),(6104,307,218,0,0,0,0,0),(6105,170,219,0,0,0,0,1),(6106,174,219,0,2,0,0,1),(6107,190,219,0,0,0,0,1),(6108,168,219,0,0,0,0,1),(6109,184,219,0,0,0,0,1),(6110,173,219,0,1,0,0,1),(6111,178,219,2,0,0,0,1),(6112,166,219,0,0,0,0,1),(6113,171,219,0,0,0,0,1),(6114,181,219,0,0,1,0,1),(6115,179,219,0,0,1,0,1),(6116,192,219,0,0,0,0,0),(6117,167,219,0,0,0,0,0),(6118,176,219,1,0,1,0,0),(6119,269,219,0,0,0,0,1),(6120,274,219,0,0,0,0,1),(6121,266,219,0,0,1,0,1),(6122,271,219,0,0,0,0,1),(6123,278,219,0,1,0,0,1),(6124,279,219,0,0,0,0,1),(6125,272,219,0,0,0,0,1),(6126,264,219,0,0,0,0,1),(6127,277,219,0,0,0,0,1),(6128,280,219,0,0,0,0,1),(6129,267,219,0,0,0,1,1),(6130,273,219,0,0,0,0,0),(6131,282,219,3,0,0,0,0),(6132,276,219,0,0,0,0,0),(6133,202,220,0,0,1,0,1),(6134,218,220,0,0,0,0,1),(6135,205,220,2,0,0,0,1),(6136,199,220,0,0,1,0,1),(6137,204,220,0,0,0,0,1),(6138,208,220,0,0,0,0,1),(6139,213,220,0,0,0,0,1),(6140,215,220,0,0,0,0,1),(6141,200,220,0,0,1,0,1),(6142,203,220,0,0,0,0,1),(6143,201,220,0,1,0,0,1),(6144,210,220,0,0,1,0,0),(6145,209,220,0,0,0,1,0),(6146,207,220,0,0,0,0,0),(6147,245,220,0,0,0,0,1),(6148,237,220,0,1,0,0,1),(6149,236,220,0,0,0,0,1),(6150,247,220,0,0,0,0,1),(6151,233,220,0,0,0,0,1),(6152,250,220,0,0,0,0,1),(6153,246,220,0,0,0,0,1),(6154,253,220,0,0,1,0,1),(6155,231,220,0,0,0,0,1),(6156,239,220,0,0,1,0,1),(6157,238,220,0,0,1,0,1),(6158,240,220,0,0,0,0,0),(6159,242,220,4,0,0,0,0),(6160,243,220,0,0,0,0,0),(6161,15,221,0,1,0,0,1),(6162,7,221,0,0,0,0,1),(6163,22,221,0,0,0,0,1),(6164,14,221,2,0,0,0,1),(6165,3,221,0,0,0,0,1),(6166,2,221,0,0,0,0,1),(6167,18,221,0,0,0,0,1),(6168,11,221,0,0,0,0,1),(6169,17,221,0,0,0,0,1),(6170,10,221,0,0,1,0,1),(6171,16,221,0,0,1,0,1),(6172,12,221,0,0,0,0,0),(6173,13,221,0,0,0,0,0),(6174,20,221,0,0,0,0,0),(6175,446,221,0,0,0,0,1),(6176,445,221,0,0,0,0,1),(6177,448,221,0,0,0,0,1),(6178,457,221,1,0,0,0,1),(6179,466,221,0,0,0,0,1),(6180,453,221,0,0,0,0,1),(6181,449,221,0,0,0,0,1),(6182,460,221,0,0,0,0,1),(6183,452,221,0,0,0,0,1),(6184,447,221,0,0,0,0,1),(6185,456,221,0,0,0,0,1),(6186,451,221,0,0,0,0,0),(6187,464,221,0,0,0,0,0),(6188,450,221,0,0,0,0,0),(6189,431,222,0,0,1,0,1),(6190,425,222,0,0,0,0,1),(6191,430,222,0,0,0,0,1),(6192,423,222,0,0,0,0,1),(6193,419,222,0,0,0,0,1),(6194,415,222,0,0,0,0,1),(6195,416,222,0,0,0,0,1),(6196,424,222,0,0,0,0,1),(6197,436,222,0,0,0,0,1),(6198,435,222,0,0,0,0,1),(6199,421,222,0,0,0,0,1),(6200,442,222,0,0,0,0,0),(6201,417,222,0,0,0,0,0),(6202,426,222,1,0,1,0,0),(6203,469,222,0,0,0,0,1),(6204,474,222,0,0,0,0,1),(6205,491,222,0,0,0,0,1),(6206,471,222,0,0,0,0,1),(6207,487,222,0,0,0,0,1),(6208,495,222,0,0,0,0,1),(6209,473,222,0,0,0,0,1),(6210,470,222,0,0,1,0,1),(6211,479,222,0,0,1,0,1),(6212,483,222,0,0,1,0,1),(6213,478,222,0,0,1,0,1),(6214,475,222,0,0,0,0,0),(6215,472,222,0,0,0,0,0),(6216,468,222,0,0,0,0,0),(6217,395,223,0,0,1,0,1),(6218,402,223,1,0,1,0,1),(6219,394,223,0,0,0,0,1),(6220,396,223,0,0,0,0,1),(6221,397,223,0,1,0,0,1),(6222,400,223,0,0,0,0,1),(6223,406,223,0,0,0,0,1),(6224,391,223,0,0,0,0,1),(6225,407,223,0,0,0,0,1),(6226,414,223,0,0,0,1,1),(6227,409,223,0,0,0,0,1),(6228,403,223,0,0,0,0,0),(6229,401,223,0,0,1,0,0),(6230,408,223,0,0,1,0,0),(6231,503,223,0,0,1,0,1),(6232,505,223,3,0,0,0,1),(6233,508,223,0,0,0,0,1),(6234,516,223,0,0,0,0,1),(6235,512,223,0,0,0,0,1),(6236,528,223,0,0,0,0,1),(6237,501,223,0,0,0,0,1),(6238,506,223,0,2,0,0,1),(6239,502,223,0,0,0,0,1),(6240,500,223,0,0,0,0,1),(6241,524,223,1,0,1,0,1),(6242,510,223,0,0,0,0,0),(6243,511,223,0,0,0,0,0),(6244,507,223,0,0,0,0,0),(6245,367,224,0,0,0,0,1),(6246,374,224,0,0,0,0,1),(6247,388,224,0,0,0,0,1),(6248,378,224,0,0,0,0,1),(6249,380,224,0,0,0,0,1),(6250,376,224,0,0,0,0,1),(6251,368,224,0,0,0,0,1),(6252,365,224,0,0,0,0,1),(6253,382,224,0,0,1,0,1),(6254,369,224,0,1,1,0,1),(6255,373,224,3,0,1,0,1),(6256,384,224,1,0,0,0,0),(6257,387,224,0,0,0,0,0),(6258,364,224,0,0,0,0,0),(6259,546,224,0,0,1,0,1),(6260,535,224,0,0,0,0,1),(6261,541,224,0,0,0,0,1),(6262,553,224,0,0,0,0,1),(6263,537,224,0,0,0,0,1),(6264,551,224,0,0,0,0,1),(6265,542,224,0,0,0,0,1),(6266,548,224,0,0,0,0,1),(6267,540,224,0,0,0,0,1),(6268,552,224,0,1,0,0,1),(6269,544,224,0,0,0,1,1),(6270,536,224,0,0,0,0,0),(6271,550,224,2,0,0,0,0),(6272,538,224,0,0,0,0,0),(6273,332,225,0,0,0,0,1),(6274,349,225,1,0,0,0,1),(6275,333,225,0,0,0,0,1),(6276,338,225,0,0,0,0,1),(6277,343,225,0,0,0,0,1),(6278,330,225,0,0,0,0,1),(6279,344,225,0,0,0,0,1),(6280,335,225,0,0,0,0,1),(6281,337,225,0,0,0,0,1),(6282,340,225,0,1,0,0,1),(6283,346,225,0,0,0,0,1),(6284,342,225,0,0,0,0,0),(6285,350,225,0,0,0,0,0),(6286,339,225,0,0,0,0,0),(6287,591,225,0,0,0,0,1),(6288,574,225,0,0,0,0,1),(6289,569,225,0,0,0,0,1),(6290,570,225,2,0,0,0,1),(6291,576,225,0,0,0,0,1),(6292,562,225,0,0,0,0,1),(6293,560,225,0,0,0,0,1),(6294,563,225,0,0,0,0,1),(6295,567,225,0,0,0,0,1),(6296,561,225,0,0,0,0,1),(6297,566,225,0,0,1,0,1),(6298,568,225,0,0,0,0,0),(6299,579,225,0,0,0,0,0),(6300,571,225,0,0,0,0,0),(6301,36,226,1,0,1,0,1),(6302,38,226,0,0,0,0,1),(6303,52,226,0,1,0,0,1),(6304,49,226,0,0,0,0,1),(6305,42,226,0,1,0,0,1),(6306,48,226,3,0,0,0,1),(6307,58,226,0,0,0,0,1),(6308,44,226,0,0,0,0,1),(6309,41,226,0,0,0,0,1),(6310,50,226,0,0,0,0,1),(6311,35,226,0,0,1,0,1),(6312,37,226,0,0,0,0,0),(6313,45,226,0,0,0,0,0),(6314,40,226,1,0,0,0,0),(6315,596,226,0,0,1,0,1),(6316,603,226,1,0,0,0,1),(6317,597,226,0,0,0,0,1),(6318,595,226,0,0,1,0,1),(6319,600,226,0,0,0,0,1),(6320,598,226,0,0,0,0,1),(6321,609,226,0,0,0,0,1),(6322,605,226,0,0,0,0,1),(6323,608,226,0,0,0,0,1),(6324,615,226,0,0,0,0,1),(6325,594,226,0,0,0,1,1),(6326,604,226,0,0,0,0,0),(6327,616,226,0,0,0,0,0),(6328,601,226,0,0,0,0,0),(6329,80,227,0,0,0,0,1),(6330,73,227,0,0,0,0,1),(6331,70,227,0,0,0,0,1),(6332,74,227,0,0,0,0,1),(6333,75,227,3,0,0,0,1),(6334,85,227,0,0,0,0,1),(6335,71,227,0,0,0,0,1),(6336,78,227,0,0,0,0,1),(6337,69,227,0,0,0,0,1),(6338,84,227,0,0,0,0,1),(6339,68,227,0,0,1,0,1),(6340,77,227,0,0,0,0,0),(6341,86,227,0,0,0,0,0),(6342,82,227,0,0,2,0,0),(6343,305,227,0,0,0,0,1),(6344,304,227,0,0,0,0,1),(6345,306,227,0,0,0,0,1),(6346,323,227,0,0,0,0,1),(6347,311,227,0,0,0,0,1),(6348,299,227,0,0,0,0,1),(6349,314,227,0,0,0,0,1),(6350,298,227,0,0,0,0,1),(6351,310,227,0,0,0,0,1),(6352,315,227,0,0,0,0,1),(6353,300,227,0,0,0,1,1),(6354,308,227,0,0,0,0,0),(6355,326,227,0,0,0,1,0),(6356,318,227,0,0,0,0,0),(6357,115,228,0,0,0,0,1),(6358,105,228,0,1,0,0,1),(6359,121,228,0,0,0,0,1),(6360,110,228,1,0,0,0,1),(6361,122,228,0,0,0,0,1),(6362,113,228,0,0,0,0,1),(6363,107,228,0,0,0,0,1),(6364,102,228,0,0,0,0,1),(6365,103,228,0,0,0,0,1),(6366,100,228,0,0,0,0,1),(6367,106,228,0,0,0,0,1),(6368,111,228,0,0,0,0,0),(6369,108,228,0,0,0,0,0),(6370,117,228,0,0,0,0,0),(6371,266,228,0,1,1,0,1),(6372,273,228,0,0,0,0,1),(6373,277,228,0,0,0,0,1),(6374,278,228,0,0,0,0,1),(6375,275,228,4,0,0,0,1),(6376,264,228,0,0,0,0,1),(6377,268,228,0,0,0,0,1),(6378,279,228,0,0,0,0,1),(6379,280,228,0,0,0,0,1),(6380,284,228,0,0,0,0,1),(6381,276,228,0,0,0,0,1),(6382,269,228,0,0,0,0,0),(6383,281,228,0,0,0,0,0),(6384,271,228,0,1,1,0,0),(6385,149,229,0,1,1,0,1),(6386,136,229,0,0,0,0,1),(6387,143,229,0,0,0,0,1),(6388,144,229,0,0,0,0,1),(6389,152,229,0,0,0,0,1),(6390,133,229,0,0,0,0,1),(6391,142,229,0,0,0,0,1),(6392,151,229,0,0,0,0,1),(6393,135,229,0,0,0,0,1),(6394,146,229,0,0,0,0,1),(6395,138,229,1,0,1,0,1),(6396,137,229,0,0,0,0,0),(6397,134,229,0,0,0,0,0),(6398,150,229,0,0,0,0,0),(6399,252,229,0,0,0,0,1),(6400,238,229,0,0,0,0,1),(6401,242,229,1,0,0,0,1),(6402,253,229,0,0,0,0,1),(6403,237,229,0,0,0,0,1),(6404,248,229,0,0,0,0,1),(6405,236,229,0,0,0,0,1),(6406,249,229,0,0,0,0,1),(6407,257,229,0,0,0,0,1),(6408,246,229,0,1,1,0,1),(6409,247,229,0,0,1,0,1),(6410,250,229,0,0,0,0,0),(6411,240,229,0,1,0,0,0),(6412,239,229,1,0,0,0,0),(6413,170,230,0,0,1,0,1),(6414,174,230,0,0,0,0,1),(6415,172,230,0,1,0,0,1),(6416,189,230,0,0,0,0,1),(6417,169,230,0,0,0,0,1),(6418,173,230,0,0,0,0,1),(6419,181,230,0,0,0,0,1),(6420,168,230,0,0,0,0,1),(6421,177,230,0,0,0,0,1),(6422,167,230,0,0,2,1,1),(6423,171,230,0,0,0,1,1),(6424,176,230,2,0,0,0,0),(6425,180,230,0,0,0,0,0),(6426,178,230,0,0,0,0,0),(6427,199,230,0,0,0,0,1),(6428,218,230,1,0,1,0,1),(6429,201,230,0,0,0,0,1),(6430,198,230,0,0,0,0,1),(6431,202,230,0,0,0,0,1),(6432,204,230,1,1,0,0,1),(6433,206,230,0,0,1,0,1),(6434,208,230,0,0,0,0,1),(6435,203,230,0,0,0,0,1),(6436,221,230,0,0,0,1,1),(6437,222,230,0,0,1,0,0),(6438,215,230,0,0,0,0,0),(6439,200,230,0,0,0,0,0),(6440,213,230,0,0,1,0,0),(6441,25,231,0,0,1,0,1),(6442,6,231,0,0,2,0,1),(6443,12,231,0,0,0,0,1),(6444,18,231,0,0,0,0,1),(6445,14,231,0,0,0,0,1),(6446,10,231,0,0,0,1,1),(6447,16,231,0,0,0,1,1),(6448,3,231,0,0,0,0,1),(6449,8,231,0,0,0,0,1),(6450,17,231,0,0,0,0,1),(6451,2,231,0,0,1,0,1),(6452,4,231,0,0,0,0,0),(6453,1,231,0,0,0,0,0),(6454,20,231,0,0,0,0,0),(6455,473,231,1,0,0,0,1),(6456,471,231,0,0,0,0,1),(6457,487,231,0,0,0,0,1),(6458,483,231,0,0,0,0,1),(6459,479,231,0,0,0,0,1),(6460,477,231,0,0,0,0,1),(6461,489,231,0,0,0,0,1),(6462,467,231,0,0,0,0,1),(6463,478,231,0,0,0,0,1),(6464,476,231,1,1,0,0,1),(6465,469,231,0,0,0,0,1),(6466,470,231,0,0,0,0,0),(6467,468,231,0,0,0,0,0),(6468,472,231,0,0,0,0,0),(6469,466,232,0,0,0,0,1),(6470,445,232,0,0,0,0,1),(6471,450,232,0,0,1,0,1),(6472,452,232,0,0,0,0,1),(6473,457,232,0,0,0,0,1),(6474,458,232,0,1,0,0,1),(6475,461,232,0,0,0,0,1),(6476,453,232,0,0,0,0,1),(6477,460,232,0,0,0,0,1),(6478,449,232,0,0,0,0,1),(6479,447,232,0,0,0,1,1),(6480,465,232,0,0,1,0,0),(6481,451,232,0,0,0,0,0),(6482,454,232,1,0,0,0,0),(6483,503,232,0,0,1,0,1),(6484,524,232,0,0,0,0,1),(6485,508,232,0,0,0,0,1),(6486,506,232,0,0,0,0,1),(6487,502,232,0,0,0,0,1),(6488,525,232,0,0,0,0,1),(6489,516,232,0,0,1,0,1),(6490,517,232,0,0,0,0,1),(6491,507,232,1,2,0,0,1),(6492,510,232,3,0,0,1,1),(6493,504,232,0,0,0,0,1),(6494,514,232,0,0,0,0,0),(6495,523,232,0,0,1,0,0),(6496,500,232,0,0,0,0,0),(6497,427,233,3,0,0,0,1),(6498,416,233,0,0,0,0,1),(6499,436,233,0,0,0,0,1),(6500,424,233,0,0,0,0,1),(6501,418,233,0,0,0,0,1),(6502,435,233,0,0,0,0,1),(6503,415,233,0,0,0,0,1),(6504,420,233,0,0,0,0,1),(6505,431,233,0,0,1,0,1),(6506,429,233,0,0,1,0,1),(6507,419,233,0,0,1,0,1),(6508,423,233,0,0,0,0,0),(6509,438,233,0,0,0,0,0),(6510,428,233,0,0,0,0,0),(6511,533,233,0,0,1,0,1),(6512,547,233,0,0,0,0,1),(6513,542,233,2,0,0,0,1),(6514,532,233,0,0,0,0,1),(6515,534,233,0,0,0,0,1),(6516,552,233,0,0,0,0,1),(6517,548,233,0,0,0,0,1),(6518,539,233,0,0,0,0,1),(6519,550,233,0,0,0,0,1),(6520,540,233,0,0,0,0,1),(6521,537,233,0,1,0,1,1),(6522,553,233,0,0,0,0,0),(6523,535,233,0,0,0,0,0),(6524,536,233,0,0,0,0,0),(6525,391,234,0,0,0,0,1),(6526,395,234,0,0,0,0,1),(6527,393,234,0,0,0,0,1),(6528,400,234,0,0,0,0,1),(6529,396,234,0,0,0,0,1),(6530,394,234,0,0,0,0,1),(6531,397,234,0,1,0,0,1),(6532,392,234,0,0,0,0,1),(6533,407,234,0,0,0,0,1),(6534,398,234,0,0,0,0,1),(6535,399,234,2,0,0,1,1),(6536,401,234,0,0,0,0,0),(6537,404,234,0,0,0,0,0),(6538,406,234,0,0,0,0,0),(6539,571,234,0,1,0,0,1),(6540,578,234,0,0,0,0,1),(6541,576,234,0,0,0,0,1),(6542,570,234,0,0,0,0,1),(6543,564,234,0,0,0,0,1),(6544,562,234,0,0,0,0,1),(6545,567,234,0,0,0,0,1),(6546,566,234,0,0,0,0,1),(6547,591,234,1,0,0,1,1),(6548,577,234,0,0,0,0,1),(6549,561,234,0,0,0,1,1),(6550,573,234,0,0,0,0,0),(6551,575,234,0,0,0,0,0),(6552,579,234,0,0,0,0,0),(6553,378,235,0,0,0,0,1),(6554,365,235,0,1,0,0,1),(6555,369,235,0,0,0,0,1),(6556,367,235,0,0,0,0,1),(6557,375,235,0,0,0,0,1),(6558,363,235,0,0,0,0,1),(6559,377,235,0,0,0,0,1),(6560,371,235,3,0,0,0,1),(6561,387,235,0,0,1,0,1),(6562,364,235,0,0,2,0,1),(6563,368,235,2,2,1,0,1),(6564,388,235,0,0,0,0,0),(6565,376,235,0,1,0,0,0),(6566,373,235,0,0,0,0,0),(6567,608,235,0,0,0,0,1),(6568,601,235,0,0,0,0,1),(6569,607,235,0,0,0,0,1),(6570,598,235,0,0,0,0,1),(6571,610,235,0,0,0,0,1),(6572,609,235,0,0,0,0,1),(6573,600,235,0,0,0,0,1),(6574,593,235,0,0,1,0,1),(6575,624,235,0,0,1,0,1),(6576,595,235,0,0,1,0,1),(6577,597,235,0,0,1,0,1),(6578,603,235,0,0,0,0,0),(6579,604,235,0,0,0,0,0),(6580,599,235,0,0,0,0,0),(6581,334,236,0,0,0,0,1),(6582,346,236,0,0,0,0,1),(6583,343,236,0,0,0,0,1),(6584,336,236,0,0,0,0,1),(6585,348,236,0,0,0,0,1),(6586,331,236,0,0,0,0,1),(6587,330,236,0,0,0,0,1),(6588,340,236,0,1,0,0,1),(6589,349,236,0,1,1,0,1),(6590,337,236,0,0,1,0,1),(6591,345,236,0,0,1,0,1),(6592,351,236,0,0,0,0,0),(6593,341,236,0,0,0,0,0),(6594,350,236,2,0,0,0,0),(6595,299,236,0,0,0,0,1),(6596,298,236,0,0,0,0,1),(6597,315,236,0,0,0,0,1),(6598,305,236,0,1,0,0,1),(6599,297,236,0,0,0,0,1),(6600,313,236,0,0,0,0,1),(6601,302,236,0,0,0,0,1),(6602,309,236,2,0,0,0,1),(6603,303,236,0,0,0,0,1),(6604,312,236,0,0,1,0,1),(6605,310,236,0,0,1,0,1),(6606,306,236,1,0,1,0,0),(6607,318,236,0,0,0,0,0),(6608,304,236,0,0,0,0,0),(6609,42,237,0,0,0,0,1),(6610,50,237,0,0,0,0,1),(6611,56,237,0,0,0,0,1),(6612,44,237,0,0,0,0,1),(6613,51,237,0,0,0,0,1),(6614,43,237,0,0,0,0,1),(6615,36,237,0,0,0,0,1),(6616,35,237,0,0,1,0,1),(6617,38,237,1,0,1,0,1),(6618,47,237,0,0,1,0,1),(6619,40,237,1,0,1,0,1),(6620,37,237,0,0,0,0,0),(6621,46,237,0,0,0,0,0),(6622,45,237,0,0,0,0,0),(6623,279,237,0,0,1,0,1),(6624,275,237,0,0,0,0,1),(6625,278,237,0,0,0,0,1),(6626,272,237,0,0,0,0,1),(6627,283,237,0,0,1,0,1),(6628,264,237,0,0,0,0,1),(6629,269,237,0,0,0,0,1),(6630,266,237,0,0,0,0,1),(6631,270,237,0,1,0,1,1),(6632,265,237,0,0,0,0,1),(6633,267,237,0,0,0,0,1),(6634,271,237,0,0,0,0,0),(6635,273,237,0,0,0,0,0),(6636,285,237,1,0,0,0,0),(6637,71,238,0,0,0,0,1),(6638,85,238,0,0,0,0,1),(6639,74,238,0,0,0,0,1),(6640,80,238,0,0,0,0,1),(6641,67,238,0,0,0,0,1),(6642,69,238,0,0,0,0,1),(6643,68,238,0,0,0,0,1),(6644,73,238,0,2,0,0,1),(6645,77,238,0,0,0,0,1),(6646,70,238,0,0,0,0,1),(6647,72,238,0,0,0,0,1),(6648,76,238,0,0,0,0,0),(6649,90,238,0,0,0,0,0),(6650,87,238,4,0,0,0,0),(6651,233,238,0,0,0,0,1),(6652,241,238,0,0,0,0,1),(6653,238,238,0,1,0,0,1),(6654,253,238,0,0,1,0,1),(6655,237,238,0,0,0,0,1),(6656,236,238,0,0,0,0,1),(6657,245,238,0,0,0,0,1),(6658,246,238,0,0,0,0,1),(6659,239,238,2,0,0,0,1),(6660,248,238,0,0,0,0,1),(6661,235,238,0,0,0,1,1),(6662,244,238,0,0,0,0,0),(6663,242,238,0,0,0,0,0),(6664,249,238,0,0,0,0,0),(6665,115,239,0,0,0,0,1),(6666,101,239,0,0,0,0,1),(6667,105,239,0,0,1,0,1),(6668,113,239,0,0,0,0,1),(6669,114,239,0,0,0,0,1),(6670,106,239,0,0,0,0,1),(6671,100,239,0,0,0,0,1),(6672,121,239,0,0,0,0,1),(6673,122,239,2,0,0,1,1),(6674,120,239,0,0,0,0,1),(6675,107,239,0,0,0,0,1),(6676,111,239,1,0,0,0,0),(6677,109,239,0,0,0,0,0),(6678,108,239,0,0,0,0,0),(6679,222,239,0,0,1,0,1),(6680,215,239,0,0,0,0,1),(6681,205,239,0,0,0,0,1),(6682,208,239,0,0,0,0,1),(6683,203,239,0,0,0,0,1),(6684,200,239,0,0,0,0,1),(6685,204,239,0,2,0,0,1),(6686,201,239,2,0,0,0,1),(6687,199,239,0,0,0,0,1),(6688,202,239,0,0,0,0,1),(6689,218,239,0,0,1,0,1),(6690,198,239,0,0,0,0,0),(6691,209,239,0,0,0,0,0),(6692,206,239,0,0,1,0,0),(6693,144,240,0,1,0,0,1),(6694,142,240,0,0,0,0,1),(6695,150,240,0,0,0,0,1),(6696,151,240,0,0,0,0,1),(6697,138,240,0,0,0,0,1),(6698,146,240,0,0,0,0,1),(6699,135,240,0,0,1,0,1),(6700,143,240,1,0,1,0,1),(6701,136,240,0,0,0,0,1),(6702,149,240,0,0,1,0,1),(6703,152,240,0,0,0,0,0),(6704,148,240,0,0,0,0,0),(6705,137,240,0,0,0,0,0),(6706,145,240,2,0,1,0,0),(6707,173,240,0,1,0,0,1),(6708,180,240,0,0,0,0,1),(6709,177,240,0,0,0,0,1),(6710,172,240,4,0,0,0,1),(6711,181,240,0,0,0,0,1),(6712,184,240,1,0,0,0,1),(6713,166,240,0,0,0,0,1),(6714,178,240,0,0,0,0,1),(6715,169,240,0,0,0,0,1),(6716,187,240,0,0,1,0,1),(6717,170,240,0,0,1,0,1),(6718,174,240,0,0,0,0,0),(6719,175,240,0,0,1,0,0),(6720,176,240,1,0,1,0,0),(6721,4,241,0,0,0,0,1),(6722,7,241,0,1,0,0,1),(6723,13,241,0,0,0,0,1),(6724,12,241,0,0,0,0,1),(6725,24,241,0,0,0,0,1),(6726,17,241,0,0,0,0,1),(6727,8,241,0,0,0,0,1),(6728,15,241,0,0,0,0,1),(6729,11,241,2,0,0,0,1),(6730,3,241,0,0,0,1,1),(6731,18,241,0,0,0,0,1),(6732,22,241,0,0,0,0,0),(6733,28,241,0,0,0,0,0),(6734,33,241,0,0,0,0,0),(6735,506,241,0,0,0,0,1),(6736,523,241,0,0,1,0,1),(6737,524,241,0,0,0,0,1),(6738,525,241,1,0,1,0,1),(6739,509,241,0,0,0,0,1),(6740,503,241,0,0,0,0,1),(6741,504,241,0,0,0,0,1),(6742,511,241,0,0,0,0,1),(6743,512,241,0,0,0,0,1),(6744,500,241,0,0,0,0,1),(6745,516,241,0,0,1,1,1),(6746,522,241,0,0,1,0,0),(6747,502,241,0,0,0,0,0),(6748,508,241,0,0,0,0,0),(6749,489,242,0,0,0,0,1),(6750,473,242,0,0,0,0,1),(6751,487,242,0,0,0,0,1),(6752,468,242,0,0,0,0,1),(6753,479,242,0,0,0,0,1),(6754,478,242,0,0,0,0,1),(6755,495,242,0,0,0,0,1),(6756,474,242,0,1,1,0,1),(6757,471,242,0,0,0,0,1),(6758,493,242,0,0,1,0,1),(6759,483,242,0,0,1,0,1),(6760,477,242,0,0,0,0,0),(6761,470,242,0,0,0,0,0),(6762,491,242,2,0,1,0,0),(6763,540,242,0,0,0,0,1),(6764,534,242,0,0,0,0,1),(6765,543,242,0,0,0,0,1),(6766,544,242,0,0,0,0,1),(6767,532,242,0,0,0,0,1),(6768,531,242,0,0,0,0,1),(6769,538,242,0,0,0,0,1),(6770,546,242,0,0,0,0,1),(6771,541,242,0,0,0,0,1),(6772,539,242,0,1,0,0,1),(6773,533,242,0,0,1,0,1),(6774,542,242,0,0,0,0,0),(6775,548,242,0,0,0,0,0),(6776,555,242,2,0,0,0,0),(6777,466,243,0,0,1,0,1),(6778,464,243,0,0,1,0,1),(6779,453,243,1,0,0,0,1),(6780,450,243,0,0,1,0,1),(6781,445,243,0,0,0,0,1),(6782,449,243,0,0,0,0,1),(6783,448,243,0,0,0,0,1),(6784,457,243,0,0,0,0,1),(6785,460,243,0,0,0,0,1),(6786,461,243,0,0,0,0,1),(6787,456,243,0,0,0,0,1),(6788,452,243,0,0,0,1,0),(6789,454,243,0,0,0,0,0),(6790,451,243,0,0,0,0,0),(6791,563,243,0,0,1,0,1),(6792,567,243,0,0,0,0,1),(6793,564,243,0,0,0,0,1),(6794,573,243,0,1,0,0,1),(6795,569,243,0,0,0,0,1),(6796,577,243,0,0,0,0,1),(6797,575,243,0,0,0,0,1),(6798,566,243,0,0,0,0,1),(6799,576,243,0,0,0,0,1),(6800,568,243,1,0,1,0,1),(6801,562,243,0,0,0,0,1),(6802,579,243,0,0,0,0,0),(6803,571,243,0,0,0,0,0),(6804,565,243,0,0,0,0,0),(6805,418,244,0,0,0,0,1),(6806,442,244,1,0,1,0,1),(6807,420,244,0,0,0,0,1),(6808,430,244,0,0,0,0,1),(6809,419,244,0,0,0,0,1),(6810,436,244,0,0,0,0,1),(6811,424,244,0,0,0,0,1),(6812,428,244,0,0,0,0,1),(6813,425,244,0,0,0,0,1),(6814,415,244,0,0,0,0,1),(6815,423,244,0,0,0,1,1),(6816,426,244,0,0,0,0,0),(6817,422,244,0,0,0,0,0),(6818,435,244,0,0,0,0,0),(6819,624,244,0,0,0,0,1),(6820,608,244,0,1,0,0,1),(6821,599,244,1,0,0,0,1),(6822,593,244,0,0,0,0,1),(6823,596,244,0,0,0,0,1),(6824,592,244,0,0,0,0,1),(6825,602,244,0,0,0,0,1),(6826,597,244,0,0,0,0,1),(6827,594,244,0,0,0,0,1),(6828,598,244,0,0,0,0,1),(6829,601,244,2,0,1,0,1),(6830,615,244,0,0,0,0,0),(6831,595,244,0,0,0,0,0),(6832,603,244,0,0,0,0,0),(6833,414,245,0,0,0,0,1),(6834,395,245,0,0,1,0,1),(6835,396,245,0,0,0,0,1),(6836,403,245,0,0,1,0,1),(6837,391,245,0,0,1,0,1),(6838,397,245,0,0,0,0,1),(6839,393,245,0,0,0,0,1),(6840,400,245,0,0,0,0,1),(6841,409,245,0,0,0,0,1),(6842,407,245,0,0,0,0,1),(6843,398,245,0,0,0,1,1),(6844,408,245,3,0,1,0,0),(6845,401,245,0,0,0,0,0),(6846,404,245,0,0,0,0,0),(6847,300,245,0,0,0,0,1),(6848,302,245,0,0,0,0,1),(6849,299,245,0,0,1,0,1),(6850,310,245,0,1,0,0,1),(6851,313,245,0,0,0,0,1),(6852,301,245,0,0,0,0,1),(6853,322,245,0,0,0,0,1),(6854,305,245,0,1,0,0,1),(6855,307,245,0,0,0,0,1),(6856,306,245,2,0,1,0,1),(6857,298,245,0,0,1,0,1),(6858,324,245,0,0,0,0,0),(6859,303,245,0,0,1,0,0),(6860,308,245,0,0,0,0,0),(6861,365,246,0,0,0,0,1),(6862,374,246,0,0,0,0,1),(6863,382,246,0,0,0,0,1),(6864,378,246,0,0,0,0,1),(6865,373,246,2,0,0,0,1),(6866,386,246,0,0,0,0,1),(6867,368,246,0,1,0,0,1),(6868,370,246,0,0,0,0,1),(6869,363,246,0,0,0,0,1),(6870,367,246,0,0,2,0,1),(6871,375,246,0,0,1,0,1),(6872,369,246,0,0,0,0,0),(6873,376,246,0,0,0,0,0),(6874,388,246,0,1,1,0,0),(6875,271,246,1,0,0,0,1),(6876,280,246,0,0,0,0,1),(6877,269,246,0,0,0,0,1),(6878,268,246,0,0,0,0,1),(6879,281,246,0,0,0,0,1),(6880,266,246,0,0,0,0,1),(6881,276,246,0,0,0,0,1),(6882,277,246,0,0,0,0,1),(6883,272,246,0,0,0,0,1),(6884,267,246,0,0,0,0,1),(6885,274,246,2,0,1,0,1),(6886,265,246,0,0,1,0,0),(6887,279,246,0,0,0,0,0),(6888,273,246,0,0,0,0,0),(6889,336,247,0,0,0,0,1),(6890,334,247,0,0,0,0,1),(6891,333,247,0,0,0,0,1),(6892,349,247,0,0,0,0,1),(6893,348,247,0,0,0,0,1),(6894,340,247,0,0,0,0,1),(6895,345,247,0,0,0,0,1),(6896,343,247,0,0,0,0,1),(6897,335,247,0,0,0,0,1),(6898,332,247,0,0,2,0,1),(6899,347,247,0,0,0,0,1),(6900,350,247,0,0,0,0,0),(6901,339,247,1,0,0,0,0),(6902,338,247,0,0,0,0,0),(6903,241,247,0,0,0,0,1),(6904,239,247,3,0,0,0,1),(6905,247,247,0,0,0,0,1),(6906,253,247,0,0,0,0,1),(6907,237,247,0,0,0,0,1),(6908,233,247,0,0,0,0,1),(6909,254,247,0,0,0,0,1),(6910,245,247,0,1,0,0,1),(6911,231,247,0,0,0,0,1),(6912,249,247,0,0,1,0,1),(6913,246,247,0,0,1,0,1),(6914,236,247,0,0,0,0,0),(6915,240,247,2,0,1,0,0),(6916,238,247,0,0,1,0,0),(6917,43,248,0,1,0,0,1),(6918,44,248,0,0,0,0,1),(6919,50,248,0,0,0,0,1),(6920,39,248,0,0,0,0,1),(6921,52,248,0,0,0,0,1),(6922,56,248,0,0,0,0,1),(6923,36,248,0,0,0,0,1),(6924,40,248,1,2,1,0,1),(6925,42,248,0,0,0,0,1),(6926,34,248,0,0,0,0,1),(6927,48,248,4,0,1,0,1),(6928,51,248,0,0,0,0,0),(6929,47,248,0,0,0,0,0),(6930,37,248,0,0,1,0,0),(6931,206,248,0,0,0,0,1),(6932,208,248,0,0,0,0,1),(6933,213,248,0,0,0,0,1),(6934,218,248,0,0,0,0,1),(6935,209,248,0,1,0,0,1),(6936,204,248,0,0,0,0,1),(6937,205,248,0,0,0,0,1),(6938,215,248,0,0,0,0,1),(6939,202,248,3,0,1,0,1),(6940,199,248,0,0,1,0,1),(6941,200,248,0,0,1,0,1),(6942,203,248,0,0,0,0,0),(6943,207,248,0,0,0,0,0),(6944,210,248,0,0,1,0,0),(6945,69,249,0,0,0,0,1),(6946,80,249,0,0,0,0,1),(6947,82,249,0,0,0,0,1),(6948,73,249,0,0,0,0,1),(6949,74,249,1,0,0,0,1),(6950,87,249,1,0,0,0,1),(6951,89,249,0,0,0,0,1),(6952,86,249,0,0,0,0,1),(6953,67,249,0,0,0,0,1),(6954,70,249,0,0,0,0,1),(6955,68,249,0,0,0,0,1),(6956,77,249,0,0,0,0,0),(6957,71,249,0,0,0,0,0),(6958,83,249,0,0,0,0,0),(6959,170,249,0,1,0,0,1),(6960,173,249,0,0,0,0,1),(6961,174,249,0,0,0,0,1),(6962,177,249,0,0,0,0,1),(6963,168,249,0,0,0,0,1),(6964,169,249,0,0,0,0,1),(6965,166,249,0,0,0,0,1),(6966,171,249,0,0,0,0,1),(6967,181,249,0,0,0,0,1),(6968,179,249,0,0,0,0,1),(6969,167,249,0,0,2,1,1),(6970,175,249,0,0,0,0,0),(6971,180,249,0,0,0,0,0),(6972,178,249,3,0,0,1,0),(6973,107,250,0,1,0,0,1),(6974,113,250,0,0,0,0,1),(6975,130,250,0,0,0,0,1),(6976,120,250,2,0,0,0,1),(6977,111,250,0,0,0,0,1),(6978,100,250,0,0,0,0,1),(6979,114,250,0,0,0,0,1),(6980,103,250,0,0,0,0,1),(6981,108,250,0,0,0,0,1),(6982,102,250,0,0,1,0,1),(6983,121,250,0,0,1,0,1),(6984,115,250,0,0,0,0,0),(6985,112,250,0,0,0,0,0),(6986,101,250,0,0,0,0,0),(6987,142,250,0,0,0,0,1),(6988,137,250,0,0,0,0,1),(6989,148,250,0,0,0,0,1),(6990,136,250,0,0,0,0,1),(6991,144,250,0,0,0,0,1),(6992,141,250,0,0,0,0,1),(6993,140,250,0,0,0,0,1),(6994,133,250,0,0,0,0,1),(6995,143,250,3,0,0,0,1),(6996,151,250,0,1,1,0,1),(6997,134,250,0,0,1,0,0),(6998,135,250,0,0,0,0,0),(6999,152,250,0,0,1,0,0),(7000,146,250,0,0,1,0,0),(7001,14,251,0,0,0,0,1),(7002,4,251,0,0,0,0,1),(7003,17,251,0,0,0,0,1),(7004,2,251,0,0,0,0,1),(7005,15,251,2,0,0,0,1),(7006,18,251,0,0,0,0,1),(7007,16,251,0,0,1,0,1),(7008,9,251,0,0,0,0,1),(7009,11,251,0,0,0,0,1),(7010,8,251,0,1,1,0,1),(7011,7,251,0,0,1,0,1),(7012,10,251,0,0,0,0,0),(7013,13,251,0,0,0,0,0),(7014,12,251,0,0,0,0,0),(7015,533,251,0,0,1,0,1),(7016,547,251,0,0,0,0,1),(7017,537,251,0,0,0,0,1),(7018,539,251,0,0,0,0,1),(7019,535,251,0,0,0,0,1),(7020,531,251,0,0,0,0,1),(7021,550,251,3,0,0,0,1),(7022,542,251,0,1,0,0,1),(7023,546,251,0,0,0,0,1),(7024,552,251,0,0,0,0,1),(7025,538,251,0,0,0,0,1),(7026,532,251,0,0,0,0,0),(7027,555,251,0,0,0,0,0),(7028,548,251,0,0,0,0,0),(7029,502,252,0,0,0,0,1),(7030,511,252,0,0,0,0,1),(7031,506,252,0,0,0,0,1),(7032,504,252,0,0,0,0,1),(7033,503,252,0,0,0,0,1),(7034,525,252,1,0,0,0,1),(7035,508,252,0,0,0,0,1),(7036,521,252,0,0,0,0,1),(7037,510,252,0,0,1,0,1),(7038,523,252,0,0,2,0,1),(7039,507,252,0,0,1,0,1),(7040,512,252,0,0,0,0,0),(7041,528,252,0,0,0,0,0),(7042,501,252,0,0,0,0,0),(7043,578,252,0,0,0,0,1),(7044,566,252,0,0,0,0,1),(7045,574,252,0,0,0,0,1),(7046,567,252,0,0,0,0,1),(7047,560,252,0,0,0,0,1),(7048,569,252,0,0,0,0,1),(7049,573,252,0,0,0,0,1),(7050,561,252,0,0,0,0,1),(7051,562,252,0,0,1,0,1),(7052,591,252,0,0,1,0,1),(7053,564,252,0,0,1,0,1),(7054,572,252,2,0,0,0,0),(7055,565,252,0,0,0,0,0),(7056,570,252,0,0,1,0,0),(7057,476,253,2,0,0,0,1),(7058,471,253,0,0,0,0,1),(7059,475,253,0,0,0,0,1),(7060,469,253,0,0,0,0,1),(7061,470,253,0,0,0,0,1),(7062,477,253,0,0,0,0,1),(7063,467,253,0,0,0,0,1),(7064,468,253,0,0,1,0,1),(7065,474,253,0,0,0,0,1),(7066,479,253,0,0,0,0,1),(7067,485,253,0,0,0,0,1),(7068,483,253,0,0,0,0,0),(7069,489,253,0,0,0,0,0),(7070,478,253,0,0,0,0,0),(7071,608,253,0,0,0,0,1),(7072,597,253,0,0,0,0,1),(7073,599,253,0,0,0,0,1),(7074,624,253,0,0,0,0,1),(7075,602,253,0,0,0,0,1),(7076,598,253,0,0,0,0,1),(7077,609,253,0,0,0,0,1),(7078,601,253,0,0,0,0,1),(7079,594,253,0,0,1,0,1),(7080,603,253,0,0,1,0,1),(7081,595,253,0,0,1,0,1),(7082,610,253,1,0,0,0,0),(7083,600,253,0,0,0,0,0),(7084,596,253,0,0,0,0,0),(7085,466,254,0,0,1,0,1),(7086,453,254,0,0,0,0,1),(7087,446,254,0,0,1,0,1),(7088,464,254,0,0,0,0,1),(7089,450,254,0,0,0,0,1),(7090,449,254,0,1,0,0,1),(7091,443,254,0,0,0,0,1),(7092,457,254,0,0,0,0,1),(7093,445,254,0,0,0,0,1),(7094,451,254,3,0,0,1,1),(7095,455,254,0,0,0,0,1),(7096,456,254,0,0,0,0,0),(7097,458,254,0,0,0,0,0),(7098,447,254,0,0,0,0,0),(7099,311,254,1,0,1,0,1),(7100,310,254,0,1,1,0,1),(7101,313,254,0,0,0,0,1),(7102,318,254,0,0,1,0,1),(7103,303,254,0,1,0,0,1),(7104,298,254,0,0,0,0,1),(7105,309,254,0,0,0,0,1),(7106,300,254,0,0,0,0,1),(7107,297,254,0,0,0,0,1),(7108,301,254,0,0,0,0,1),(7109,312,254,0,0,1,1,1),(7110,316,254,0,0,0,0,0),(7111,307,254,0,0,0,0,0),(7112,324,254,3,0,0,0,0),(7113,418,255,0,0,1,0,1),(7114,420,255,0,0,0,0,1),(7115,427,255,0,0,0,0,1),(7116,442,255,0,0,0,0,1),(7117,416,255,0,0,0,0,1),(7118,424,255,0,0,0,0,1),(7119,428,255,0,0,0,0,1),(7120,415,255,0,0,0,0,1),(7121,429,255,0,0,0,0,1),(7122,421,255,0,0,0,0,1),(7123,430,255,0,0,0,1,1),(7124,431,255,0,0,0,0,0),(7125,436,255,0,0,0,0,0),(7126,425,255,2,0,0,0,0),(7127,265,255,0,0,0,0,1),(7128,270,255,0,0,0,0,1),(7129,269,255,0,1,0,0,1),(7130,277,255,0,0,0,0,1),(7131,284,255,0,0,0,0,1),(7132,271,255,1,3,0,0,1),(7133,266,255,0,0,0,0,1),(7134,267,255,0,0,0,0,1),(7135,264,255,0,0,0,0,1),(7136,273,255,0,0,0,0,1),(7137,268,255,0,0,0,0,1),(7138,275,255,0,0,0,0,0),(7139,274,255,4,0,1,0,0),(7140,280,255,0,0,1,1,0),(7141,400,256,1,0,0,0,1),(7142,394,256,0,0,0,0,1),(7143,392,256,0,0,0,0,1),(7144,407,256,0,0,0,0,1),(7145,403,256,0,0,0,0,1),(7146,393,256,0,0,0,0,1),(7147,399,256,0,0,0,0,1),(7148,397,256,0,0,0,0,1),(7149,414,256,0,0,1,0,1),(7150,402,256,1,1,1,0,1),(7151,391,256,1,0,2,0,1),(7152,404,256,0,0,0,0,0),(7153,406,256,0,0,0,0,0),(7154,396,256,0,0,0,0,0),(7155,233,256,0,0,0,0,1),(7156,241,256,0,0,0,0,1),(7157,236,256,1,0,0,0,1),(7158,231,256,0,0,0,0,1),(7159,249,256,0,0,0,0,1),(7160,235,256,0,0,0,0,1),(7161,238,256,0,0,0,0,1),(7162,246,256,0,0,0,0,1),(7163,237,256,0,0,0,0,1),(7164,253,256,0,0,2,0,1),(7165,242,256,0,1,1,0,1),(7166,247,256,0,0,0,0,0),(7167,244,256,1,0,1,0,0),(7168,239,256,2,0,0,0,0),(7169,370,257,0,0,0,0,1),(7170,364,257,0,0,0,0,1),(7171,375,257,0,1,0,0,1),(7172,363,257,0,0,0,0,1),(7173,369,257,0,0,0,0,1),(7174,365,257,0,0,0,0,1),(7175,372,257,0,0,0,0,1),(7176,382,257,0,0,0,0,1),(7177,368,257,0,1,0,0,1),(7178,373,257,0,0,0,0,1),(7179,377,257,0,0,1,0,1),(7180,379,257,0,0,0,0,0),(7181,376,257,0,0,1,0,0),(7182,374,257,3,0,0,0,0),(7183,210,257,0,0,0,0,1),(7184,213,257,0,0,1,0,1),(7185,209,257,0,0,0,0,1),(7186,201,257,0,1,0,0,1),(7187,204,257,0,0,0,0,1),(7188,202,257,0,0,0,0,1),(7189,203,257,0,0,0,0,1),(7190,198,257,0,0,0,0,1),(7191,222,257,0,0,0,0,1),(7192,218,257,0,0,0,0,1),(7193,208,257,3,0,0,0,1),(7194,205,257,0,0,0,0,0),(7195,200,257,0,0,0,0,0),(7196,221,257,0,0,0,0,0),(7197,334,258,0,0,0,0,1),(7198,348,258,0,0,0,0,1),(7199,336,258,0,0,0,0,1),(7200,349,258,0,0,0,0,1),(7201,335,258,0,0,0,0,1),(7202,343,258,0,0,0,0,1),(7203,330,258,0,0,0,0,1),(7204,333,258,0,0,0,0,1),(7205,331,258,0,0,1,0,1),(7206,344,258,0,0,2,0,1),(7207,338,258,0,0,1,0,1),(7208,339,258,0,0,0,0,0),(7209,342,258,0,0,0,0,0),(7210,337,258,0,0,0,0,0),(7211,180,258,0,1,0,0,1),(7212,174,258,0,0,0,0,1),(7213,170,258,0,0,0,0,1),(7214,182,258,0,0,0,0,1),(7215,169,258,0,0,0,0,1),(7216,172,258,0,0,0,0,1),(7217,177,258,0,0,0,0,1),(7218,168,258,0,0,1,0,1),(7219,171,258,0,0,0,0,1),(7220,166,258,0,0,0,0,1),(7221,173,258,0,0,1,0,1),(7222,175,258,4,0,0,0,0),(7223,179,258,0,0,0,0,0),(7224,176,258,0,0,0,0,0),(7225,49,259,0,0,0,0,1),(7226,35,259,0,0,0,0,1),(7227,45,259,0,0,0,0,1),(7228,42,259,0,0,0,0,1),(7229,48,259,0,0,0,0,1),(7230,56,259,0,0,0,0,1),(7231,41,259,0,0,0,0,1),(7232,34,259,0,0,0,0,1),(7233,40,259,1,0,0,0,1),(7234,36,259,0,0,1,0,1),(7235,37,259,0,0,1,0,1),(7236,60,259,1,0,0,0,0),(7237,47,259,0,0,0,0,0),(7238,46,259,0,0,0,0,0),(7239,151,259,0,1,0,0,1),(7240,145,259,0,0,0,0,1),(7241,146,259,0,1,0,0,1),(7242,149,259,0,0,0,0,1),(7243,142,259,0,0,0,0,1),(7244,136,259,0,0,0,0,1),(7245,138,259,0,1,0,0,1),(7246,143,259,0,0,0,0,1),(7247,150,259,0,0,0,0,1),(7248,135,259,0,0,2,0,1),(7249,152,259,0,0,1,0,1),(7250,148,259,0,0,1,0,0),(7251,137,259,0,0,0,0,0),(7252,144,259,3,0,0,0,0),(7253,68,260,0,0,0,0,1),(7254,76,260,0,0,0,0,1),(7255,91,260,0,0,0,0,1),(7256,82,260,0,0,0,0,1),(7257,89,260,0,0,0,0,1),(7258,79,260,0,1,0,0,1),(7259,74,260,0,0,0,0,1),(7260,80,260,1,0,1,0,1),(7261,70,260,0,0,0,0,1),(7262,71,260,0,0,0,0,1),(7263,67,260,0,0,0,0,1),(7264,69,260,0,0,0,0,0),(7265,90,260,2,0,0,0,0),(7266,88,260,0,0,0,0,0),(7267,105,260,0,0,0,0,1),(7268,113,260,0,0,0,0,1),(7269,121,260,0,0,0,0,1),(7270,102,260,0,0,0,0,1),(7271,100,260,0,0,0,0,1),(7272,103,260,0,0,0,0,1),(7273,111,260,0,0,0,0,1),(7274,107,260,0,0,0,0,1),(7275,114,260,0,0,1,0,1),(7276,106,260,0,0,1,0,1),(7277,120,260,0,0,1,0,1),(7278,110,260,2,0,0,0,0),(7279,122,260,0,0,0,0,0),(7280,108,260,0,0,1,0,0),(7281,9,261,0,0,0,0,1),(7282,15,261,0,0,0,0,1),(7283,8,261,0,2,0,0,1),(7284,7,261,0,0,0,0,1),(7285,10,261,0,0,0,0,1),(7286,18,261,0,0,0,0,1),(7287,3,261,0,0,0,0,1),(7288,17,261,0,0,0,0,1),(7289,33,261,0,0,0,1,1),(7290,2,261,0,0,0,0,1),(7291,16,261,0,0,0,1,1),(7292,11,261,2,0,0,0,0),(7293,12,261,0,0,0,0,0),(7294,6,261,0,0,0,0,0),(7295,567,261,0,0,0,0,1),(7296,566,261,0,0,0,0,1),(7297,564,261,0,0,0,0,1),(7298,591,261,0,0,0,0,1),(7299,560,261,0,0,0,0,1),(7300,573,261,0,0,0,0,1),(7301,563,261,0,0,0,0,1),(7302,576,261,0,0,1,0,1),(7303,570,261,0,0,0,0,1),(7304,565,261,0,0,1,0,1),(7305,575,261,0,0,1,0,1),(7306,572,261,0,0,0,0,0),(7307,568,261,0,0,1,0,0),(7308,571,261,0,0,0,0,0),(7309,532,262,0,0,0,0,1),(7310,539,262,0,0,0,0,1),(7311,552,262,0,1,0,0,1),(7312,535,262,0,0,0,0,1),(7313,544,262,0,0,0,0,1),(7314,537,262,0,0,0,0,1),(7315,531,262,0,0,0,0,1),(7316,550,262,0,0,0,0,1),(7317,534,262,0,0,0,0,1),(7318,547,262,0,0,2,0,1),(7319,543,262,0,0,1,0,1),(7320,541,262,2,0,0,0,0),(7321,538,262,0,0,0,0,0),(7322,540,262,0,0,0,0,0),(7323,596,262,0,0,1,0,1),(7324,624,262,0,0,0,0,1),(7325,595,262,0,0,0,0,1),(7326,600,262,1,0,0,0,1),(7327,593,262,0,0,0,0,1),(7328,598,262,0,0,0,0,1),(7329,605,262,0,0,0,0,1),(7330,594,262,0,0,0,0,1),(7331,597,262,0,0,0,0,1),(7332,592,262,0,0,0,0,1),(7333,603,262,0,0,0,0,1),(7334,608,262,0,0,0,0,0),(7335,610,262,0,0,0,0,0),(7336,601,262,0,0,0,0,0),(7337,501,263,0,0,1,0,1),(7338,510,263,0,0,0,0,1),(7339,516,263,0,0,0,0,1),(7340,521,263,0,0,0,0,1),(7341,506,263,0,0,0,0,1),(7342,504,263,0,0,0,0,1),(7343,509,263,0,0,0,0,1),(7344,507,263,0,0,0,0,1),(7345,524,263,0,0,0,0,1),(7346,505,263,0,0,0,0,1),(7347,503,263,0,0,0,0,1),(7348,525,263,0,0,0,0,0),(7349,512,263,0,0,0,0,0),(7350,515,263,0,0,0,0,0),(7351,298,263,0,0,0,0,1),(7352,311,263,0,0,0,0,1),(7353,310,263,0,1,0,0,1),(7354,313,263,0,0,0,0,1),(7355,308,263,0,1,0,0,1),(7356,303,263,0,0,0,0,1),(7357,302,263,2,1,0,0,1),(7358,297,263,0,0,0,0,1),(7359,309,263,0,0,0,0,1),(7360,301,263,0,0,0,0,1),(7361,315,263,0,0,1,0,1),(7362,306,263,0,0,0,0,0),(7363,307,263,1,0,1,0,0),(7364,316,263,0,0,0,0,0),(7365,470,264,0,0,0,0,1),(7366,483,264,0,0,1,0,1),(7367,473,264,0,0,0,0,1),(7368,489,264,0,0,0,0,1),(7369,476,264,0,0,0,0,1),(7370,474,264,0,0,0,0,1),(7371,485,264,0,0,0,0,1),(7372,468,264,0,0,0,0,1),(7373,467,264,0,0,0,0,1),(7374,479,264,0,0,0,0,1),(7375,491,264,0,0,0,0,1),(7376,493,264,0,0,0,0,0),(7377,478,264,0,0,0,0,0),(7378,487,264,0,0,0,0,0),(7379,278,264,0,0,0,0,1),(7380,266,264,0,0,0,0,1),(7381,267,264,0,0,0,0,1),(7382,277,264,0,0,0,0,1),(7383,281,264,0,0,0,0,1),(7384,273,264,0,0,0,0,1),(7385,284,264,0,0,0,0,1),(7386,274,264,0,0,0,0,1),(7387,268,264,0,0,0,0,1),(7388,269,264,0,1,0,0,1),(7389,279,264,1,0,0,1,1),(7390,275,264,0,0,0,0,0),(7391,285,264,3,0,0,0,0),(7392,265,264,0,0,0,0,0),(7393,449,265,0,0,0,0,1),(7394,447,265,0,0,0,0,1),(7395,466,265,0,0,0,0,1),(7396,458,265,0,0,0,0,1),(7397,450,265,0,0,0,0,1),(7398,453,265,1,0,0,0,1),(7399,460,265,0,0,0,0,1),(7400,446,265,0,0,0,0,1),(7401,448,265,0,0,0,0,1),(7402,456,265,0,1,1,0,1),(7403,464,265,0,0,1,0,1),(7404,454,265,0,0,0,0,0),(7405,462,265,0,0,1,0,0),(7406,452,265,0,0,0,0,0),(7407,246,265,0,1,0,0,1),(7408,249,265,0,0,0,0,1),(7409,242,265,0,0,0,0,1),(7410,233,265,1,1,0,0,1),(7411,235,265,0,0,1,0,1),(7412,240,265,0,0,0,0,1),(7413,261,265,0,0,0,0,1),(7414,237,265,0,0,0,0,1),(7415,238,265,0,0,0,0,1),(7416,252,265,0,0,0,0,1),(7417,245,265,1,0,1,0,1),(7418,236,265,0,0,0,0,0),(7419,243,265,0,0,0,0,0),(7420,244,265,0,0,0,0,0),(7421,435,266,0,0,0,0,1),(7422,423,266,0,0,0,0,1),(7423,431,266,0,0,0,0,1),(7424,424,266,0,0,0,0,1),(7425,418,266,0,0,0,0,1),(7426,428,266,0,0,0,0,1),(7427,421,266,0,0,0,0,1),(7428,415,266,0,0,0,0,1),(7429,420,266,0,2,0,0,1),(7430,419,266,0,0,1,0,1),(7431,442,266,0,0,2,0,1),(7432,427,266,1,0,0,0,0),(7433,426,266,2,0,0,0,0),(7434,425,266,0,0,0,0,0),(7435,209,266,0,0,0,0,1),(7436,202,266,0,0,0,0,1),(7437,204,266,0,0,0,0,1),(7438,218,266,2,0,0,0,1),(7439,199,266,0,0,0,0,1),(7440,221,266,0,0,0,0,1),(7441,201,266,0,0,0,0,1),(7442,210,266,0,0,0,0,1),(7443,198,266,0,0,0,0,1),(7444,208,266,0,0,0,0,1),(7445,222,266,0,0,2,0,1),(7446,205,266,0,0,0,0,0),(7447,206,266,0,0,0,0,0),(7448,207,266,0,0,0,0,0),(7449,392,267,0,0,0,0,1),(7450,407,267,0,0,0,0,1),(7451,403,267,0,0,1,0,1),(7452,402,267,0,0,0,0,1),(7453,396,267,0,0,0,0,1),(7454,414,267,0,0,0,0,1),(7455,397,267,0,0,0,0,1),(7456,409,267,0,0,0,0,1),(7457,395,267,0,0,1,0,1),(7458,400,267,0,0,1,0,1),(7459,406,267,0,0,1,0,1),(7460,401,267,0,0,0,0,0),(7461,394,267,0,0,0,0,0),(7462,408,267,0,0,0,0,0),(7463,168,267,0,0,0,0,1),(7464,175,267,0,0,0,0,1),(7465,179,267,0,0,0,0,1),(7466,169,267,0,0,0,0,1),(7467,167,267,0,0,0,0,1),(7468,172,267,0,0,0,0,1),(7469,184,267,0,0,0,0,1),(7470,171,267,0,0,0,0,1),(7471,166,267,0,0,0,0,1),(7472,190,267,0,0,0,0,1),(7473,176,267,0,0,0,0,1),(7474,182,267,0,0,0,0,0),(7475,174,267,0,0,0,0,0),(7476,187,267,0,0,1,0,0),(7477,365,268,0,0,0,0,1),(7478,367,268,1,0,1,0,1),(7479,378,268,0,0,0,0,1),(7480,377,268,0,0,0,0,1),(7481,387,268,0,2,0,0,1),(7482,364,268,0,0,0,0,1),(7483,373,268,0,0,0,0,1),(7484,376,268,0,0,0,0,1),(7485,375,268,0,0,0,0,1),(7486,368,268,0,0,0,0,1),(7487,363,268,0,0,0,0,1),(7488,374,268,3,0,0,0,0),(7489,372,268,0,0,0,0,0),(7490,370,268,0,0,0,0,0),(7491,151,268,0,0,0,0,1),(7492,142,268,0,0,0,0,1),(7493,149,268,0,0,0,0,1),(7494,133,268,0,0,0,0,1),(7495,144,268,1,0,0,0,1),(7496,145,268,0,1,0,0,1),(7497,136,268,0,0,1,0,1),(7498,143,268,0,0,1,0,1),(7499,137,268,0,0,1,0,1),(7500,138,268,0,0,1,0,1),(7501,134,268,0,0,0,0,0),(7502,152,268,0,0,0,0,0),(7503,148,268,0,0,0,0,0),(7504,146,268,0,0,0,0,0),(7505,343,269,0,0,0,0,1),(7506,349,269,0,0,0,0,1),(7507,338,269,0,0,0,0,1),(7508,331,269,0,0,0,0,1),(7509,330,269,0,0,0,0,1),(7510,334,269,0,0,0,0,1),(7511,348,269,0,0,0,0,1),(7512,340,269,0,0,0,0,1),(7513,332,269,0,0,0,0,1),(7514,333,269,0,0,0,0,1),(7515,335,269,0,0,1,0,1),(7516,336,269,0,0,0,0,0),(7517,339,269,0,0,0,0,0),(7518,345,269,0,0,0,0,0),(7519,109,269,4,0,0,0,1),(7520,100,269,0,0,0,0,1),(7521,110,269,0,0,0,0,1),(7522,120,269,0,0,0,0,1),(7523,101,269,0,0,0,0,1),(7524,111,269,0,0,0,0,1),(7525,118,269,0,0,0,0,1),(7526,121,269,0,0,0,0,1),(7527,114,269,0,0,0,0,1),(7528,107,269,0,0,0,1,1),(7529,103,269,0,2,0,0,1),(7530,115,269,0,0,0,0,0),(7531,122,269,0,0,0,0,0),(7532,117,269,0,0,0,0,0),(7533,50,270,0,0,1,0,1),(7534,38,270,0,0,0,0,1),(7535,56,270,0,0,0,0,1),(7536,41,270,0,1,1,0,1),(7537,49,270,0,1,0,0,1),(7538,34,270,0,0,0,0,1),(7539,47,270,0,0,0,0,1),(7540,46,270,2,0,1,0,1),(7541,42,270,0,0,0,0,1),(7542,43,270,0,0,0,0,1),(7543,35,270,0,0,0,1,1),(7544,52,270,0,0,0,0,0),(7545,44,270,1,0,0,0,0),(7546,39,270,0,0,0,0,0),(7547,83,270,0,0,0,0,1),(7548,87,270,0,0,0,0,1),(7549,69,270,0,0,0,0,1),(7550,71,270,0,0,1,0,1),(7551,84,270,0,0,0,0,1),(7552,75,270,0,1,0,0,1),(7553,80,270,0,0,0,0,1),(7554,73,270,0,0,0,0,1),(7555,74,270,0,0,0,0,1),(7556,81,270,0,0,1,0,1),(7557,85,270,0,0,1,0,1),(7558,88,270,2,0,0,0,0),(7559,72,270,0,0,0,0,0),(7560,77,270,0,0,0,0,0),(7561,3,271,0,0,0,0,1),(7562,15,271,1,0,0,0,1),(7563,13,271,0,0,0,0,1),(7564,8,271,0,0,0,0,1),(7565,10,271,1,0,0,0,1),(7566,2,271,0,0,0,0,1),(7567,18,271,0,0,0,0,1),(7568,4,271,0,0,0,0,1),(7569,7,271,0,0,0,0,1),(7570,17,271,0,0,0,1,1),(7571,11,271,0,0,0,1,1),(7572,22,271,0,0,0,0,0),(7573,12,271,0,0,0,0,0),(7574,9,271,0,0,0,0,0),(7575,593,271,0,0,1,0,1),(7576,595,271,0,0,0,0,1),(7577,624,271,0,0,0,0,1),(7578,608,271,0,0,0,0,1),(7579,604,271,0,0,0,0,1),(7580,592,271,0,0,0,0,1),(7581,598,271,0,2,0,0,1),(7582,602,271,0,0,1,0,1),(7583,601,271,0,0,0,0,1),(7584,594,271,0,0,0,0,1),(7585,597,271,0,0,0,1,1),(7586,600,271,0,0,0,0,0),(7587,616,271,0,0,1,0,0),(7588,603,271,3,0,1,0,0),(7589,561,272,0,0,0,0,1),(7590,570,272,2,0,0,0,1),(7591,579,272,0,0,0,0,1),(7592,576,272,0,0,0,0,1),(7593,566,272,0,0,0,0,1),(7594,560,272,0,0,0,0,1),(7595,564,272,0,0,1,0,1),(7596,573,272,0,0,0,0,1),(7597,591,272,0,0,0,0,1),(7598,575,272,0,0,0,0,1),(7599,567,272,0,0,1,0,1),(7600,565,272,0,0,0,0,0),(7601,578,272,0,0,0,0,0),(7602,569,272,2,0,1,0,0),(7603,300,272,0,0,0,0,1),(7604,311,272,0,0,0,0,1),(7605,298,272,0,0,0,0,1),(7606,305,272,0,0,0,0,1),(7607,306,272,0,0,0,0,1),(7608,313,272,0,0,0,0,1),(7609,310,272,1,1,0,0,1),(7610,303,272,2,0,0,0,1),(7611,297,272,0,0,0,0,1),(7612,309,272,0,0,0,1,1),(7613,312,272,0,0,0,0,1),(7614,324,272,0,0,0,0,0),(7615,307,272,0,0,0,0,0),(7616,316,272,0,0,0,0,0),(7617,533,273,0,0,0,0,1),(7618,536,273,0,0,0,0,1),(7619,534,273,0,0,0,0,1),(7620,542,273,1,0,0,0,1),(7621,535,273,0,0,0,0,1),(7622,541,273,0,0,0,0,1),(7623,544,273,0,1,0,0,1),(7624,531,273,0,0,0,0,1),(7625,540,273,1,0,0,0,1),(7626,532,273,0,0,0,0,1),(7627,552,273,0,0,0,0,1),(7628,537,273,0,0,0,0,0),(7629,538,273,0,0,0,0,0),(7630,555,273,0,0,0,0,0),(7631,276,273,1,0,0,0,1),(7632,272,273,0,0,0,0,1),(7633,267,273,0,0,0,0,1),(7634,278,273,0,0,0,0,1),(7635,271,273,0,0,0,0,1),(7636,277,273,0,0,0,0,1),(7637,268,273,0,0,0,0,1),(7638,264,273,0,0,0,0,1),(7639,266,273,0,0,0,0,1),(7640,269,273,0,0,1,0,1),(7641,280,273,0,0,1,0,1),(7642,285,273,0,0,0,0,0),(7643,284,273,0,0,0,0,0),(7644,273,273,0,0,0,0,0),(7645,507,274,0,0,0,0,1),(7646,509,274,0,0,0,0,1),(7647,525,274,0,0,0,0,1),(7648,504,274,0,0,0,0,1),(7649,517,274,0,0,0,0,1),(7650,506,274,0,0,0,0,1),(7651,505,274,0,1,0,0,1),(7652,516,274,0,0,0,0,1),(7653,511,274,0,0,1,0,1),(7654,520,274,0,0,1,0,1),(7655,501,274,0,0,1,0,1),(7656,528,274,1,0,0,0,0),(7657,515,274,0,0,0,0,0),(7658,510,274,0,0,0,0,0),(7659,239,274,1,0,0,0,1),(7660,242,274,2,0,0,0,1),(7661,246,274,0,0,0,0,1),(7662,238,274,0,0,0,0,1),(7663,236,274,0,0,0,0,1),(7664,249,274,0,2,0,0,1),(7665,248,274,0,0,0,0,1),(7666,233,274,0,0,0,0,1),(7667,237,274,0,0,0,1,1),(7668,253,274,0,0,0,1,1),(7669,235,274,0,0,0,0,1),(7670,257,274,0,0,0,0,0),(7671,240,274,0,0,0,0,0),(7672,245,274,0,0,0,0,0),(7673,471,275,0,0,0,0,1),(7674,491,275,0,2,0,0,1),(7675,467,275,0,0,0,0,1),(7676,478,275,0,0,0,0,1),(7677,470,275,0,0,0,0,1),(7678,473,275,1,0,0,0,1),(7679,474,275,1,0,0,0,1),(7680,479,275,0,0,0,0,1),(7681,469,275,2,0,1,0,1),(7682,487,275,0,0,0,0,1),(7683,489,275,0,0,1,0,1),(7684,477,275,0,0,0,0,0),(7685,475,275,0,0,0,0,0),(7686,495,275,0,0,0,0,0),(7687,205,275,0,0,0,0,1),(7688,202,275,0,0,0,0,1),(7689,218,275,0,0,0,0,1),(7690,203,275,0,0,0,0,1),(7691,199,275,0,0,0,0,1),(7692,208,275,0,0,0,0,1),(7693,221,275,0,0,0,0,1),(7694,201,275,0,0,0,0,1),(7695,198,275,0,0,0,0,1),(7696,204,275,0,0,1,0,1),(7697,210,275,0,0,0,0,0),(7698,200,275,0,0,0,0,0),(7699,209,275,0,0,0,0,0),(7700,229,275,0,0,1,0,0),(7701,456,276,0,0,0,0,1),(7702,453,276,0,0,0,0,1),(7703,457,276,0,0,0,0,1),(7704,460,276,0,0,0,0,1),(7705,464,276,0,0,0,0,1),(7706,449,276,0,0,0,0,1),(7707,445,276,0,0,0,0,1),(7708,450,276,0,0,0,0,1),(7709,458,276,0,0,0,0,1),(7710,466,276,0,0,1,0,1),(7711,447,276,0,0,1,0,1),(7712,454,276,0,0,0,0,0),(7713,455,276,0,0,0,0,0),(7714,462,276,0,0,0,0,0),(7715,177,276,0,0,0,0,1),(7716,171,276,0,1,0,0,1),(7717,168,276,0,0,1,0,1),(7718,173,276,0,0,0,0,1),(7719,184,276,0,0,0,0,1),(7720,181,276,0,0,0,0,1),(7721,190,276,0,0,0,0,1),(7722,174,276,4,0,0,0,1),(7723,187,276,0,0,0,0,1),(7724,166,276,0,0,0,0,1),(7725,169,276,1,1,0,0,1),(7726,179,276,0,0,0,0,0),(7727,176,276,0,0,0,0,0),(7728,178,276,0,0,0,0,0),(7729,419,277,0,0,0,0,1),(7730,428,277,0,0,0,0,1),(7731,430,277,0,0,0,0,1),(7732,423,277,0,0,0,0,1),(7733,431,277,0,0,0,0,1),(7734,436,277,0,0,0,0,1),(7735,420,277,0,0,0,0,1),(7736,424,277,0,0,0,0,1),(7737,425,277,0,0,0,0,1),(7738,418,277,0,0,0,0,1),(7739,432,277,0,0,0,0,1),(7740,434,277,0,0,0,0,0),(7741,435,277,0,0,0,0,0),(7742,438,277,3,0,0,0,0),(7743,136,277,0,0,0,0,1),(7744,144,277,0,0,0,0,1),(7745,149,277,0,0,0,0,1),(7746,151,277,0,0,0,0,1),(7747,141,277,0,0,0,0,1),(7748,135,277,0,0,0,0,1),(7749,146,277,0,0,0,0,1),(7750,133,277,0,0,0,0,1),(7751,148,277,0,0,0,0,1),(7752,143,277,0,0,0,0,1),(7753,142,277,0,0,0,0,1),(7754,134,277,0,0,0,0,0),(7755,140,277,0,0,0,0,0),(7756,137,277,0,0,0,0,0),(7757,393,278,0,0,0,0,1),(7758,400,278,0,0,0,0,1),(7759,394,278,0,0,0,0,1),(7760,392,278,0,0,0,0,1),(7761,403,278,0,0,0,0,1),(7762,397,278,0,0,0,0,1),(7763,402,278,0,0,0,0,1),(7764,407,278,0,0,0,0,1),(7765,395,278,0,0,0,0,1),(7766,398,278,0,0,1,0,1),(7767,391,278,0,0,1,0,1),(7768,401,278,0,0,1,0,0),(7769,406,278,0,0,0,0,0),(7770,409,278,0,0,0,0,0),(7771,110,278,2,0,0,0,1),(7772,115,278,0,0,0,0,1),(7773,120,278,0,0,0,0,1),(7774,114,278,0,0,0,0,1),(7775,111,278,0,0,0,0,1),(7776,103,278,0,0,0,0,1),(7777,106,278,0,0,0,0,1),(7778,117,278,0,0,0,0,1),(7779,105,278,0,0,1,0,1),(7780,113,278,0,0,0,0,1),(7781,121,278,0,0,1,0,1),(7782,101,278,0,0,1,0,0),(7783,122,278,0,0,0,0,0),(7784,104,278,0,0,0,0,0),(7785,370,279,0,0,0,0,1),(7786,378,279,0,0,0,0,1),(7787,374,279,0,0,0,0,1),(7788,387,279,0,0,0,0,1),(7789,364,279,0,0,0,0,1),(7790,369,279,0,0,0,0,1),(7791,368,279,0,2,0,0,1),(7792,363,279,0,0,0,0,1),(7793,365,279,0,0,1,0,1),(7794,371,279,2,0,1,0,1),(7795,377,279,0,0,1,0,1),(7796,383,279,1,0,0,0,0),(7797,388,279,0,0,0,0,0),(7798,375,279,0,0,1,0,0),(7799,74,279,0,0,0,0,1),(7800,75,279,0,0,0,0,1),(7801,73,279,0,0,0,0,1),(7802,69,279,0,0,0,0,1),(7803,86,279,0,0,0,0,1),(7804,76,279,1,0,0,0,1),(7805,68,279,0,0,0,0,1),(7806,81,279,0,0,0,0,1),(7807,67,279,0,0,0,0,1),(7808,82,279,0,0,2,0,1),(7809,85,279,0,0,1,0,1),(7810,70,279,0,0,0,0,0),(7811,87,279,0,0,0,0,0),(7812,77,279,0,0,0,0,0),(7813,333,280,0,0,0,0,1),(7814,340,280,0,0,0,0,1),(7815,349,280,0,0,0,0,1),(7816,348,280,0,0,0,0,1),(7817,335,280,0,0,0,0,1),(7818,330,280,0,0,0,0,1),(7819,334,280,0,0,0,0,1),(7820,345,280,0,0,0,0,1),(7821,342,280,0,0,0,0,1),(7822,344,280,0,0,1,0,1),(7823,336,280,0,0,0,0,1),(7824,338,280,0,0,0,0,0),(7825,339,280,0,0,0,0,0),(7826,343,280,2,0,0,0,0),(7827,40,280,0,0,0,0,1),(7828,42,280,0,0,0,0,1),(7829,41,280,0,3,0,0,1),(7830,49,280,0,0,0,0,1),(7831,34,280,0,0,0,0,1),(7832,48,280,0,0,0,0,1),(7833,36,280,2,0,0,0,1),(7834,45,280,3,0,0,0,1),(7835,38,280,0,0,0,0,1),(7836,56,280,0,0,1,0,1),(7837,50,280,0,0,1,0,1),(7838,52,280,0,0,1,0,0),(7839,44,280,1,0,0,0,0),(7840,46,280,0,0,1,0,0),(7841,9,281,0,0,0,0,1),(7842,16,281,0,0,0,0,1),(7843,8,281,0,0,0,0,1),(7844,22,281,0,0,0,0,1),(7845,3,281,0,0,0,0,1),(7846,6,281,0,0,0,0,1),(7847,13,281,1,0,0,0,1),(7848,1,281,0,0,0,0,1),(7849,15,281,0,2,0,0,1),(7850,10,281,0,0,1,0,1),(7851,2,281,0,0,2,0,1),(7852,33,281,0,0,0,0,0),(7853,7,281,0,0,0,0,0),(7854,12,281,2,0,0,0,0),(7855,299,281,0,0,0,0,1),(7856,302,281,0,0,0,0,1),(7857,300,281,0,0,0,0,1),(7858,313,281,0,0,0,0,1),(7859,303,281,0,0,0,0,1),(7860,297,281,0,0,0,0,1),(7861,307,281,0,0,0,0,1),(7862,312,281,0,0,0,0,1),(7863,318,281,0,0,1,0,1),(7864,310,281,0,1,0,0,1),(7865,305,281,0,0,0,0,1),(7866,308,281,3,0,0,0,0),(7867,316,281,0,0,0,0,0),(7868,306,281,0,1,0,0,0),(7869,595,282,0,0,0,0,1),(7870,604,282,1,0,0,0,1),(7871,624,282,0,0,0,0,1),(7872,593,282,0,0,0,0,1),(7873,599,282,0,0,0,0,1),(7874,603,282,0,0,0,0,1),(7875,596,282,0,0,0,0,1),(7876,609,282,0,0,0,0,1),(7877,598,282,0,0,0,0,1),(7878,608,282,0,0,0,0,1),(7879,615,282,0,0,1,1,1),(7880,602,282,0,0,0,0,0),(7881,616,282,0,0,0,0,0),(7882,600,282,0,0,0,0,0),(7883,267,282,0,0,0,0,1),(7884,272,282,0,0,0,0,1),(7885,278,282,0,0,0,0,1),(7886,270,282,0,0,0,0,1),(7887,264,282,0,0,0,0,1),(7888,279,282,2,0,0,0,1),(7889,271,282,2,1,0,0,1),(7890,266,282,1,0,0,0,1),(7891,277,282,0,0,0,0,1),(7892,269,282,1,1,0,0,1),(7893,268,282,0,0,1,0,1),(7894,284,282,0,0,0,0,0),(7895,273,282,0,0,0,0,0),(7896,276,282,0,0,1,0,0),(7897,565,283,0,0,0,0,1),(7898,591,283,0,0,0,0,1),(7899,567,283,0,0,0,0,1),(7900,560,283,0,0,0,0,1),(7901,568,283,0,0,0,0,1),(7902,573,283,0,0,0,0,1),(7903,563,283,0,0,0,0,1),(7904,578,283,0,0,0,0,1),(7905,562,283,0,0,2,0,1),(7906,561,283,0,0,0,0,1),(7907,564,283,0,0,1,0,1),(7908,566,283,0,0,0,0,0),(7909,571,283,0,0,0,0,0),(7910,579,283,0,0,0,0,0),(7911,236,283,0,1,0,0,1),(7912,233,283,0,0,0,0,1),(7913,235,283,0,0,0,0,1),(7914,257,283,0,0,0,0,1),(7915,252,283,0,0,0,0,1),(7916,241,283,1,0,0,0,1),(7917,247,283,0,0,0,0,1),(7918,242,283,0,0,0,0,1),(7919,245,283,0,1,0,0,1),(7920,262,283,0,0,0,0,1),(7921,231,283,0,0,0,0,1),(7922,248,283,0,0,0,0,0),(7923,246,283,0,0,1,0,0),(7924,240,283,2,0,0,0,0),(7925,537,284,0,0,0,0,1),(7926,539,284,0,0,0,0,1),(7927,541,284,0,0,0,0,1),(7928,531,284,0,0,0,0,1),(7929,542,284,0,0,0,0,1),(7930,546,284,0,0,0,0,1),(7931,540,284,0,0,0,0,1),(7932,547,284,0,0,0,0,1),(7933,533,284,0,0,1,0,1),(7934,552,284,0,0,1,0,1),(7935,532,284,0,0,1,0,1),(7936,543,284,0,0,0,0,0),(7937,544,284,0,0,1,0,0),(7938,535,284,0,0,0,0,0),(7939,203,284,0,1,0,0,1),(7940,218,284,0,0,0,0,1),(7941,201,284,0,0,0,0,1),(7942,208,284,1,0,0,0,1),(7943,207,284,0,0,0,0,1),(7944,212,284,0,0,0,0,1),(7945,202,284,0,0,0,0,1),(7946,209,284,0,0,0,0,1),(7947,200,284,0,0,0,0,1),(7948,199,284,0,0,0,0,1),(7949,198,284,0,0,0,0,1),(7950,213,284,0,0,0,0,0),(7951,222,284,0,0,0,0,0),(7952,221,284,0,0,0,0,0),(7953,507,285,0,0,0,0,1),(7954,508,285,0,0,0,0,1),(7955,500,285,0,0,0,0,1),(7956,525,285,1,0,0,0,1),(7957,504,285,0,0,0,0,1),(7958,509,285,2,1,0,0,1),(7959,510,285,0,0,0,0,1),(7960,523,285,0,0,0,0,1),(7961,503,285,0,0,0,0,1),(7962,501,285,0,0,1,0,1),(7963,522,285,0,0,1,0,1),(7964,528,285,0,0,0,0,0),(7965,505,285,0,0,0,0,0),(7966,506,285,0,0,0,0,0),(7967,169,285,0,0,0,0,1),(7968,177,285,0,1,0,0,1),(7969,172,285,0,0,0,0,1),(7970,173,285,0,1,0,0,1),(7971,181,285,0,0,0,0,1),(7972,170,285,0,0,0,0,1),(7973,171,285,2,0,0,0,1),(7974,167,285,0,0,0,0,1),(7975,174,285,0,0,0,0,1),(7976,183,285,0,0,0,0,1),(7977,168,285,0,0,0,1,1),(7978,176,285,0,0,0,0,0),(7979,178,285,0,0,0,0,0),(7980,179,285,0,0,0,0,0),(7981,489,286,0,0,1,0,1),(7982,470,286,0,0,0,0,1),(7983,478,286,0,0,0,0,1),(7984,479,286,0,0,0,0,1),(7985,472,286,0,0,0,0,1),(7986,469,286,0,0,0,0,1),(7987,475,286,0,0,0,0,1),(7988,468,286,0,0,0,0,1),(7989,474,286,0,0,0,0,1),(7990,467,286,0,0,0,0,1),(7991,473,286,0,0,0,0,1),(7992,491,286,0,0,0,0,0),(7993,476,286,0,0,0,0,0),(7994,485,286,0,0,0,0,0),(7995,140,286,0,0,0,0,1),(7996,144,286,0,0,0,0,1),(7997,145,286,0,0,0,0,1),(7998,138,286,0,0,0,0,1),(7999,146,286,0,0,0,0,1),(8000,135,286,0,0,1,0,1),(8001,136,286,0,0,0,0,1),(8002,142,286,0,0,0,0,1),(8003,133,286,0,0,0,0,1),(8004,149,286,0,0,0,0,1),(8005,151,286,0,0,0,0,1),(8006,141,286,0,0,0,0,0),(8007,143,286,1,0,0,0,0),(8008,150,286,0,0,0,0,0),(8009,456,287,1,0,0,0,1),(8010,454,287,1,0,0,0,1),(8011,457,287,0,1,0,0,1),(8012,452,287,0,0,0,0,1),(8013,455,287,1,0,0,0,1),(8014,449,287,0,0,0,0,1),(8015,446,287,0,0,0,0,1),(8016,447,287,0,0,0,0,1),(8017,460,287,0,0,0,0,1),(8018,466,287,0,0,0,0,1),(8019,464,287,0,0,0,0,1),(8020,453,287,0,0,0,0,0),(8021,461,287,0,0,0,0,0),(8022,451,287,0,0,0,1,0),(8023,103,287,0,0,0,0,1),(8024,106,287,0,0,0,0,1),(8025,107,287,0,0,0,0,1),(8026,109,287,0,0,0,0,1),(8027,121,287,0,0,0,0,1),(8028,102,287,0,0,0,0,1),(8029,113,287,0,0,0,0,1),(8030,114,287,0,0,0,0,1),(8031,112,287,0,0,0,0,1),(8032,110,287,0,0,0,0,1),(8033,100,287,0,0,0,0,1),(8034,130,287,0,0,0,0,0),(8035,105,287,0,0,0,0,0),(8036,111,287,0,0,0,0,0),(8037,436,288,0,0,0,0,1),(8038,434,288,0,0,0,0,1),(8039,417,288,0,0,0,0,1),(8040,421,288,0,0,0,0,1),(8041,415,288,0,0,0,0,1),(8042,420,288,0,0,0,0,1),(8043,428,288,0,0,0,0,1),(8044,419,288,0,0,0,0,1),(8045,422,288,0,0,0,0,1),(8046,442,288,0,0,0,0,1),(8047,430,288,0,0,2,0,1),(8048,429,288,0,0,1,0,0),(8049,425,288,0,0,1,0,0),(8050,427,288,0,0,0,0,0),(8051,71,288,2,0,1,0,1),(8052,69,288,0,0,0,0,1),(8053,87,288,0,0,0,0,1),(8054,83,288,0,0,0,0,1),(8055,72,288,0,0,0,0,1),(8056,73,288,0,0,0,0,1),(8057,88,288,0,0,0,0,1),(8058,74,288,0,0,0,0,1),(8059,67,288,0,0,0,0,1),(8060,68,288,0,0,0,0,1),(8061,75,288,0,0,0,0,1),(8062,76,288,0,0,0,0,0),(8063,80,288,0,0,0,0,0),(8064,86,288,0,0,0,0,0),(8065,397,289,0,0,0,0,1),(8066,394,289,0,0,0,0,1),(8067,395,289,0,0,0,0,1),(8068,406,289,0,0,0,0,1),(8069,399,289,0,0,0,0,1),(8070,390,289,0,0,0,0,1),(8071,396,289,0,0,0,0,1),(8072,398,289,0,0,0,0,1),(8073,391,289,0,0,0,0,1),(8074,401,289,0,0,1,0,1),(8075,393,289,0,0,1,0,1),(8076,392,289,0,0,0,0,0),(8077,400,289,0,0,1,0,0),(8078,403,289,0,0,1,0,0),(8079,35,289,0,0,0,0,1),(8080,66,289,1,3,0,0,1),(8081,38,289,0,0,0,0,1),(8082,42,289,0,0,0,0,1),(8083,47,289,0,0,0,0,1),(8084,39,289,0,0,0,0,1),(8085,49,289,0,0,0,0,1),(8086,44,289,3,0,0,0,1),(8087,34,289,0,0,0,0,1),(8088,52,289,0,0,1,0,1),(8089,50,289,0,0,1,0,1),(8090,45,289,0,0,0,0,0),(8091,46,289,0,0,1,0,0),(8092,51,289,0,0,1,0,0),(8093,365,290,0,0,1,0,1),(8094,364,290,0,0,0,0,1),(8095,376,290,0,1,1,0,1),(8096,388,290,0,0,0,0,1),(8097,387,290,0,0,0,0,1),(8098,389,290,0,0,0,0,1),(8099,377,290,0,0,0,0,1),(8100,375,290,0,0,0,0,1),(8101,367,290,0,0,0,0,1),(8102,363,290,0,0,0,0,1),(8103,370,290,1,0,0,0,1),(8104,373,290,0,0,1,0,0),(8105,374,290,0,0,0,0,0),(8106,372,290,0,0,0,1,0),(8107,331,290,0,0,0,0,1),(8108,343,290,0,1,0,0,1),(8109,332,290,0,0,0,0,1),(8110,346,290,0,0,0,0,1),(8111,340,290,0,1,0,0,1),(8112,339,290,1,0,0,0,1),(8113,333,290,0,0,0,0,1),(8114,347,290,0,0,0,0,1),(8115,338,290,0,0,0,0,1),(8116,334,290,0,0,0,0,1),(8117,335,290,0,0,0,0,1),(8118,351,290,1,0,0,0,0),(8119,342,290,0,0,0,0,0),(8120,349,290,0,0,0,0,0),(8121,6,291,0,0,0,0,1),(8122,15,291,0,0,0,0,1),(8123,4,291,0,0,0,0,1),(8124,8,291,0,0,0,0,1),(8125,22,291,0,0,0,0,1),(8126,16,291,0,0,0,0,1),(8127,18,291,0,0,0,0,1),(8128,14,291,0,0,0,0,1),(8129,3,291,0,0,2,0,1),(8130,13,291,0,0,1,0,1),(8131,7,291,0,0,1,0,1),(8132,33,291,0,0,0,0,0),(8133,17,291,0,0,0,0,0),(8134,9,291,0,0,0,0,0),(8135,266,291,0,0,0,0,1),(8136,273,291,1,0,0,0,1),(8137,267,291,0,0,0,0,1),(8138,274,291,0,0,0,0,1),(8139,269,291,0,0,0,0,1),(8140,270,291,0,0,0,0,1),(8141,277,291,0,0,0,0,1),(8142,278,291,0,0,0,0,1),(8143,264,291,0,0,0,0,1),(8144,280,291,0,0,0,0,1),(8145,268,291,0,0,0,0,1),(8146,279,291,0,0,0,0,0),(8147,276,291,0,0,0,0,0),(8148,272,291,0,0,0,0,0),(8149,306,292,0,0,0,0,1),(8150,302,292,0,0,0,0,1),(8151,299,292,0,0,0,0,1),(8152,309,292,0,0,0,0,1),(8153,311,292,0,0,0,0,1),(8154,310,292,0,0,0,0,1),(8155,322,292,0,0,0,0,1),(8156,316,292,0,0,0,0,1),(8157,312,292,0,0,0,0,1),(8158,298,292,0,0,1,0,1),(8159,300,292,0,0,1,0,1),(8160,324,292,0,0,0,0,0),(8161,318,292,0,0,1,0,0),(8162,313,292,0,0,1,0,0),(8163,235,292,0,0,0,0,1),(8164,247,292,0,0,0,0,1),(8165,246,292,0,0,0,0,1),(8166,236,292,0,0,1,0,1),(8167,242,292,0,0,0,0,1),(8168,237,292,0,0,0,0,1),(8169,238,292,0,0,0,0,1),(8170,252,292,0,0,0,0,1),(8171,245,292,0,0,0,0,1),(8172,248,292,0,0,0,0,1),(8173,239,292,0,0,0,1,1),(8174,249,292,0,0,1,0,0),(8175,257,292,0,0,0,0,0),(8176,241,292,0,0,0,0,0),(8177,624,293,1,0,0,0,1),(8178,599,293,0,1,0,0,1),(8179,598,293,0,0,0,0,1),(8180,595,293,0,0,0,0,1),(8181,610,293,0,0,0,0,1),(8182,603,293,0,0,0,0,1),(8183,597,293,0,0,0,0,1),(8184,592,293,0,0,0,0,1),(8185,594,293,0,0,0,0,1),(8186,600,293,1,0,0,0,1),(8187,608,293,0,0,2,0,1),(8188,601,293,0,0,0,0,0),(8189,604,293,0,0,0,0,0),(8190,593,293,0,0,0,0,0),(8191,199,293,0,0,0,0,1),(8192,210,293,0,0,0,0,1),(8193,202,293,0,0,0,0,1),(8194,203,293,0,0,0,0,1),(8195,209,293,0,0,0,0,1),(8196,204,293,2,0,0,0,1),(8197,221,293,0,0,0,0,1),(8198,222,293,0,0,0,0,1),(8199,215,293,0,0,0,0,1),(8200,218,293,0,0,0,0,1),(8201,208,293,0,0,1,0,1),(8202,207,293,0,0,0,0,0),(8203,201,293,0,0,0,0,0),(8204,198,293,0,0,0,0,0),(8205,591,294,0,0,0,0,1),(8206,576,294,0,0,0,0,1),(8207,565,294,0,0,0,0,1),(8208,561,294,0,0,0,0,1),(8209,577,294,0,0,0,0,1),(8210,564,294,0,0,0,0,1),(8211,563,294,0,0,0,0,1),(8212,566,294,0,0,0,0,1),(8213,579,294,0,0,0,0,1),(8214,570,294,0,0,0,0,1),(8215,575,294,0,0,1,0,1),(8216,572,294,0,0,0,0,0),(8217,569,294,0,0,0,0,0),(8218,571,294,0,0,0,0,0),(8219,170,294,0,0,0,0,1),(8220,169,294,0,0,0,0,1),(8221,171,294,0,1,0,0,1),(8222,178,294,0,0,0,0,1),(8223,179,294,0,0,0,0,1),(8224,180,294,0,0,0,0,1),(8225,184,294,0,0,0,0,1),(8226,181,294,0,0,0,0,1),(8227,172,294,0,0,0,0,1),(8228,166,294,0,0,0,0,1),(8229,173,294,0,0,0,0,1),(8230,192,294,0,0,0,0,0),(8231,175,294,1,0,0,0,0),(8232,177,294,0,0,0,0,0),(8233,533,295,0,0,1,0,1),(8234,547,295,0,0,0,0,1),(8235,531,295,0,0,0,0,1),(8236,536,295,0,0,0,0,1),(8237,546,295,0,0,0,0,1),(8238,539,295,0,0,0,0,1),(8239,540,295,0,0,0,0,1),(8240,552,295,0,0,0,0,1),(8241,541,295,0,0,1,0,1),(8242,534,295,0,0,1,0,1),(8243,532,295,0,0,1,0,1),(8244,550,295,1,0,0,0,0),(8245,555,295,0,0,0,0,0),(8246,542,295,0,0,0,0,0),(8247,151,295,0,0,0,0,1),(8248,144,295,1,1,0,0,1),(8249,135,295,0,0,0,0,1),(8250,143,295,0,0,0,0,1),(8251,145,295,0,1,0,0,1),(8252,141,295,0,0,0,0,1),(8253,146,295,0,0,0,0,1),(8254,149,295,0,0,0,0,1),(8255,142,295,0,0,0,0,1),(8256,133,295,0,0,0,0,1),(8257,136,295,0,0,2,0,1),(8258,148,295,0,0,0,0,0),(8259,139,295,1,0,1,0,0),(8260,150,295,0,0,0,0,0),(8261,512,296,2,0,0,0,1),(8262,510,296,0,0,0,0,1),(8263,525,296,0,1,0,0,1),(8264,524,296,2,0,0,0,1),(8265,509,296,0,0,0,0,1),(8266,504,296,0,0,0,0,1),(8267,505,296,0,0,0,0,1),(8268,502,296,0,0,0,0,1),(8269,500,296,0,0,0,0,1),(8270,501,296,0,0,0,0,1),(8271,503,296,0,3,0,0,1),(8272,507,296,0,0,0,0,0),(8273,522,296,0,0,0,0,0),(8274,528,296,0,0,1,0,0),(8275,108,296,1,0,0,0,1),(8276,105,296,0,0,0,0,1),(8277,119,296,0,0,0,0,1),(8278,114,296,0,0,0,0,1),(8279,117,296,0,0,0,0,1),(8280,103,296,0,0,0,0,1),(8281,106,296,1,0,0,0,1),(8282,109,296,0,0,0,0,1),(8283,113,296,0,0,0,0,1),(8284,115,296,0,0,1,0,1),(8285,102,296,0,0,2,0,1),(8286,107,296,0,0,0,0,0),(8287,110,296,0,0,0,0,0),(8288,118,296,0,0,0,0,0),(8289,476,297,0,0,0,0,1),(8290,472,297,0,0,0,0,1),(8291,473,297,1,0,0,0,1),(8292,471,297,0,0,0,0,1),(8293,470,297,0,0,0,0,1),(8294,478,297,0,1,0,0,1),(8295,468,297,0,0,0,0,1),(8296,467,297,0,0,0,0,1),(8297,474,297,0,0,0,0,1),(8298,487,297,1,0,1,0,1),(8299,469,297,0,0,1,0,1),(8300,477,297,0,0,1,0,0),(8301,495,297,0,0,1,0,0),(8302,491,297,0,0,0,0,0),(8303,68,297,0,0,1,0,1),(8304,77,297,0,0,0,0,1),(8305,72,297,0,0,0,0,1),(8306,81,297,0,0,0,0,1),(8307,86,297,0,0,0,0,1),(8308,82,297,0,0,0,0,1),(8309,74,297,0,0,0,0,1),(8310,69,297,0,0,0,0,1),(8311,67,297,0,0,0,0,1),(8312,73,297,0,0,0,0,1),(8313,75,297,0,0,0,0,1),(8314,87,297,0,0,0,0,0),(8315,90,297,0,0,0,0,0),(8316,83,297,0,0,0,0,0),(8317,455,298,1,0,0,0,1),(8318,446,298,0,0,0,0,1),(8319,448,298,0,0,0,0,1),(8320,452,298,0,0,0,0,1),(8321,464,298,0,0,0,0,1),(8322,466,298,0,0,0,0,1),(8323,450,298,0,0,0,0,1),(8324,449,298,0,0,0,0,1),(8325,445,298,0,0,0,0,1),(8326,457,298,0,1,0,0,1),(8327,460,298,0,0,0,0,1),(8328,447,298,0,0,0,0,0),(8329,454,298,0,0,0,0,0),(8330,456,298,0,0,0,0,0),(8331,36,298,0,0,0,0,1),(8332,56,298,0,0,0,0,1),(8333,40,298,1,0,0,0,1),(8334,43,298,0,0,0,0,1),(8335,47,298,0,0,0,0,1),(8336,35,298,0,0,0,0,1),(8337,39,298,0,0,0,0,1),(8338,41,298,0,0,0,0,1),(8339,38,298,0,0,0,0,1),(8340,44,298,0,0,0,0,1),(8341,34,298,0,0,0,0,1),(8342,45,298,2,0,0,0,0),(8343,42,298,0,0,0,0,0),(8344,48,298,1,2,0,0,0),(8345,424,299,0,0,0,0,1),(8346,423,299,0,0,0,0,1),(8347,427,299,0,0,0,0,1),(8348,416,299,0,0,0,0,1),(8349,436,299,0,0,0,0,1),(8350,418,299,0,0,0,0,1),(8351,431,299,0,0,0,0,1),(8352,432,299,0,0,0,0,1),(8353,420,299,0,0,0,0,1),(8354,419,299,0,0,0,1,1),(8355,442,299,0,0,0,0,1),(8356,435,299,0,0,0,0,0),(8357,428,299,0,0,0,0,0),(8358,426,299,0,0,0,0,0),(8359,332,299,0,0,0,0,1),(8360,350,299,2,0,0,0,1),(8361,344,299,0,0,0,0,1),(8362,335,299,0,0,0,0,1),(8363,336,299,0,2,0,0,1),(8364,330,299,0,0,0,0,1),(8365,338,299,0,0,0,0,1),(8366,334,299,0,0,0,0,1),(8367,333,299,0,0,0,0,1),(8368,349,299,0,0,0,0,1),(8369,340,299,0,0,0,0,1),(8370,339,299,0,0,0,0,0),(8371,337,299,0,0,0,0,0),(8372,345,299,0,0,0,0,0),(8373,394,300,0,0,0,0,1),(8374,401,300,0,0,0,0,1),(8375,391,300,0,0,0,0,1),(8376,392,300,0,0,0,0,1),(8377,397,300,0,0,0,0,1),(8378,396,300,0,0,0,0,1),(8379,409,300,0,0,0,0,1),(8380,390,300,0,0,0,0,1),(8381,414,300,0,0,0,0,1),(8382,399,300,2,0,0,0,1),(8383,395,300,0,0,1,0,1),(8384,411,300,0,0,0,0,0),(8385,402,300,0,0,1,0,0),(8386,408,300,0,0,0,0,0),(8387,368,300,1,0,0,0,1),(8388,370,300,0,0,0,0,1),(8389,367,300,0,0,0,0,1),(8390,374,300,0,0,0,0,1),(8391,376,300,0,1,0,0,1),(8392,363,300,0,0,0,0,1),(8393,375,300,0,0,1,0,1),(8394,382,300,0,0,0,0,1),(8395,364,300,0,0,0,0,1),(8396,377,300,0,0,1,0,1),(8397,371,300,2,0,1,0,1),(8398,373,300,0,0,0,0,0),(8399,378,300,0,0,0,0,0),(8400,369,300,0,0,0,0,0),(8401,16,301,0,0,0,0,1),(8402,22,301,0,0,0,0,1),(8403,4,301,0,0,0,0,1),(8404,6,301,0,0,0,0,1),(8405,10,301,3,0,0,0,1),(8406,26,301,0,0,0,0,1),(8407,9,301,0,0,0,0,1),(8408,18,301,0,0,0,0,1),(8409,15,301,0,0,0,0,1),(8410,7,301,0,1,1,0,1),(8411,2,301,0,0,2,0,1),(8412,25,301,0,0,0,0,0),(8413,1,301,0,0,0,0,0),(8414,12,301,0,0,1,0,0),(8415,257,301,1,0,0,0,1),(8416,245,301,0,0,0,0,1),(8417,235,301,0,0,0,0,1),(8418,233,301,0,0,0,0,1),(8419,247,301,0,0,0,0,1),(8420,238,301,0,0,0,0,1),(8421,236,301,0,0,0,0,1),(8422,249,301,0,2,0,0,1),(8423,231,301,0,0,0,0,1),(8424,242,301,0,0,0,0,1),(8425,246,301,0,0,2,0,1),(8426,240,301,0,0,0,0,0),(8427,244,301,0,0,0,0,0),(8428,241,301,3,0,0,0,0),(8429,268,302,0,0,1,0,1),(8430,271,302,0,0,0,0,1),(8431,267,302,0,0,0,0,1),(8432,265,302,0,0,0,0,1),(8433,279,302,0,0,0,0,1),(8434,273,302,2,0,0,0,1),(8435,281,302,0,0,0,0,1),(8436,277,302,0,1,0,0,1),(8437,278,302,0,0,0,0,1),(8438,270,302,0,0,1,0,1),(8439,269,302,0,2,0,0,1),(8440,272,302,0,0,0,0,0),(8441,282,302,0,0,0,0,0),(8442,274,302,3,0,0,0,0),(8443,218,302,0,1,0,0,1),(8444,203,302,0,0,0,0,1),(8445,222,302,0,0,0,0,1),(8446,200,302,0,0,0,0,1),(8447,215,302,0,0,0,0,1),(8448,211,302,0,0,0,0,1),(8449,201,302,1,0,0,0,1),(8450,199,302,0,0,0,0,1),(8451,206,302,0,0,0,0,1),(8452,208,302,2,0,1,0,1),(8453,204,302,0,0,1,0,1),(8454,213,302,0,0,0,0,0),(8455,202,302,0,0,1,0,0),(8456,198,302,0,0,0,0,0),(8457,300,303,0,0,0,0,1),(8458,298,303,0,0,0,0,1),(8459,318,303,0,0,0,0,1),(8460,303,303,0,0,0,0,1),(8461,307,303,0,0,0,0,1),(8462,315,303,0,0,0,0,1),(8463,297,303,0,0,0,0,1),(8464,305,303,0,1,0,0,1),(8465,311,303,0,0,0,0,1),(8466,312,303,0,0,1,0,1),(8467,308,303,3,0,1,0,1),(8468,316,303,0,0,0,0,0),(8469,302,303,0,0,0,0,0),(8470,313,303,0,0,0,0,0),(8471,167,303,0,0,0,0,1),(8472,169,303,0,0,0,0,1),(8473,180,303,0,1,0,0,1),(8474,171,303,0,0,0,0,1),(8475,170,303,0,0,0,0,1),(8476,172,303,0,0,0,0,1),(8477,166,303,0,0,0,0,1),(8478,173,303,0,0,0,0,1),(8479,179,303,0,0,0,0,1),(8480,174,303,0,0,0,0,1),(8481,181,303,0,0,0,0,1),(8482,178,303,1,0,0,0,0),(8483,168,303,0,0,0,0,0),(8484,177,303,0,0,0,0,0),(8485,594,304,0,0,1,0,1),(8486,595,304,0,0,0,0,1),(8487,599,304,0,0,0,0,1),(8488,615,304,0,0,0,0,1),(8489,600,304,0,0,0,0,1),(8490,624,304,0,0,0,0,1),(8491,610,304,0,0,0,0,1),(8492,598,304,0,0,0,0,1),(8493,597,304,0,0,0,0,1),(8494,609,304,0,0,0,0,1),(8495,601,304,0,0,0,0,1),(8496,603,304,0,0,0,0,0),(8497,596,304,0,0,0,0,0),(8498,593,304,0,0,0,0,0),(8499,148,304,0,0,1,0,1),(8500,143,304,2,0,1,0,1),(8501,152,304,0,0,0,0,1),(8502,138,304,0,2,0,0,1),(8503,151,304,0,0,0,0,1),(8504,149,304,0,0,0,0,1),(8505,142,304,0,0,0,0,1),(8506,144,304,0,0,0,0,1),(8507,133,304,0,0,0,0,1),(8508,141,304,0,0,0,0,1),(8509,135,304,0,0,0,1,1),(8510,137,304,0,0,0,0,0),(8511,150,304,0,0,0,0,0),(8512,156,304,0,0,0,0,0),(8513,578,305,0,0,0,0,1),(8514,565,305,0,0,0,0,1),(8515,573,305,0,0,0,0,1),(8516,569,305,0,0,0,0,1),(8517,566,305,0,0,0,0,1),(8518,562,305,0,0,0,0,1),(8519,560,305,0,0,0,0,1),(8520,575,305,0,0,0,0,1),(8521,570,305,1,0,0,0,1),(8522,561,305,0,0,2,0,1),(8523,574,305,0,0,1,0,1),(8524,591,305,0,0,0,0,0),(8525,572,305,0,0,1,0,0),(8526,568,305,0,0,0,0,0),(8527,103,305,0,0,0,0,1),(8528,115,305,0,0,0,0,1),(8529,112,305,0,0,0,0,1),(8530,132,305,0,0,0,0,1),(8531,117,305,0,0,0,0,1),(8532,110,305,0,0,0,0,1),(8533,109,305,0,0,0,0,1),(8534,121,305,0,0,0,0,1),(8535,106,305,1,0,1,0,1),(8536,114,305,0,0,1,0,1),(8537,107,305,0,0,1,0,1),(8538,130,305,2,0,0,0,0),(8539,122,305,0,0,0,0,0),(8540,108,305,0,0,0,0,0),(8541,547,306,0,0,1,0,1),(8542,541,306,2,0,1,0,1),(8543,546,306,0,0,0,0,1),(8544,544,306,0,0,0,0,1),(8545,532,306,0,0,0,0,1),(8546,542,306,0,0,0,0,1),(8547,539,306,0,0,0,0,1),(8548,548,306,0,0,0,0,1),(8549,534,306,0,0,0,0,1),(8550,537,306,0,2,0,1,1),(8551,540,306,0,0,0,0,1),(8552,555,306,1,0,0,0,0),(8553,538,306,0,0,0,0,0),(8554,552,306,0,0,0,0,0),(8555,72,306,0,0,0,0,1),(8556,68,306,0,0,0,0,1),(8557,85,306,2,4,0,0,1),(8558,75,306,2,0,0,0,1),(8559,71,306,0,0,0,0,1),(8560,73,306,1,0,0,0,1),(8561,67,306,0,0,0,0,1),(8562,76,306,0,1,0,0,1),(8563,82,306,0,1,1,0,1),(8564,74,306,0,0,0,0,1),(8565,69,306,0,0,1,0,1),(8566,87,306,0,0,0,0,0),(8567,78,306,1,0,1,0,0),(8568,80,306,0,0,0,0,0),(8569,515,307,0,0,0,0,1),(8570,506,307,0,0,0,0,1),(8571,503,307,0,0,0,0,1),(8572,510,307,0,0,0,0,1),(8573,501,307,0,0,0,0,1),(8574,516,307,0,0,0,0,1),(8575,508,307,0,0,0,0,1),(8576,517,307,0,0,0,0,1),(8577,504,307,0,0,0,0,1),(8578,507,307,0,0,0,0,1),(8579,505,307,0,0,1,0,1),(8580,511,307,0,0,0,0,0),(8581,523,307,0,0,0,0,0),(8582,524,307,0,0,1,0,0),(8583,50,307,0,0,0,0,1),(8584,56,307,0,0,0,0,1),(8585,39,307,0,0,0,0,1),(8586,40,307,0,0,0,0,1),(8587,35,307,0,0,0,0,1),(8588,45,307,1,0,0,0,1),(8589,41,307,0,0,0,0,1),(8590,34,307,0,0,0,0,1),(8591,42,307,0,0,0,0,1),(8592,44,307,0,1,0,0,1),(8593,49,307,0,0,0,0,1),(8594,37,307,0,0,0,0,0),(8595,43,307,0,0,0,0,0),(8596,52,307,0,0,0,0,0),(8597,469,308,0,0,0,0,1),(8598,483,308,0,0,0,0,1),(8599,478,308,0,0,0,0,1),(8600,476,308,0,0,0,0,1),(8601,471,308,0,0,0,0,1),(8602,474,308,0,0,0,0,1),(8603,470,308,0,0,0,0,1),(8604,473,308,0,0,0,0,1),(8605,467,308,0,0,0,0,1),(8606,468,308,0,0,0,0,1),(8607,477,308,0,0,1,0,1),(8608,479,308,0,0,0,0,0),(8609,487,308,2,0,0,0,0),(8610,472,308,0,0,0,0,0),(8611,334,308,0,0,0,0,1),(8612,342,308,0,0,0,0,1),(8613,333,308,0,0,0,0,1),(8614,349,308,0,0,0,0,1),(8615,330,308,0,0,0,0,1),(8616,344,308,0,0,0,0,1),(8617,338,308,3,0,0,0,1),(8618,332,308,0,0,0,0,1),(8619,336,308,0,0,0,0,1),(8620,340,308,0,1,0,0,1),(8621,348,308,0,0,0,0,1),(8622,351,308,0,0,0,0,0),(8623,350,308,0,0,0,0,0),(8624,343,308,0,0,0,0,0),(8625,445,309,0,0,0,0,1),(8626,466,309,0,0,0,0,1),(8627,450,309,0,0,0,0,1),(8628,447,309,0,0,0,0,1),(8629,455,309,0,0,0,0,1),(8630,449,309,0,0,0,0,1),(8631,457,309,0,0,0,0,1),(8632,464,309,0,0,0,0,1),(8633,460,309,0,0,0,0,1),(8634,446,309,0,0,0,0,1),(8635,452,309,0,0,0,0,1),(8636,454,309,0,0,1,0,0),(8637,456,309,0,0,0,0,0),(8638,462,309,0,0,0,0,0),(8639,378,309,0,0,0,0,1),(8640,365,309,0,0,0,0,1),(8641,373,309,0,0,0,0,1),(8642,368,309,0,0,0,0,1),(8643,375,309,4,0,0,0,1),(8644,367,309,0,0,0,0,1),(8645,363,309,0,0,0,0,1),(8646,376,309,0,0,0,0,1),(8647,374,309,0,1,0,0,1),(8648,370,309,0,0,0,0,1),(8649,377,309,0,0,0,0,1),(8650,382,309,0,0,0,0,0),(8651,364,309,0,0,0,0,0),(8652,369,309,0,0,0,0,0),(8653,428,310,0,0,0,0,1),(8654,418,310,0,0,0,0,1),(8655,424,310,0,0,0,0,1),(8656,421,310,0,2,0,0,1),(8657,425,310,0,0,0,0,1),(8658,432,310,0,0,0,0,1),(8659,423,310,0,0,0,0,1),(8660,416,310,1,0,1,0,1),(8661,430,310,0,0,0,0,1),(8662,429,310,0,0,1,0,1),(8663,442,310,2,0,1,0,1),(8664,435,310,0,0,0,0,0),(8665,431,310,0,0,0,0,0),(8666,420,310,0,0,0,0,0),(8667,393,310,0,0,0,0,1),(8668,403,310,0,0,0,0,1),(8669,401,310,1,0,0,0,1),(8670,397,310,0,0,0,0,1),(8671,391,310,0,0,0,0,1),(8672,395,310,0,0,0,0,1),(8673,390,310,0,0,0,0,1),(8674,396,310,0,1,0,0,1),(8675,411,310,0,0,0,0,1),(8676,394,310,0,0,0,0,1),(8677,392,310,0,0,2,0,1),(8678,399,310,0,0,0,0,0),(8679,400,310,0,0,0,0,0),(8680,408,310,1,0,0,0,0);
/*!40000 ALTER TABLE `estadisticas_partido` ENABLE KEYS */;
UNLOCK TABLES;

--
-- Temporary view structure for view `estadisticas_totales`
--

DROP TABLE IF EXISTS `estadisticas_totales`;
/*!50001 DROP VIEW IF EXISTS `estadisticas_totales`*/;
SET @saved_cs_client     = @@character_set_client;
/*!50503 SET character_set_client = utf8mb4 */;
/*!50001 CREATE VIEW `estadisticas_totales` AS SELECT 
 1 AS `nombre`,
 1 AS `goles`,
 1 AS `asistencias`,
 1 AS `amarillas`,
 1 AS `rojas`,
 1 AS `vecesTitular`,
 1 AS `partidosTotales`,
 1 AS `posicion`,
 1 AS `valor`,
 1 AS `club`,
 1 AS `id`*/;
SET character_set_client = @saved_cs_client;

--
-- Table structure for table `jugadores`
--

DROP TABLE IF EXISTS `jugadores`;
/*!40101 SET @saved_cs_client     = @@character_set_client */;
/*!50503 SET character_set_client = utf8mb4 */;
CREATE TABLE `jugadores` (
  `id` int unsigned NOT NULL AUTO_INCREMENT,
  `nombre` varchar(100) DEFAULT NULL,
  `id_club` int unsigned DEFAULT NULL,
  `posicion` varchar(100) DEFAULT NULL,
  `peso` varchar(100) DEFAULT NULL,
  `altura` varchar(100) DEFAULT NULL,
  `nacionalidad` varchar(100) DEFAULT NULL,
  `valor` int unsigned DEFAULT NULL,
  `FechaNacimiento` date DEFAULT NULL,
  `activo` int DEFAULT '0',
  PRIMARY KEY (`id`),
  UNIQUE KEY `nombre` (`nombre`),
  KEY `id_club` (`id_club`),
  CONSTRAINT `jugadores_ibfk_1` FOREIGN KEY (`id_club`) REFERENCES `club` (`id`)
) ENGINE=InnoDB AUTO_INCREMENT=625 DEFAULT CHARSET=utf8mb4 COLLATE=utf8mb4_0900_ai_ci;
/*!40101 SET character_set_client = @saved_cs_client */;

--
-- Dumping data for table `jugadores`
--

LOCK TABLES `jugadores` WRITE;
/*!40000 ALTER TABLE `jugadores` DISABLE KEYS */;
INSERT INTO `jugadores` VALUES (1,'Hugo Lloris',1,'Portero','82','188','France',13500000,'1986-12-26',1),(2,'Emerson Aparecido Leite de Souza Junior',1,'Defensa','79','181','Brazil',19000000,'1999-01-14',1),(3,'Cristian Gabriel Romero',1,'Defensa','79','185','Argentina',41500000,'1998-04-27',1),(4,'Eric Dier',1,'Defensa','90','190','England',21000000,'1994-01-15',1),(5,'Benjamin Thomas Davies',1,'Defensa','76','181','Wales',9000000,'1993-04-24',1),(6,'Kouassi Ryan Sessegnon',1,'Defensa','70','178','England',12000000,'2000-05-18',1),(7,'Rodrigo Bentancur Colmán',1,'Centrocampista','78','187','Uruguay',25000000,'1997-06-25',1),(8,'Pierre-Emile Kordt Højbjerg',1,'Centrocampista','84','187','Denmark',41000000,'1995-08-05',1),(9,'Dejan Kulusevski',1,'Delantero','75','186','Sweden',34000000,'2000-04-25',1),(10,'Harry Kane',1,'Delantero','89','188','England',112000000,'1993-07-28',1),(11,'손흥민 孙兴慜',1,'Delantero','78','183','Korea Republic',104000000,'1992-07-08',1),(12,'Lucas Rodrigues Moura da Silva',1,'Delantero','70','174','Brazil',26000000,'1992-08-13',1),(13,'Steven Charles Bergwijn',1,'Delantero','78','178','Netherlands',29000000,'1997-10-08',1),(14,'Harry Winks',1,'Centrocampista','65','176','England',14000000,'1996-02-02',1),(15,'Oliver Skipp',1,'Centrocampista','70','175','England',19500000,'2000-09-16',1),(16,'Sergio Reguilón Rodríguez',1,'Defensa','68','178','Spain',26500000,'1996-12-16',1),(17,'Davinson Sánchez Mina',1,'Defensa','81','187','Colombia',18500000,'1996-06-12',1),(18,'Pierluigi Gollini',1,'Portero','94','194','Italy',14000000,'1995-03-18',1),(19,'Joe Rodon',1,'Defensa','76','193','Wales',4900000,'1997-10-22',1),(20,'Matthew James Doherty',1,'Defensa','87','182','Republic of Ireland',9500000,'1992-01-16',1),(21,'Dane Pharrell Scarlett',1,'Delantero','73','179','England',1800000,'2004-03-24',1),(22,'Harvey David White',1,'Centrocampista','70','178','England',1400000,'2001-09-19',1),(23,'Malachi Fagan-Walcott',1,'Defensa','80','186','England',975000,'2002-03-11',1),(24,'Japhet Tanganga',1,'Defensa','73','180','England',9000000,'1999-03-31',1),(25,'Alfie Devine',1,'Centrocampista','70','180','England',775000,'2004-08-01',1),(26,'Maksim Paskotši',1,'Defensa','76','182','Estonia',600000,'2003-01-19',1),(27,'Brandon Anthony Austin',1,'Portero','75','188','England',1100000,'1999-01-08',1),(28,'J\'Neil Lloyd-Bennett',1,'Delantero','75','180','England',1500000,'2001-12-07',1),(29,'Marcel Edwin Rodrigues Lavinier',1,'Defensa','70','180','England',575000,'2000-12-16',1),(30,'Brooklyn Lyons-Foster',1,'Defensa','74','185','England',375000,'2000-12-01',1),(31,'Jeremie Mukendi',1,'Delantero','71','178','England',210000,'2000-09-12',1),(32,'Tobi Omole',1,'Defensa','85','187','England',275000,'1999-12-17',1),(33,'Jamie Bowden',1,'Centrocampista','78','183','Republic of Ireland',1100000,'2001-07-09',1),(34,'Édouard Mendy',2,'Portero','86','197','Senegal',52000000,'1992-03-01',1),(35,'Reece James',2,'Defensa','87','178','England',49500000,'1999-12-08',1),(36,'César Azpilicueta Tanco',2,'Defensa','77','178','Spain',25000000,'1989-08-28',1),(37,'Thiago Emiliano da Silva',2,'Defensa','79','183','Brazil',12000000,'1984-09-22',1),(38,'Antonio Rüdiger',2,'Defensa','85','190','Germany',64500000,'1993-03-03',1),(39,'Marcos Alonso Mendoza',2,'Defensa','85','188','Spain',18000000,'1990-12-28',1),(40,'N\'Golo Kanté',2,'Centrocampista','70','168','France',100000000,'1991-03-29',1),(41,'Mateo Kovačić',2,'Centrocampista','80','176','Croatia',44500000,'1994-05-06',1),(42,'Mason Mount',2,'Centrocampista','74','180','England',58500000,'1999-01-10',1),(43,'Kai Lukas Havertz',2,'Centrocampista','82','189','Germany',85500000,'1999-06-11',1),(44,'Timo Werner',2,'Delantero','76','180','Germany',48500000,'1996-03-06',1),(45,'Romelu Lukaku Menama',2,'Delantero','94','191','Belgium',69500000,'1993-05-13',1),(46,'Hakim Ziyech',2,'Delantero','65','181','Morocco',36500000,'1993-03-19',1),(47,'Christian Pulisic',2,'Delantero','69','177','United States',49000000,'1998-09-18',1),(48,'Callum Hudson-Odoi',2,'Delantero','79','177','England',31000000,'2000-11-07',1),(49,'Luiz Frello Filho Jorge',2,'Centrocampista','68','180','Italy',52500000,'1991-12-20',1),(50,'Andreas Bødtker Christensen',2,'Defensa','81','188','Denmark',38000000,'1996-04-10',1),(51,'Kepa Arrizabalaga Revuelta',2,'Portero','88','186','Spain',21000000,'1994-10-03',1),(52,'Saúl Ñíguez Esclápez',2,'Centrocampista','75','184','Spain',24500000,'1994-11-21',1),(53,'Trevoh Chalobah',2,'Defensa','84','191','England',11000000,'1999-07-05',1),(54,'Ruben Loftus-Cheek',2,'Centrocampista','88','191','England',10000000,'1996-01-23',1),(55,'Malang Sarr',2,'Defensa','75','182','France',7500000,'1999-01-23',1),(56,'Ben Chilwell',2,'Defensa','77','180','England',46000000,'1996-12-21',1),(57,'Ross Barkley',2,'Centrocampista','76','186','England',8000000,'1993-12-05',1),(58,'Marcus Bettinelli',2,'Portero','82','194','England',1400000,'1992-05-24',1),(59,'Lucas Bergström',2,'Portero','84','200','Finland',325000,'2002-09-05',1),(60,'Harvey Vale',2,'Delantero','68','180','England',1300000,'2003-09-11',1),(61,'George McEachran',2,'Centrocampista','65','172','England',600000,'2000-08-30',1),(62,'Thierno Mamadou Lamarana Ballo',2,'Centrocampista','60','172','Austria',850000,'2002-01-02',1),(63,'Lewis Hall',2,'Centrocampista','72','180','England',700000,'2004-09-08',1),(64,'Josh Brooking',2,'Defensa','77','185','England',650000,'2002-09-01',1),(65,'Sam McClelland',2,'Defensa','79','191','Northern Ireland',400000,'2002-01-04',1),(66,'Robert Kenedy Nunes do Nascimento',2,'Centrocampista','77','182','Brazil',12500000,'1996-02-08',1),(67,'Alisson Ramsés Becker',3,'Portero','91','191','Brazil',82000000,'1992-10-02',1),(68,'Trent Alexander-Arnold',3,'Defensa','69','180','England',102500000,'1998-10-07',1),(69,'Joël Andre Job Matip',3,'Defensa','90','194','Cameroon',35500000,'1991-08-08',1),(70,'Virgil van Dijk',3,'Defensa','92','193','Netherlands',100000000,'1991-07-08',1),(71,'Andrew Robertson',3,'Defensa','64','178','Scotland',77000000,'1994-03-11',1),(72,'Fábio Henrique Tavares',3,'Centrocampista','78','188','Brazil',81500000,'1993-10-23',1),(73,'Jordan Henderson',3,'Centrocampista','80','182','England',30000000,'1990-06-17',1),(74,'Thiago Alcântara do Nascimento',3,'Centrocampista','70','174','Spain',65000000,'1991-04-11',1),(75,'Diogo José Teixeira da Silva',3,'Delantero','73','178','Portugal',78000000,'1996-12-04',1),(76,'Mohamed Salah Ghaly',3,'Delantero','71','175','Egypt',129000000,'1992-06-15',1),(77,'Sadio Mané',3,'Delantero','69','175','Senegal',101000000,'1992-04-10',1),(78,'Roberto Firmino Barbosa de Oliveira',3,'Delantero','76','181','Brazil',54000000,'1991-10-02',1),(79,'James Philip Milner',3,'Centrocampista','70','175','England',5500000,'1986-01-04',1),(80,'Alex Oxlade-Chamberlain',3,'Centrocampista','70','175','England',15000000,'1993-08-15',1),(81,'Joe Gomez',3,'Defensa','77','188','England',35000000,'1997-05-23',1),(82,'Ibrahima Konaté',3,'Defensa','95','194','France',44500000,'1999-05-25',1),(83,'Konstantinos Tsimikas',3,'Defensa','68','179','Greece',13000000,'1996-05-12',1),(84,'Caoimhin Kelleher',3,'Portero','74','188','Republic of Ireland',5500000,'1998-11-23',1),(85,'Naby Keïta',3,'Centrocampista','64','172','Guinea',24500000,'1995-02-10',1),(86,'Curtis Jones',3,'Centrocampista','75','185','England',12500000,'2001-01-30',1),(87,'Luis Fernando Díaz Marulanda',3,'Delantero','73','180','Colombia',57500000,'1997-01-13',1),(88,'Divock Okoth Origi',3,'Delantero','88','189','Belgium',9000000,'1995-04-18',1),(89,'Harvey Elliott',3,'Centrocampista','67','170','England',7000000,'2003-04-04',1),(90,'南野 拓実',3,'Delantero','67','174','Japan',9000000,'1995-01-16',1),(91,'Tyler Morton',3,'Centrocampista','71','178','England',1400000,'2002-10-31',1),(92,'Rhys Williams',3,'Defensa','76','195','England',1600000,'2001-02-03',1),(93,'Adrián San Miguel del Castillo',3,'Portero','80','190','Spain',400000,'1987-01-03',1),(94,'Loris Karius',3,'Portero','87','189','Germany',1700000,'1993-06-22',1),(95,'Thomas Clayton',3,'Defensa','73','183','Scotland',375000,'2000-12-27',1),(96,'Billy Koumetio',3,'Defensa','81','195','France',425000,'2002-11-14',1),(97,'Conor Bradley',3,'Defensa','71','181','Northern Ireland',600000,'2003-07-09',1),(98,'Kaide Gordon',3,'Delantero','65','173','England',1000000,'2004-10-05',1),(99,'Leighton Clarkson',3,'Centrocampista','66','175','England',1100000,'2001-10-19',1),(100,'David De Gea Quintana',4,'Portero','76','192','Spain',53000000,'1990-11-07',1),(101,'José Diogo Dalot Teixeira',4,'Defensa','76','184','Portugal',21000000,'1999-03-18',1),(102,'Victor Jörgen Nilsson Lindelöf',4,'Defensa','80','187','Sweden',23000000,'1994-07-17',1),(103,'Raphaël Varane',4,'Defensa','81','191','France',51000000,'1993-04-25',1),(104,'Alex Nicolao Telles',4,'Defensa','71','181','Brazil',19000000,'1992-12-15',1),(105,'Scott McTominay',4,'Centrocampista','88','193','Scotland',32000000,'1996-12-08',1),(106,'Frederico Rodrigues de Paula Santos',4,'Centrocampista','62','169','Brazil',21000000,'1993-03-05',1),(107,'Bruno Miguel Borges Fernandes',4,'Centrocampista','69','179','Portugal',94000000,'1994-09-08',1),(108,'Anthony David Junior Elanga',4,'Delantero','75','178','Sweden',5500000,'2002-04-27',1),(109,'Cristiano Ronaldo dos Santos Aveiro',4,'Delantero','83','187','Portugal',45000000,'1985-02-05',1),(110,'Jadon Sancho',4,'Delantero','76','180','England',78500000,'2000-03-25',1),(111,'Marcus Rashford',4,'Delantero','70','186','England',43500000,'1997-10-31',1),(112,'Nemanja Matić',4,'Centrocampista','83','194','Serbia',11500000,'1988-08-01',1),(113,'Jesse Lingard',4,'Centrocampista','60','175','England',14000000,'1992-12-15',1),(114,'Harry Maguire',4,'Defensa','100','194','England',24500000,'1993-03-05',1),(115,'Aaron Wan-Bissaka',4,'Defensa','72','183','England',26500000,'1997-11-26',1),(116,'Phil Jones',4,'Defensa','71','185','England',2500000,'1992-02-21',1),(117,'Dean Henderson',4,'Portero','85','188','England',24000000,'1997-03-12',1),(118,'Juan Manuel Mata García',4,'Centrocampista','63','170','Spain',4700000,'1988-04-28',1),(119,'Eric Bertrand Bailly',4,'Defensa','77','186','Côte d\'Ivoire',10500000,'1994-04-12',1),(120,'Paul Pogba',4,'Centrocampista','84','191','France',68000000,'1993-03-15',1),(121,'Luke Shaw',4,'Defensa','75','181','England',35000000,'1995-07-12',1),(122,'Edinson Roberto Cavani Gómez',4,'Delantero','77','185','Uruguay',15000000,'1987-02-14',1),(123,'Tom Heaton',4,'Portero','85','188','England',625000,'1986-04-15',1),(124,'Hannibal Mejbri',4,'Centrocampista','70','182','Tunisia',1600000,'2003-01-21',1),(125,'Shola Maxwell Shoretire',4,'Centrocampista','70','175','England',1200000,'2004-02-02',1),(126,'Lee Grant',4,'Portero','83','193','England',80000,'1983-01-27',1),(127,'Zidane Iqbal',4,'Centrocampista','65','181','Iraq',825000,'2003-04-27',1),(128,'Charlie Savage',4,'Centrocampista','63','182','Wales',600000,'2003-05-02',1),(129,'Björn Bryan Hardley',4,'Defensa','74','189','Netherlands',1000000,'2002-12-19',1),(130,'D\'Mani Mellor',4,'Delantero','75','180','England',550000,'2000-09-20',1),(131,'Will Fish',4,'Defensa','73','185','England',550000,'2003-02-17',1),(132,'Charlie Wellens',4,'Defensa','61','175','England',600000,'2002-12-05',1),(133,'Aaron Ramsdale',5,'Portero','77','191','England',31000000,'1998-05-14',1),(134,'Cédric Ricardo Alves Soares',5,'Defensa','67','172','Portugal',4900000,'1991-08-31',1),(135,'Benjamin White',5,'Defensa','77','185','England',32500000,'1997-10-08',1),(136,'Gabriel dos Santos Magalhães',5,'Defensa','87','190','Brazil',37000000,'1997-12-19',1),(137,'Nuno Albertino Varela Tavares',5,'Defensa','75','183','Portugal',6000000,'2000-01-26',1),(138,'Bukayo Saka',5,'Centrocampista','65','178','England',59500000,'2001-09-05',1),(139,'Albert-Mboyo Sambi Lokonga',5,'Centrocampista','73','183','Belgium',12500000,'1999-10-22',1),(140,'Granit Xhaka',5,'Centrocampista','82','185','Switzerland',15500000,'1992-09-27',1),(141,'Emile Smith Rowe',5,'Centrocampista','72','182','England',42000000,'2000-07-28',1),(142,'Martin Ødegaard',5,'Centrocampista','68','178','Norway',58500000,'1998-12-17',1),(143,'Edward Nketiah',5,'Delantero','73','180','England',4800000,'1999-05-30',1),(144,'Alexandre Lacazette',5,'Delantero','73','175','France',30000000,'1991-05-28',1),(145,'Nicolas Pépé',5,'Centrocampista','73','183','Côte d\'Ivoire',25000000,'1995-05-29',1),(146,'Gabriel Teodoro Martinelli Silva',5,'Centrocampista','75','178','Brazil',31000000,'2001-06-18',1),(147,'Mohamed Naser Elsayed Elneny',5,'Centrocampista','72','179','Egypt',6500000,'1992-07-11',1),(148,'冨安 健洋',5,'Defensa','84','188','Japan',27000000,'1998-11-05',1),(149,'Rob Holding',5,'Defensa','75','189','England',11500000,'1995-09-20',1),(150,'Bernd Leno',5,'Portero','83','190','Germany',17500000,'1992-03-04',1),(151,'Kieran Tierney',5,'Defensa','70','178','Scotland',38000000,'1997-06-05',1),(152,'Thomas Partey',5,'Centrocampista','77','185','Ghana',37000000,'1993-06-13',1),(153,'Omari Hutchinson',5,'Centrocampista','65','174','England',1500000,'2003-10-29',1),(154,'Charlie Patino',5,'Centrocampista','75','182','England',1800000,'2003-10-17',1),(155,'Arthur Okonkwo',5,'Portero','85','196','England',1100000,'2001-09-09',1),(156,'Miguel Azeez',5,'Centrocampista','65','180','England',1200000,'2002-09-20',1),(157,'James Olayinka',5,'Centrocampista','68','175','England',600000,'2000-10-05',1),(158,'Joel Ideho',5,'Centrocampista','70','175','Netherlands',1000000,'2003-07-17',1),(159,'Zachary Swanson',5,'Defensa','77','189','England',750000,'2000-09-28',1),(160,'Joel López Salguero',5,'Defensa','70','179','Spain',825000,'2002-03-31',1),(161,'Cătălin Cîrjan',5,'Centrocampista','60','174','Romania',1000000,'2002-12-01',1),(162,'Zane Monlouis',5,'Defensa','75','185','England',525000,'2003-10-16',1),(163,'Salah-Eddine Oulad M\'Hand',5,'Centrocampista','69','177','Netherlands',825000,'2003-08-20',1),(164,'Ben Cottrell',5,'Centrocampista','59','166','England',525000,'2001-10-31',1),(165,'Marcelo Flores',5,'Centrocampista','65','163','Mexico',625000,'2003-10-01',1),(166,'Ederson Santana de Moraes',6,'Portero','86','188','Brazil',94000000,'1993-08-17',1),(167,'Kyle Walker',6,'Defensa','83','183','England',39000000,'1990-05-28',1),(168,'Rúben dos Santos Gato Alves Dias',6,'Defensa','82','187','Portugal',111500000,'1997-05-14',1),(169,'Aymeric Laporte',6,'Defensa','85','191','Spain',72500000,'1994-05-27',1),(170,'João Pedro Cavaco Cancelo',6,'Defensa','74','182','Portugal',96000000,'1994-05-27',1),(171,'Rodrigo Hernández Cascante',6,'Centrocampista','82','191','Spain',90000000,'1996-06-22',1),(172,'Kevin De Bruyne',6,'Centrocampista','70','181','Belgium',125500000,'1991-06-28',1),(173,'Bernardo Mota Veiga de Carvalho e Silva',6,'Centrocampista','64','173','Portugal',94000000,'1994-08-10',1),(174,'Philip Foden',6,'Delantero','69','171','England',94500000,'2000-05-28',1),(175,'Gabriel Fernando de Jesus',6,'Delantero','73','175','Brazil',49500000,'1997-04-03',1),(176,'Jack Grealish',6,'Delantero','81','180','England',50500000,'1995-09-10',1),(177,'Raheem Sterling',6,'Delantero','69','170','England',87000000,'1994-12-08',1),(178,'Riyad Mahrez',6,'Delantero','67','179','Algeria',65500000,'1991-02-21',1),(179,'İlkay Gündoğan',6,'Centrocampista','80','180','Germany',51500000,'1990-10-24',1),(180,'Fernando Luiz Rosa',6,'Centrocampista','67','179','Brazil',5000000,'1985-05-04',1),(181,'John Stones',6,'Defensa','76','188','England',41000000,'1994-05-28',1),(182,'Nathan Aké',6,'Defensa','75','180','Netherlands',16500000,'1995-02-18',1),(183,'Zack Steffen',6,'Portero','86','191','United States',15000000,'1995-04-02',1),(184,'Oleksandr Zinchenko',6,'Defensa','64','175','Ukraine',22000000,'1996-12-15',1),(185,'Samuel Edozie',6,'Delantero','71','167','England',1100000,'2003-01-28',1),(186,'Cole Palmer',6,'Delantero','74','189','England',2600000,'2002-05-06',1),(187,'James McAtee',6,'Centrocampista','72','180','England',1100000,'2002-10-18',1),(188,'Liam Delap',6,'Delantero','77','186','England',1600000,'2003-02-08',1),(189,'Scott Carson',6,'Portero','86','190','England',90000,'1985-09-03',1),(190,'Romeo Lavia',6,'Centrocampista','75','181','Belgium',1200000,'2004-01-06',1),(191,'Luke Mbete',6,'Defensa','78','185','England',1000000,'2003-09-18',1),(192,'Kayky da Silva Chagas',6,'Delantero','67','175','Brazil',2700000,'2003-06-11',1),(193,'CJ Egan-Riley',6,'Defensa','75','183','England',550000,'2003-01-02',1),(194,'Jayden Jezairo Braaf',6,'Delantero','68','179','Netherlands',1600000,'2002-08-31',1),(195,'Joshua Wilson-Esbrand',6,'Defensa','65','176','England',550000,'2002-12-26',1),(196,'Cieran Slicker',6,'Portero','82','191','Scotland',100000,'2002-09-15',1),(197,'Alex Robertson',6,'Centrocampista','66','180','England',550000,'2003-04-17',1),(198,'Łukasz Fabiański',7,'Portero','83','190','Poland',3400000,'1985-04-18',1),(199,'Vladimír Coufal',7,'Defensa','76','175','Czech Republic',19000000,'1992-08-22',1),(200,'Craig Dawson',7,'Defensa','77','188','England',9500000,'1990-05-06',1),(201,'Issa Diop',7,'Defensa','92','194','France',14500000,'1997-01-09',1),(202,'Aaron Cresswell',7,'Defensa','66','175','England',12500000,'1989-12-15',1),(203,'Tomáš Souček',7,'Centrocampista','86','192','Czech Republic',34000000,'1995-02-27',1),(204,'Declan Rice',7,'Centrocampista','80','185','England',51000000,'1999-01-14',1),(205,'Jarrod Bowen',7,'Centrocampista','70','175','England',24000000,'1996-12-20',1),(206,'Pablo Fornals Malla',7,'Centrocampista','67','178','Spain',23000000,'1996-02-22',1),(207,'Manuel Lanzini',7,'Centrocampista','59','167','Argentina',14000000,'1993-02-15',1),(208,'Michail Antonio',7,'Delantero','82','178','Jamaica',18000000,'1990-03-28',1),(209,'Nikola Vlašić',7,'Centrocampista','79','178','Croatia',26500000,'1997-10-04',1),(210,'Mohamed Saïd Benrahma',7,'Centrocampista','67','172','Algeria',17000000,'1995-08-10',1),(211,'Mark Noble',7,'Centrocampista','76','177','England',1900000,'1987-05-08',1),(212,'Andriy Yarmolenko',7,'Centrocampista','83','190','Ukraine',4700000,'1989-10-23',1),(213,'Arthur Masuaku',7,'Defensa','70','179','Congo DR',5500000,'1993-11-07',1),(214,'Benjamin Johnson',7,'Defensa','69','180','England',5000000,'2000-01-24',1),(215,'Alphonse Areola',7,'Portero','94','195','France',22000000,'1993-02-27',1),(216,'Ryan Fredericks',7,'Defensa','74','181','England',5000000,'1992-10-10',1),(217,'Alex Král',7,'Centrocampista','76','186','Czech Republic',8000000,'1998-05-19',1),(218,'Sonny Perkins',7,'Delantero','73','180','England',400000,'2004-02-10',1),(219,'Daniel Chesters',7,'Centrocampista','68','173','England',400000,'2002-04-04',1),(220,'Jamal Baptiste',7,'Defensa','75','183','England',500000,'2003-11-11',1),(221,'Kurt Happy Zouma',7,'Defensa','95','190','France',30000000,'1994-10-27',1),(222,'Angelo Obinze Ogbonna',7,'Defensa','86','191','Italy',10000000,'1988-05-23',1),(223,'Darren Randolph',7,'Portero','78','188','Republic of Ireland',725000,'1987-05-12',1),(224,'David Edward Martin',7,'Portero','86','188','England',60000,'1986-01-22',1),(225,'Ajibola Alese',7,'Defensa','77','190','England',550000,'2001-01-17',1),(226,'Pierre-Emmanuel Ekwah Elimby',7,'Centrocampista','76','187','France',500000,'2002-01-15',1),(227,'Armstrong Echezolachukwu Inya Okoflex',7,'Centrocampista','72','186','Republic of Ireland',625000,'2002-03-02',1),(228,'Keenan Appiah-Forson',7,'Centrocampista','64','170','England',350000,'2001-10-16',1),(229,'Harrison Ashby',7,'Defensa','75','180','Scotland',750000,'2001-11-14',1),(230,'Amadou Diallo',7,'Centrocampista','63','173','England',325000,'2003-02-15',1),(231,'Marc-André ter Stegen',8,'Portero','85','187','Germany',70000000,'1992-04-30',1),(232,'Daniel Alves da Silva',8,'Defensa','70','172','Brazil',2300000,'1983-05-06',1),(233,'Ronald Federico Araújo da Silva',8,'Defensa','91','192','Uruguay',57500000,'1999-03-07',1),(234,'Gerard Piqué Bernabéu',8,'Defensa','85','194','Spain',13500000,'1987-02-02',1),(235,'Jordi Alba Ramos',8,'Defensa','68','170','Spain',29000000,'1989-03-21',1),(236,'Sergio Busquets i Burgos',8,'Centrocampista','76','189','Spain',28000000,'1988-07-16',1),(237,'Frenkie de Jong',8,'Centrocampista','74','180','Netherlands',119500000,'1997-05-12',1),(238,'Pedro González López',8,'Centrocampista','61','174','Spain',88500000,'2002-11-25',1),(239,'Ferran Torres García',8,'Delantero','77','184','Spain',58500000,'2000-02-29',1),(240,'Pierre-Emerick Emiliano François Aubameyang',8,'Delantero','80','187','Gabon',43500000,'1989-06-18',1),(241,'Memphis Depay',8,'Delantero','78','176','Netherlands',58500000,'1994-02-13',1),(242,'Ousmane Dembélé',8,'Delantero','67','178','France',49500000,'1997-05-15',1),(243,'Luuk de Jong',8,'Delantero','86','188','Netherlands',17000000,'1990-08-27',1),(244,'Adama Traoré Diarra',8,'Delantero','86','178','Spain',21000000,'1996-01-25',1),(245,'Pablo Martín Páez Gavira',8,'Centrocampista','68','173','Spain',24000000,'2004-08-05',1),(246,'Eric García Martret',8,'Defensa','76','182','Spain',24500000,'2001-01-09',1),(247,'Sergiño Gianni Dest',8,'Defensa','62','175','United States',20000000,'2000-11-03',1),(248,'Norberto Murara Neto',8,'Portero','84','190','Brazil',13500000,'1989-07-19',1),(249,'Nicolás González Iglesias',8,'Centrocampista','86','188','Spain',12000000,'2002-01-03',1),(250,'Anssumane Fati',8,'Delantero','66','178','Spain',37000000,'2002-10-31',1),(251,'Alejandro Balde Martínez',8,'Defensa','69','175','Spain',2600000,'2003-10-18',1),(252,'Sergio Roberto Carnicer',8,'Defensa','68','178','Spain',18500000,'1992-02-07',1),(253,'Clément Nicolas Laurent Lenglet',8,'Defensa','81','186','France',24500000,'1995-06-17',1),(254,'Samuel Yves Umtiti',8,'Defensa','75','182','France',16000000,'1993-11-14',1),(255,'Martin Braithwaite Christensen',8,'Delantero','73','177','Denmark',7500000,'1991-06-05',1),(256,'Óscar Mingueza García',8,'Defensa','74','184','Spain',9000000,'1999-05-13',1),(257,'Ricard Puig Martí',8,'Centrocampista','56','169','Spain',9500000,'1999-08-13',1),(258,'Abdessamad Ezzalzouli',8,'Delantero','73','177','Morocco',3800000,'2001-12-17',1),(259,'Ferran Jutglà Blanch',8,'Delantero','77','175','Spain',2300000,'1999-02-01',1),(260,'Ilias Akhomach Chakkour',8,'Delantero','70','175','Spain',2500000,'2004-04-16',1),(261,'Arnau Tenas Ureña',8,'Portero','85','185','Spain',2100000,'2001-05-30',1),(262,'Álvaro Sanz Catalán',8,'Centrocampista','65','170','Spain',1600000,'2001-02-14',1),(263,'Arnau Comas Freixas',8,'Defensa','81','191','Spain',1700000,'2000-04-11',1),(264,'Thibaut Nicolas Marc Courtois',9,'Portero','96','199','Belgium',79000000,'1992-05-11',1),(265,'Lucas Vázquez Iglesias',9,'Defensa','70','173','Spain',22000000,'1991-07-01',1),(266,'Éder Gabriel Militão',9,'Defensa','78','186','Brazil',67500000,'1998-01-18',1),(267,'David Olatukunbo Alaba',9,'Defensa','78','180','Austria',45000000,'1992-06-24',1),(268,'Ferland Mendy',9,'Defensa','73','180','France',43500000,'1995-06-08',1),(269,'Carlos Henrique Venancio Casimiro',9,'Centrocampista','84','185','Brazil',88000000,'1992-02-23',1),(270,'Luka Modrić',9,'Centrocampista','66','172','Croatia',36500000,'1985-09-09',1),(271,'Toni Kroos',9,'Centrocampista','76','183','Germany',75000000,'1990-01-04',1),(272,'Karim Benzema',9,'Delantero','81','185','France',84000000,'1987-12-19',1),(273,'Rodrygo Silva de Goes',9,'Delantero','64','174','Brazil',42000000,'2001-01-09',1),(274,'Vinícius José Paixão de Oliveira Júnior',9,'Delantero','73','176','Brazil',83500000,'2000-07-12',1),(275,'Eden Michael Hazard',9,'Delantero','74','175','Belgium',40500000,'1991-01-07',1),(276,'Marco Asensio Willemsen',9,'Delantero','76','182','Spain',43500000,'1996-01-21',1),(277,'Federico Santiago Valverde Dipetta',9,'Centrocampista','78','182','Uruguay',58000000,'1998-07-22',1),(278,'Eduardo Celmi Camavinga',9,'Centrocampista','68','182','France',37000000,'2002-11-10',1),(279,'Daniel Carvajal Ramos',9,'Defensa','73','173','Spain',37000000,'1992-01-11',1),(280,'José Ignacio Fernández Iglesias',9,'Defensa','76','180','Spain',17500000,'1990-01-18',1),(281,'Andriy Lunin',9,'Portero','87','192','Ukraine',8000000,'1999-02-11',1),(282,'Gareth Frank Bale',9,'Delantero','82','185','Wales',21500000,'1989-07-16',1),(283,'Marcelo Vieira da Silva Júnior',9,'Defensa','75','174','Brazil',9000000,'1988-05-12',1),(284,'Francisco Román Alarcón Suárez',9,'Centrocampista','79','176','Spain',30000000,'1992-04-21',1),(285,'Luka Jović',9,'Delantero','85','182','Serbia',27000000,'1997-12-23',1),(286,'Daniel Ceballos Fernández',9,'Centrocampista','68','179','Spain',14500000,'1996-08-07',1),(287,'Mariano Díaz Mejía',9,'Delantero','76','180','Dominican Republic',6000000,'1993-08-01',1),(288,'Jesús Vallejo Lázaro',9,'Defensa','79','184','Spain',7000000,'1997-01-05',1),(289,'Antonio Blanco Conde',9,'Centrocampista','68','176','Spain',4500000,'2000-07-23',1),(290,'Marvin Olawale Akinlabi Park',9,'Delantero','63','178','Spain',2500000,'2000-03-07',1),(291,'Miguel Gutiérrez Ortega',9,'Defensa','73','180','Spain',2300000,'2001-07-27',1),(292,'Peter González Carmona',9,'Delantero','71','180','Spain',1700000,'2002-07-25',1),(293,'Vinícius Tobías da Silva',9,'Defensa','66','175','Brazil',1700000,'2004-02-23',1),(294,'Sergio Arribas Calvo',9,'Centrocampista','66','173','Spain',1000000,'2001-09-30',1),(295,'中井 卓大',9,'Centrocampista','68','178','Japan',1000000,'2003-10-24',1),(296,'Toni Fuidias Ribera',9,'Portero','80','195','Spain',1000000,'2001-04-15',1),(297,'Jan Oblak',10,'Portero','87','188','Slovenia',88000000,'1993-01-07',1),(298,'Marcos Llorente Moreno',10,'Centrocampista','74','184','Spain',63000000,'1995-01-30',1),(299,'Stefan Savić',10,'Defensa','81','187','Montenegro',34500000,'1991-01-08',1),(300,'José María Giménez de Vargas',10,'Defensa','80','185','Uruguay',49000000,'1995-01-20',1),(301,'Reinildo Isnard Mandava',10,'Defensa','73','180','Mozambique',10000000,'1994-01-21',1),(302,'Yannick Ferreira Carrasco',10,'Centrocampista','73','185','Belgium',45000000,'1993-09-04',1),(303,'Rodrigo Javier De Paul',10,'Centrocampista','70','180','Argentina',41500000,'1994-05-24',1),(304,'Geoffrey Edwin Kondogbia',10,'Centrocampista','80','188','Central African Republic',17500000,'1993-02-15',1),(305,'Jorge Resurrección Merodio',10,'Centrocampista','77','176','Spain',52500000,'1992-01-08',1),(306,'Antoine Griezmann',10,'Delantero','73','176','France',53000000,'1991-03-21',1),(307,'Luis Alberto Suárez Díaz',10,'Delantero','86','182','Uruguay',33000000,'1987-01-24',1),(308,'Ángel Martín Correa',10,'Delantero','70','171','Argentina',43500000,'1995-03-09',1),(309,'João Félix Sequeira',10,'Delantero','70','181','Portugal',82000000,'1999-11-10',1),(310,'Thomas Lemar',10,'Centrocampista','63','171','France',47500000,'1995-11-12',1),(311,'Mario Hermoso Canseco',10,'Defensa','75','184','Spain',35500000,'1995-06-18',1),(312,'Renan Augusto Lodi dos Santos',10,'Defensa','68','173','Brazil',36500000,'1998-04-08',1),(313,'Šime Vrsaljko',10,'Defensa','76','181','Croatia',18500000,'1992-01-10',1),(314,'Benjamin Lecomte',10,'Portero','78','186','France',11500000,'1991-04-26',1),(315,'Felipe Augusto de Almeida Monteiro',10,'Defensa','83','190','Brazil',23500000,'1989-05-16',1),(316,'Héctor Miguel Herrera López',10,'Centrocampista','78','185','Mexico',21000000,'1990-04-19',1),(317,'Daniel Wass',10,'Centrocampista','74','181','Denmark',16500000,'1989-05-31',1),(318,'Matheus Santos Carneiro Da Cunha',10,'Delantero','76','184','Brazil',28500000,'1999-05-27',1),(319,'Javier Serrano Martínez',10,'Centrocampista','70','175','Spain',1400000,'2003-01-16',1),(320,'Sergio Camus Perojo',10,'Defensa','73','176','Spain',1000000,'1997-04-19',1),(321,'Christian Gómez Vela',10,'Portero','80','187','Spain',1500000,'2000-05-18',1),(322,'Alejandro Iturbe Encabo',10,'Portero','75','186','Spain',1600000,'2003-09-02',1),(323,'Alberto Moreno Rebanal',10,'Centrocampista','69','175','Spain',1500000,'2002-04-19',1),(324,'Giuliano Simeone',10,'Delantero','72','184','Argentina',1800000,'2002-12-18',1),(325,'Francisco Manuel Gonzalez Verjara',10,'Defensa','81','188','Spain',1200000,'1998-08-13',1),(326,'Carlos Martín Domínguez',10,'Delantero','74','180','Spain',1000000,'2002-04-22',1),(327,'Sergio Guerrero Romero',10,'Centrocampista','71','175','Spain',1100000,'1999-04-10',1),(328,'Manuel Lama Maroto',10,'Defensa','82','186','Spain',750000,'2001-02-12',1),(329,'Ibrahima Camara Silva',10,'Defensa','75','181','Spain',775000,'2003-01-18',1),(330,'Yassine Bounou',11,'Portero','78','192','Morocco',20500000,'1991-04-05',1),(331,'Jesús Navas González',11,'Defensa','60','172','Spain',13000000,'1985-11-21',1),(332,'Jules Koundé',11,'Defensa','75','181','France',53000000,'1998-11-12',1),(333,'Diego Carlos Santos Silva',11,'Defensa','86','185','Brazil',29000000,'1993-03-15',1),(334,'Marcos Javier Acuña',11,'Defensa','69','172','Argentina',37000000,'1991-10-28',1),(335,'Thomas Joseph Delaney',11,'Centrocampista','79','182','Denmark',22000000,'1991-09-03',1),(336,'Joan Jordán Moreno',11,'Centrocampista','74','183','Spain',24500000,'1994-07-06',1),(337,'Ivan Rakitić',11,'Centrocampista','78','184','Croatia',18500000,'1988-03-10',1),(338,'Lucas Ariel Ocampos',11,'Delantero','84','188','Argentina',33500000,'1994-07-11',1),(339,'Anthony Martial',11,'Delantero','76','184','France',28500000,'1995-12-05',1),(340,'Alejandro Darío Gómez',11,'Centrocampista','68','167','Argentina',26500000,'1988-02-15',1),(341,'Erik Lamela',11,'Delantero','80','184','Argentina',14000000,'1992-03-04',1),(342,'Rafael Mir Vicente',11,'Delantero','86','191','Spain',21500000,'1997-06-18',1),(343,'Jesús Manuel Corona Ruíz',11,'Centrocampista','66','173','Mexico',26000000,'1993-01-06',1),(344,'Gonzalo Ariel Montiel',11,'Defensa','70','175','Argentina',22000000,'1997-01-01',1),(345,'Hans Carl Ludwig Augustinsson',11,'Defensa','72','181','Sweden',7000000,'1994-04-21',1),(346,'Karim Rekik',11,'Defensa','84','186','Netherlands',4900000,'1994-12-02',1),(347,'Marko Dmitrović',11,'Portero','94','194','Serbia',16000000,'1992-01-24',1),(348,'Fernando Francisco Reges',11,'Centrocampista','76','183','Brazil',21000000,'1987-07-25',1),(349,'Youssef En-Nesyri',11,'Delantero','78','188','Morocco',44000000,'1997-06-01',1),(350,'Jesús Joaquín Fernández Sáez de la Torre',11,'Delantero','70','176','Spain',22500000,'1993-11-19',1),(351,'Munir El Haddadi Mohamed',11,'Delantero','69','175','Morocco',21000000,'1995-09-01',1),(352,'Nemanja Gudelj',11,'Centrocampista','73','187','Serbia',15000000,'1991-11-16',1),(353,'Óliver Torres Muñoz',11,'Centrocampista','70','175','Spain',12500000,'1994-11-10',1),(354,'Javier Díaz Sánchez',11,'Portero','75','182','Spain',925000,'1997-05-15',1),(355,'Antonio Zarzana Pérez',11,'Delantero','64','177','Spain',1100000,'2002-03-21',1),(356,'Alfonso Pastor Vacas',11,'Portero','80','190','Spain',750000,'2000-10-04',1),(357,'Pablo Pérez Rico',11,'Defensa','65','170','Spain',750000,'2001-08-18',1),(358,'David Santisteban García',11,'Delantero','82','178','Spain',800000,'2001-06-26',1),(359,'Iván Romero de Ávila',11,'Delantero','72','172','Spain',550000,'2001-04-10',1),(360,'Pedro Ortiz Bernat',11,'Centrocampista','76','184','Spain',600000,'2000-08-19',1),(361,'José Ángel Carmona Navarro',11,'Defensa','80','183','Spain',550000,'2002-01-29',1),(362,'Juan Luis Sánchez Velasco',11,'Delantero','70','186','Spain',525000,'2003-08-15',1),(363,'Wojciech Tomasz Szczęsny',12,'Portero','90','195','Poland',36000000,'1990-04-18',1),(364,'Juan Guillermo Cuadrado Bello',12,'Defensa','72','179','Colombia',19000000,'1988-05-26',1),(365,'Matthijs de Ligt',12,'Defensa','89','189','Netherlands',71000000,'1999-08-12',1),(366,'Giorgio Chiellini',12,'Defensa','85','187','Italy',9500000,'1984-08-14',1),(367,'Alex Sandro Lobo Silva',12,'Defensa','80','180','Brazil',22000000,'1991-01-26',1),(368,'Manuel Locatelli',12,'Centrocampista','75','185','Italy',40000000,'1998-01-08',1),(369,'Denis Lemi Zakaria Lako Lado',12,'Centrocampista','81','191','Switzerland',35500000,'1996-11-20',1),(370,'Adrien Rabiot',12,'Centrocampista','80','192','France',30000000,'1995-04-03',1),(371,'Paulo Bruno Exequiel Dybala',12,'Delantero','75','177','Argentina',86500000,'1993-11-15',1),(372,'Álvaro Borja Morata Martín',12,'Delantero','84','190','Spain',26500000,'1992-10-23',1),(373,'Dušan Vlahović',12,'Delantero','75','190','Serbia',74500000,'2000-01-28',1),(374,'Moise Bioty Kean',12,'Delantero','72','182','Italy',39500000,'2000-02-28',1),(375,'Arthur Henrique Ramos de Oliveira Melo',12,'Centrocampista','73','171','Brazil',33000000,'1996-08-12',1),(376,'Weston James Earl McKennie',12,'Centrocampista','84','183','United States',20500000,'1998-08-28',1),(377,'Leonardo Bonucci',12,'Defensa','85','190','Italy',17500000,'1987-05-01',1),(378,'Danilo Luiz da Silva',12,'Defensa','78','184','Brazil',18500000,'1991-07-15',1),(379,'Mattia De Sciglio',12,'Defensa','78','182','Italy',9500000,'1992-10-20',1),(380,'Mattia Perin',12,'Portero','77','188','Italy',16500000,'1992-11-10',1),(381,'Luca Pellegrini',12,'Defensa','72','178','Italy',6500000,'1999-03-07',1),(382,'Daniele Rugani',12,'Defensa','84','190','Italy',11000000,'1994-07-29',1),(383,'Kaio Jorge Pinto Ramos',12,'Delantero','71','182','Brazil',3300000,'2002-01-24',1),(384,'Matìas Soulé',12,'Delantero','69','176','Argentina',2000000,'2003-04-15',1),(385,'Carlo Pinsoglio',12,'Portero','85','194','Italy',1200000,'1990-03-16',1),(386,'Koni De Winter',12,'Defensa','75','188','Belgium',1300000,'2002-06-12',1),(387,'Federico Chiesa',12,'Delantero','70','175','Italy',66500000,'1997-10-25',1),(388,'Federico Bernardeschi',12,'Centrocampista','77','185','Italy',18500000,'1994-02-16',1),(389,'Fabio Miretti',12,'Centrocampista','65','179','Italy',1800000,'2003-08-03',1),(390,'Samir Handanovič',13,'Portero','92','193','Slovenia',6000000,'1984-07-14',1),(391,'Milan Škriniar',13,'Defensa','80','188','Slovakia',70000000,'1995-02-11',1),(392,'Stefan de Vrij',13,'Defensa','78','189','Netherlands',35500000,'1992-02-05',1),(393,'Alessandro Bastoni',13,'Defensa','75','190','Italy',53000000,'1999-04-13',1),(394,'Marcelo Brozović',13,'Centrocampista','68','181','Croatia',37000000,'1992-11-16',1),(395,'Denzel Justus Morris Dumfries',13,'Defensa','80','188','Netherlands',29500000,'1996-04-18',1),(396,'Nicolò Barella',13,'Centrocampista','68','172','Italy',73000000,'1997-02-07',1),(397,'Hakan Çalhanoğlu',13,'Centrocampista','76','178','Turkey',32000000,'1994-02-08',1),(398,'Ivan Perišić',13,'Centrocampista','80','186','Croatia',24000000,'1989-02-02',1),(399,'Edin Džeko',13,'Delantero','80','193','Bosnia and Herzegovina',18000000,'1986-03-17',1),(400,'Lautaro Javier Martínez',13,'Delantero','72','174','Argentina',78000000,'1997-08-22',1),(401,'Alexis Alejandro Sánchez Sánchez',13,'Delantero','62','168','Chile',17000000,'1988-12-19',1),(402,'Arturo Erasmo Vidal Pardo',13,'Centrocampista','75','180','Chile',12000000,'1987-05-22',1),(403,'Matías Vecino Falero',13,'Centrocampista','81','187','Uruguay',13500000,'1991-08-24',1),(404,'Matteo Darmian',13,'Defensa','70','182','Italy',12500000,'1989-12-02',1),(405,'Danilo D\'Ambrosio',13,'Defensa','75','180','Italy',9000000,'1988-09-09',1),(406,'Federico Dimarco',13,'Defensa','75','175','Italy',14000000,'1997-11-10',1),(407,'Ionuț Andrei Radu',13,'Portero','78','188','Romania',6000000,'1997-05-28',1),(408,'Felipe Salvador Caicedo Corozo',13,'Delantero','82','183','Ecuador',6000000,'1988-09-05',1),(409,'Carlos Joaquín Correa',13,'Delantero','75','189','Argentina',31000000,'1994-08-13',1),(410,'Andrea Ranocchia',13,'Defensa','81','195','Italy',2000000,'1988-02-16',1),(411,'Roberto Gagliardini',13,'Centrocampista','77','188','Italy',10000000,'1994-04-07',1),(412,'Aleksandar Kolarov',13,'Defensa','81','187','Serbia',3200000,'1985-11-10',1),(413,'Alex Cordaz',13,'Portero','83','188','Italy',250000,'1983-01-01',1),(414,'Robin Everardus Gosens',13,'Defensa','76','183','Germany',36000000,'1994-07-05',1),(415,'Mike Maignan',14,'Portero','89','191','France',63000000,'1995-07-03',1),(416,'Davide Calabria',14,'Defensa','70','177','Italy',22000000,'1996-12-06',1),(417,'Pierre Kazeye Rommel Kalulu Kyatengwa',14,'Defensa','69','179','France',12000000,'2000-06-05',1),(418,'Fikayo Tomori',14,'Defensa','79','185','England',43500000,'1997-12-19',1),(419,'Theo Bernard François Hernández',14,'Defensa','81','184','France',59500000,'1997-10-06',1),(420,'Sandro Tonali',14,'Centrocampista','79','181','Italy',64500000,'2000-05-08',1),(421,'Franck Yannick Kessié',14,'Centrocampista','88','183','Côte d\'Ivoire',49500000,'1996-12-19',1),(422,'Junior Walter Messias',14,'Delantero','70','179','Brazil',13500000,'1991-05-13',1),(423,'Rafael Alexandre Conceição Leão',14,'Delantero','81','188','Portugal',68500000,'1999-06-10',1),(424,'Brahim Abdelkader Díaz',14,'Centrocampista','59','171','Spain',31500000,'1999-08-03',1),(425,'Olivier Giroud',14,'Delantero','93','192','France',12500000,'1986-09-30',1),(426,'Zlatan Ibrahimović',14,'Delantero','102','195','Sweden',12500000,'1981-10-03',1),(427,'Ante Rebić',14,'Delantero','78','185','Croatia',27500000,'1993-09-21',1),(428,'Alexis Jesse Saelemaekers',14,'Delantero','72','180','Belgium',15500000,'1999-06-27',1),(429,'Ismaël Bennacer',14,'Centrocampista','70','175','Algeria',33500000,'1997-12-01',1),(430,'Alessio Romagnoli',14,'Defensa','75','185','Italy',24500000,'1995-01-12',1),(431,'Alessandro Florenzi',14,'Defensa','67','173','Italy',15000000,'1991-03-11',1),(432,'Anton Ciprian Tătărușanu',14,'Portero','90','198','Romania',825000,'1986-02-09',1),(433,'Fodé Ballo-Touré',14,'Defensa','70','182','Senegal',3100000,'1997-01-03',1),(434,'Daniel Maldini',14,'Centrocampista','66','185','Italy',1400000,'2001-10-11',1),(435,'Rade Krunić',14,'Centrocampista','74','184','Bosnia and Herzegovina',6000000,'1993-10-07',1),(436,'Tiemoué Bakayoko',14,'Centrocampista','85','189','France',7000000,'1994-08-17',1),(437,'Matteo Gabbia',14,'Defensa','78','185','Italy',2900000,'1999-10-21',1),(438,'Samuel Castillejo Azuaga',14,'Delantero','67','182','Spain',6000000,'1995-01-18',1),(439,'Luca Stanga',14,'Defensa','78','185','Italy',550000,'2002-01-23',1),(440,'Antonio Mirante',14,'Portero','79','193','Italy',475000,'1983-07-08',1),(441,'Marko Lazetić',14,'Delantero','80','192','Serbia',1900000,'2004-01-22',1),(442,'Simon Thorup Kjær',14,'Defensa','86','190','Denmark',23500000,'1989-03-26',1),(443,'David Ospina Ramírez',15,'Portero','80','183','Colombia',7000000,'1988-08-31',1),(444,'Alessandro Zanoli',15,'Defensa','76','188','Italy',2000000,'2000-10-03',1),(445,'Amir Rrahmani',15,'Defensa','83','192','Kosovo',18500000,'1994-02-24',1),(446,'Kalidou Koulibaly',15,'Defensa','89','187','Senegal',55500000,'1991-06-20',1),(447,'Mário Rui Silva Duarte',15,'Defensa','67','170','Portugal',9000000,'1991-05-27',1),(448,'André-Franck Zambo Anguissa',15,'Centrocampista','78','184','Cameroon',23000000,'1995-11-16',1),(449,'Fabián Ruiz Peña',15,'Centrocampista','70','189','Spain',38000000,'1996-04-03',1),(450,'Piotr Sebastian Zieliński',15,'Centrocampista','75','180','Poland',35000000,'1994-05-20',1),(451,'Matteo Politano',15,'Delantero','67','171','Italy',27500000,'1993-08-03',1),(452,'Victor James Osimhen',15,'Delantero','78','185','Nigeria',49500000,'1998-12-29',1),(453,'Lorenzo Insigne',15,'Delantero','59','163','Italy',52000000,'1991-06-04',1),(454,'Dries Mertens',15,'Delantero','61','169','Belgium',20500000,'1987-05-06',1),(455,'Hirving Rodrigo Lozano Bahena',15,'Delantero','70','175','Mexico',31000000,'1995-07-30',1),(456,'Stanislav Lobotka',15,'Centrocampista','64','170','Slovakia',18500000,'1994-11-25',1),(457,'Eljif Elmas',15,'Centrocampista','74','184','North Macedonia',28500000,'1999-09-24',1),(458,'Diego Demme',15,'Centrocampista','71','172','Germany',9000000,'1991-11-21',1),(459,'Juan Guilherme Nunes Jesus',15,'Defensa','83','185','Brazil',3500000,'1991-06-10',1),(460,'Alex Meret',15,'Portero','83','190','Italy',15000000,'1997-03-22',1),(461,'Faouzi Ghoulam',15,'Defensa','80','184','Algeria',4800000,'1991-02-01',1),(462,'Andrea Petagna',15,'Delantero','85','190','Italy',9500000,'1995-06-30',1),(463,'Kévin Malcuit',15,'Defensa','77','178','France',3700000,'1991-07-31',1),(464,'Axel Tuanzebe',15,'Defensa','75','185','England',5500000,'1997-11-14',1),(465,'Adam Mohamed Ounas',15,'Delantero','65','172','Algeria',4200000,'1996-11-11',1),(466,'Giovanni Di Lorenzo',15,'Defensa','83','183','Italy',25000000,'1993-08-04',1),(467,'Gregor Kobel',16,'Portero','88','195','Switzerland',37000000,'1997-12-06',1),(468,'Thomas Meunier',16,'Defensa','90','191','Belgium',12500000,'1991-09-12',1),(469,'Manuel Obafemi Akanji',16,'Defensa','91','187','Switzerland',34000000,'1995-07-19',1),(470,'Mats Hummels',16,'Defensa','94','191','Germany',27500000,'1988-12-16',1),(471,'Raphaël Adelino José Guerreiro',16,'Defensa','71','170','Portugal',35000000,'1993-12-22',1),(472,'Mahmoud Dahoud',16,'Centrocampista','68','178','Germany',26500000,'1996-01-01',1),(473,'Jude Victor William Bellingham',16,'Centrocampista','75','186','England',64000000,'2003-06-29',1),(474,'Julian Brandt',16,'Centrocampista','83','185','Germany',40500000,'1996-05-02',1),(475,'Thorgan Ganael Francis Hazard',16,'Centrocampista','71','175','Belgium',26000000,'1993-03-29',1),(476,'Marco Reus',16,'Centrocampista','71','180','Germany',43000000,'1989-05-31',1),(477,'Erling Braut Haaland',16,'Delantero','94','194','Norway',143500000,'2000-07-21',1),(478,'Donyell Malen',16,'Delantero','77','178','Netherlands',28500000,'1999-01-19',1),(479,'Emre Can',16,'Centrocampista','86','186','Germany',32000000,'1994-01-12',1),(480,'Axel Laurent Angel Lambert Witsel',16,'Centrocampista','81','186','Belgium',14000000,'1989-01-12',1),(481,'Marius Wolf',16,'Centrocampista','81','188','Germany',12500000,'1995-05-27',1),(482,'Felix Passlack',16,'Centrocampista','70','172','Germany',2000000,'1998-05-29',1),(483,'Dan-Axel Zagadou',16,'Defensa','90','196','France',14500000,'1999-06-03',1),(484,'Marwin Hitz',16,'Portero','89','194','Switzerland',4600000,'1987-09-18',1),(485,'Giovanni Alejandro Reyna',16,'Centrocampista','79','185','United States',22000000,'2002-11-13',1),(486,'Soumaila Coulibaly',16,'Defensa','86','191','France',1100000,'2003-10-14',1),(487,'Youssoufa Moukoko',16,'Delantero','73','175','Germany',3800000,'2004-11-20',1),(488,'Reinier Jesus Carvalho',16,'Centrocampista','82','185','Brazil',3400000,'2002-01-19',1),(489,'Marin Pongračić',16,'Defensa','97','193','Croatia',7000000,'1997-09-11',1),(490,'Nico Schulz',16,'Defensa','83','181','Germany',5000000,'1993-04-01',1),(491,'Steffen Tigges',16,'Delantero','90','193','Germany',1900000,'1998-07-31',1),(492,'Nnamdi Collins',16,'Defensa','84','191','Germany',725000,'2004-01-10',1),(493,'Mateu Jaume Morey Bauzá',16,'Defensa','67','173','Spain',6500000,'2000-03-02',1),(494,'Marcel Schmelzer',16,'Defensa','74','180','Germany',975000,'1988-01-22',1),(495,'Roman Bürki',16,'Portero','85','187','Switzerland',11500000,'1990-11-14',1),(496,'Lion Semić',16,'Defensa','74','180','Germany',775000,'2003-09-13',1),(497,'Abdoulaye Kamara',16,'Centrocampista','75','182','Guinea',700000,'2004-11-06',1),(498,'Tom Rothe',16,'Defensa','82','192','Germany',1100000,'2004-10-29',1),(499,'Jamie Bynoe-Gittens',16,'Centrocampista','70','175','England',1900000,'2004-08-08',1),(500,'Manuel Peter Neuer',17,'Portero','93','193','Germany',13500000,'1986-03-27',1),(501,'Benjamin Pavard',17,'Defensa','81','186','France',21500000,'1996-03-28',1),(502,'Niklas Süle',17,'Defensa','99','195','Germany',47000000,'1995-09-03',1),(503,'Lucas François Bernard Hernández Pi',17,'Defensa','79','184','France',47000000,'1996-02-14',1),(504,'Alphonso Boyle Davies',17,'Defensa','75','183','Canada',58500000,'2000-11-02',1),(505,'Joshua Walter Kimmich',17,'Centrocampista','75','177','Germany',108000000,'1995-02-08',1),(506,'Leon Christoph Goretzka',17,'Centrocampista','82','189','Germany',107000000,'1995-02-06',1),(507,'Serge David Gnabry',17,'Centrocampista','77','176','Germany',60000000,'1995-07-14',1),(508,'Kingsley Junior Coman',17,'Centrocampista','76','180','France',64500000,'1996-06-13',1),(509,'Thomas Müller',17,'Centrocampista','76','185','Germany',66000000,'1989-09-13',1),(510,'Robert Lewandowski',17,'Delantero','81','185','Poland',119500000,'1988-08-21',1),(511,'Jean-Eric Maxim Choupo-Moting',17,'Delantero','90','191','Cameroon',4600000,'1989-03-23',1),(512,'Leroy Aziz Sané',17,'Centrocampista','80','183','Germany',81000000,'1996-01-11',1),(513,'Marcel Sabitzer',17,'Centrocampista','76','178','Austria',27500000,'1994-03-17',1),(514,'Corentin Tolisso',17,'Centrocampista','81','181','France',23000000,'1994-08-03',1),(515,'Jamal Musiala',17,'Centrocampista','68','180','Germany',37000000,'2003-02-26',1),(516,'Dayotchanculle Oswald Upamecano',17,'Defensa','90','186','France',42500000,'1998-10-27',1),(517,'Sven Ulreich',17,'Portero','87','192','Germany',2800000,'1988-08-03',1),(518,'Marc Roca Junqué',17,'Centrocampista','77','184','Spain',9500000,'1996-11-26',1),(519,'Bouna Sarr',17,'Defensa','69','177','Senegal',3700000,'1992-01-31',1),(520,'Josip Stanišić',17,'Defensa','77','186','Croatia',3400000,'2000-04-02',1),(521,'Christian Früchtl',17,'Portero','84','193','Germany',1700000,'2000-01-28',1),(522,'Tanguy-Austin Nianzou Kouassi',17,'Defensa','83','187','France',5000000,'2002-06-07',1),(523,'Omar Tyrell Crawford Richards',17,'Defensa','70','174','England',6000000,'1998-02-15',1),(524,'Lucas Copado',17,'Delantero','70','179','Germany',625000,'2004-01-10',1),(525,'Malik Tillman',17,'Delantero','71','187','Germany',1500000,'2002-05-28',1),(526,'Taylor Anthony Booth',17,'Centrocampista','66','174','United States',950000,'2001-05-31',1),(527,'Jamie Lawrence',17,'Defensa','84','200','Germany',775000,'2002-11-10',1),(528,'Gabriel Vidovic',17,'Delantero','75','180','Croatia',625000,'2003-12-01',1),(529,'Timo Kern',17,'Centrocampista','74','179','Germany',475000,'1990-01-16',1),(530,'Nicolas Feldhahn',17,'Defensa','89','190','Germany',80000,'1986-08-14',1),(531,'Lukáš Hrádecký',18,'Portero','83','192','Finland',19000000,'1989-11-24',1),(532,'Jeremie Agyekum Frimpong',18,'Defensa','63','171','Netherlands',26500000,'2000-12-10',1),(533,'Jonathan Tah',18,'Defensa','98','195','Germany',30500000,'1996-02-11',1),(534,'Edmond Fayçal Tapsoba',18,'Defensa','85','194','Burkina Faso',31000000,'1999-02-02',1),(535,'Mitchel Bakker',18,'Defensa','85','185','Netherlands',8500000,'2000-06-20',1),(536,'Robert Andrich',18,'Centrocampista','83','187','Germany',18500000,'1994-09-22',1),(537,'Kerem Demirbay',18,'Centrocampista','73','183','Germany',27500000,'1993-07-03',1),(538,'Karim Bellarabi',18,'Centrocampista','81','184','Germany',14500000,'1990-04-08',1),(539,'Moussa Diaby',18,'Centrocampista','68','170','France',56000000,'1999-07-07',1),(540,'Sardar Azmoun',18,'Delantero','78','186','Iran',25000000,'1995-01-01',1),(541,'Patrik Schick',18,'Delantero','85','191','Czech Republic',46000000,'1996-01-24',1),(542,'Lucas Nicolás Alario',18,'Delantero','78','184','Argentina',11000000,'1992-10-08',1),(543,'Charles Mariano Aránguiz Sandoval',18,'Centrocampista','68','171','Chile',14000000,'1989-04-17',1),(544,'Exequiel Alejandro Palacios',18,'Centrocampista','67','177','Argentina',21500000,'1998-10-05',1),(545,'Paulo Henrique Sampaio Filho',18,'Centrocampista','77','177','Brazil',8500000,'2000-07-15',1),(546,'Piero Martín Hincapié Reyna',18,'Defensa','66','183','Ecuador',15000000,'2002-01-09',1),(547,'Odilon Kossounou',18,'Defensa','79','191','Côte d\'Ivoire',11500000,'2001-01-04',1),(548,'Andrey Lunev',18,'Portero','80','190','Russia',7000000,'1991-11-13',1),(549,'Julian Baumgartlinger',18,'Centrocampista','85','181','Austria',5000000,'1988-01-02',1),(550,'Amine Adli',18,'Delantero','60','174','France',9500000,'2000-05-10',1),(551,'Timothy Evans Fosu-Mensah',18,'Defensa','80','185','Netherlands',4500000,'1998-01-02',1),(552,'Florian Richard Wirtz',18,'Centrocampista','70','176','Germany',64000000,'2003-05-03',1),(553,'Daley Sinkgraven',18,'Defensa','67','179','Netherlands',4600000,'1995-07-04',1),(554,'Zidan Sertdemir',18,'Centrocampista','71','182','Denmark',1200000,'2005-02-04',1),(555,'Iker Bravo Solanilla',18,'Delantero','75','182','Spain',1300000,'2005-01-13',1),(556,'Niklas Lomb',18,'Portero','84','186','Germany',650000,'1993-07-28',1),(557,'Lennart Grill',18,'Portero','84','192','Germany',1300000,'1999-01-25',1),(558,'Sadik Fofana',18,'Centrocampista','80','192','Togo',500000,'2003-05-16',1),(559,'Maximilian Neutgens',18,'Portero','72','188','Germany',325000,'2004-03-03',1),(560,'Gianluigi Donnarumma',19,'Portero','90','196','Italy',106000000,'1999-02-25',1),(561,'Achraf Hakimi Mouh',19,'Defensa','73','181','Morocco',73000000,'1998-11-04',1),(562,'Marcos Aoás Corrêa',19,'Defensa','75','183','Brazil',97500000,'1994-05-14',1),(563,'Presnel Kimpembe',19,'Defensa','80','189','France',45500000,'1995-08-13',1),(564,'Nuno Alexandre Tavares Mendes',19,'Defensa','70','176','Portugal',43500000,'2002-06-19',1),(565,'Danilo Luís Hélio Pereira',19,'Centrocampista','83','188','Portugal',18000000,'1991-09-09',1),(566,'Marco Verratti',19,'Centrocampista','60','165','Italy',79500000,'1992-11-05',1),(567,'Idrissa Gana Gueye',19,'Centrocampista','66','174','Senegal',21500000,'1989-09-26',1),(568,'Lionel Andrés Messi Cuccittini',19,'Delantero','67','169','Argentina',69500000,'1987-06-24',1),(569,'Kylian Mbappé Lottin',19,'Delantero','73','182','France',194000000,'1998-12-20',1),(570,'Neymar da Silva Santos Júnior',19,'Delantero','68','175','Brazil',117500000,'1992-02-05',1),(571,'Ángel Fabián Di María Hernández',19,'Delantero','69','180','Argentina',33500000,'1988-02-14',1),(572,'Mauro Emanuel Icardi Rivero',19,'Delantero','75','181','Argentina',18000000,'1993-02-19',1),(573,'Georginio Gregion Emile Wijnaldum',19,'Centrocampista','74','175','Netherlands',29000000,'1990-11-11',1),(574,'Sergio Ramos García',19,'Defensa','82','184','Spain',14500000,'1986-03-30',1),(575,'Juan Bernat Velasco',19,'Defensa','67','170','Spain',16000000,'1993-03-01',1),(576,'Abdou Diallo',19,'Defensa','79','187','Senegal',16500000,'1996-05-04',1),(577,'Keylor Navas Gamboa',19,'Portero','80','185','Costa Rica',15500000,'1986-12-15',1),(578,'Ander Herrera Agüera',19,'Centrocampista','71','182','Spain',17500000,'1989-08-14',1),(579,'Julian Draxler',19,'Delantero','77','187','Germany',18500000,'1993-09-20',1),(580,'Jan Thilo Kehrer',19,'Defensa','76','186','Germany',9000000,'1996-09-21',1),(581,'Colin Dagba',19,'Defensa','62','170','France',5500000,'1998-09-09',1),(582,'Xavi Quentin Shay Simons',19,'Delantero','58','168','Netherlands',3300000,'2003-04-21',1),(583,'Eric Junior Dina Ebimbe',19,'Centrocampista','81','183','France',3700000,'2000-11-21',1),(584,'Édouard Michut',19,'Centrocampista','68','178','France',2200000,'2003-03-04',1),(585,'El Chadaille Bitshiabu',19,'Defensa','100','196','France',925000,'2005-05-16',1),(586,'Layvin Kurzawa',19,'Defensa','74','182','France',5000000,'1992-09-04',1),(587,'Denis Franchi',19,'Portero','81','189','Italy',675000,'2002-10-22',1),(588,'Alexandre Letellier',19,'Portero','93','193','France',925000,'1990-12-11',1),(589,'Nathan Bitumazala',19,'Defensa','68','178','France',800000,'2002-12-10',1),(590,'Ismaël Gharbi',19,'Delantero','58','167','France',1300000,'2004-04-10',1),(591,'Leandro Daniel Paredes',19,'Centrocampista','75','180','Argentina',21500000,'1994-06-29',1),(592,'Pau López Sabata',20,'Portero','77','189','Spain',17500000,'1994-12-13',1),(593,'Valentin Rongier',20,'Centrocampista','70','172','France',16500000,'1994-12-07',1),(594,'William Alain André Gabriel Saliba',20,'Defensa','85','192','France',36000000,'2001-03-24',1),(595,'Duje Ćaleta-Car',20,'Defensa','89','192','Croatia',19000000,'1996-09-17',1),(596,'Luan Peres Petroni',20,'Defensa','79','190','Brazil',8000000,'1994-07-19',1),(597,'Boubacar Bernard Kamara',20,'Centrocampista','68','184','France',31000000,'1999-11-23',1),(598,'Mattéo Elias Kenzo Guendouzi Olié',20,'Centrocampista','68','185','France',33500000,'1999-04-14',1),(599,'Gerson Santos da Silva',20,'Centrocampista','76','184','Brazil',20000000,'1997-05-20',1),(600,'Cengiz Ünder',20,'Delantero','66','173','Turkey',24000000,'1997-07-14',1),(601,'Arkadiusz Krystian Milik',20,'Delantero','80','186','Poland',19000000,'1994-02-28',1),(602,'Dimitri Payet',20,'Centrocampista','77','175','France',14500000,'1987-03-29',1),(603,'Cédric Bakambu',20,'Delantero','73','182','Congo DR',10500000,'1991-04-11',1),(604,'Cheikh Ahmadou Bamba Mbacke Dieng',20,'Delantero','72','178','Senegal',6500000,'2000-09-01',1),(605,'Pape Alassane Gueye',20,'Centrocampista','79','187','Senegal',11000000,'1999-01-24',1),(606,'Amine Harit',20,'Centrocampista','67','180','Morocco',7500000,'1997-06-18',1),(607,'Sead Kolašinac',20,'Defensa','82','183','Bosnia and Herzegovina',5000000,'1993-06-20',1),(608,'Pol Mikel Lirola Kosok',20,'Defensa','70','183','Spain',8500000,'1997-08-13',1),(609,'Steve Mandanda',20,'Portero','82','185','France',1900000,'1985-03-28',1),(610,'Konrad de la Fuente',20,'Delantero','63','170','United States',6500000,'2001-07-16',1),(611,'Luis Henrique Tomaz de Lima',20,'Centrocampista','78','181','Brazil',4200000,'2001-12-14',1),(612,'Ugo Bertelli',20,'Centrocampista','62','168','France',750000,'2003-07-15',1),(613,'Salim Ben Seghir',20,'Centrocampista','57','174','France',1700000,'2003-02-24',1),(614,'Cheick Oumar Souaré',20,'Centrocampista','61','170','France',575000,'2002-09-03',1),(615,'Álvaro González Soberón',20,'Defensa','75','182','Spain',5000000,'1990-01-08',1),(616,'Daouda Gueye',20,'Delantero','84','192','Senegal',300000,'1995-12-22',1),(617,'Oussama Targhalline',20,'Centrocampista','71','186','Morocco',950000,'2002-05-20',1),(618,'Bilal Nadir',20,'Centrocampista','62','179','France',550000,'2003-11-28',1),(619,'Franco Daryl Tongya Heubang',20,'Centrocampista','71','175','Italy',525000,'2002-03-13',1),(620,'Aaron Nassur Kamardin',20,'Defensa','72','183','France',650000,'2002-04-08',1),(621,'Esey Gebreyesus',20,'Centrocampista','71','187','Switzerland',1000000,'2004-01-23',1),(622,'Paolo Sciortino',20,'Centrocampista','70','177','France',700000,'2003-11-05',1),(623,'Simon Brady Ngapandouetnbu',20,'Portero','74','186','France',1500000,'2003-04-12',1),(624,'Leonardo Julián Balerdi Rossa',20,'Defensa','76','187','Argentina',10500000,'1999-01-26',1);
/*!40000 ALTER TABLE `jugadores` ENABLE KEYS */;
UNLOCK TABLES;

--
-- Table structure for table `partidos`
--

DROP TABLE IF EXISTS `partidos`;
/*!40101 SET @saved_cs_client     = @@character_set_client */;
/*!50503 SET character_set_client = utf8mb4 */;
CREATE TABLE `partidos` (
  `id` int NOT NULL AUTO_INCREMENT,
  `id_local` int unsigned DEFAULT NULL,
  `id_visitante` int unsigned DEFAULT NULL,
  `goles_local` int DEFAULT NULL,
  `goles_visitante` int DEFAULT NULL,
  `id_arbitro` int DEFAULT NULL,
  `aforo` varchar(10) DEFAULT NULL,
  `jornada` int DEFAULT NULL,
  `temporada` int DEFAULT NULL,
  PRIMARY KEY (`id`),
  KEY `FK_partidos_id_arbitro` (`id_arbitro`),
  KEY `FK_partidos_ID_LOCAL` (`id_local`),
  KEY `FK_partidos_id_visitante` (`id_visitante`),
  KEY `FK_partidos_temporada` (`temporada`),
  CONSTRAINT `FK_partidos_id_arbitro` FOREIGN KEY (`id_arbitro`) REFERENCES `arbitros` (`id`),
  CONSTRAINT `FK_partidos_ID_LOCAL` FOREIGN KEY (`id_local`) REFERENCES `club` (`id`),
  CONSTRAINT `FK_partidos_id_visitante` FOREIGN KEY (`id_visitante`) REFERENCES `club` (`id`),
  CONSTRAINT `FK_partidos_temporada` FOREIGN KEY (`temporada`) REFERENCES `temporada` (`id`)
) ENGINE=InnoDB AUTO_INCREMENT=311 DEFAULT CHARSET=utf8mb4 COLLATE=utf8mb4_0900_ai_ci;
/*!40101 SET character_set_client = @saved_cs_client */;

--
-- Dumping data for table `partidos`
--

LOCK TABLES `partidos` WRITE;
/*!40000 ALTER TABLE `partidos` DISABLE KEYS */;
INSERT INTO `partidos` VALUES (1,1,11,0,0,5,'80%',1,1),(2,2,12,0,1,3,'86%',1,1),(3,3,13,4,3,5,'71%',1,1),(4,4,14,2,1,8,'78%',1,1),(5,5,15,3,0,7,'95%',1,1),(6,6,16,5,3,3,'81%',1,1),(7,7,17,1,0,5,'89%',1,1),(8,8,18,5,2,3,'82%',1,1),(9,9,19,2,3,1,'92%',1,1),(10,10,20,5,1,4,'71%',1,1),(11,13,1,2,1,8,'80%',2,1),(12,14,12,0,0,7,'96%',2,1),(13,15,11,0,2,3,'74%',2,1),(14,16,2,1,4,8,'76%',2,1),(15,17,3,2,4,7,'73%',2,1),(16,18,4,2,3,6,'72%',2,1),(17,19,5,2,1,3,'70%',2,1),(18,20,6,0,3,5,'97%',2,1),(19,10,7,6,0,4,'90%',2,1),(20,9,8,3,2,7,'71%',2,1),(21,1,14,4,3,6,'87%',3,1),(22,13,15,3,2,8,'80%',3,1),(23,12,16,0,1,1,'99%',3,1),(24,11,17,0,3,6,'88%',3,1),(25,2,18,1,3,5,'84%',3,1),(26,3,19,1,0,5,'96%',3,1),(27,4,20,1,2,1,'76%',3,1),(28,5,10,1,4,2,'78%',3,1),(29,6,9,2,1,3,'85%',3,1),(30,7,8,1,1,8,'73%',3,1),(31,15,1,1,2,3,'81%',4,1),(32,16,14,2,0,4,'80%',4,1),(33,17,13,1,2,7,'70%',4,1),(34,18,12,2,1,1,'70%',4,1),(35,19,11,1,3,4,'76%',4,1),(36,20,2,3,4,2,'78%',4,1),(37,10,3,3,2,6,'89%',4,1),(38,9,4,4,2,2,'90%',4,1),(39,8,5,5,1,3,'72%',4,1),(40,7,6,3,4,8,'85%',4,1),(41,1,16,2,3,5,'95%',5,1),(42,15,17,4,5,2,'87%',5,1),(43,14,18,3,2,5,'95%',5,1),(44,13,19,1,4,7,'66%',5,1),(45,12,20,2,3,8,'82%',5,1),(46,11,10,3,5,1,'78%',5,1),(47,2,9,1,0,6,'93%',5,1),(48,3,8,0,0,7,'78%',5,1),(49,4,7,5,2,5,'81%',5,1),(50,5,6,2,4,5,'70%',5,1),(51,17,1,0,1,1,'84%',6,1),(52,18,16,1,1,4,'78%',6,1),(53,19,15,3,2,5,'87%',6,1),(54,20,14,0,2,2,'83%',6,1),(55,10,13,0,0,7,'89%',6,1),(56,9,12,3,0,3,'81%',6,1),(57,8,11,4,1,6,'82%',6,1),(58,7,2,2,0,6,'70%',6,1),(59,6,3,2,0,1,'77%',6,1),(60,5,4,0,3,2,'71%',6,1),(61,1,18,0,2,7,'93%',7,1),(62,17,19,3,3,1,'82%',7,1),(63,16,20,4,2,3,'76%',7,1),(64,15,10,2,1,6,'76%',7,1),(65,14,9,2,0,2,'74%',7,1),(66,13,8,2,3,3,'68%',7,1),(67,12,7,2,1,4,'77%',7,1),(68,11,6,0,0,4,'86%',7,1),(69,2,5,2,0,2,'83%',7,1),(70,3,4,4,2,2,'77%',7,1),(71,19,1,2,1,1,'81%',8,1),(72,20,18,0,0,4,'71%',8,1),(73,10,17,2,1,7,'73%',8,1),(74,9,16,4,1,8,'74%',8,1),(75,8,15,4,3,3,'68%',8,1),(76,7,14,2,1,4,'78%',8,1),(77,6,13,2,3,7,'99%',8,1),(78,5,12,3,2,7,'73%',8,1),(79,4,11,3,3,8,'88%',8,1),(80,3,2,2,3,8,'65%',8,1),(81,1,20,4,1,8,'67%',9,1),(82,19,10,0,2,7,'92%',9,1),(83,18,9,3,4,1,'76%',9,1),(84,17,8,4,1,2,'94%',9,1),(85,16,7,5,3,5,'80%',9,1),(86,15,6,2,5,8,'96%',9,1),(87,14,5,1,2,3,'87%',9,1),(88,13,4,1,0,1,'83%',9,1),(89,12,3,3,2,2,'79%',9,1),(90,11,2,4,1,5,'80%',9,1),(91,10,1,4,2,5,'91%',10,1),(92,9,20,3,0,1,'83%',10,1),(93,8,19,1,4,8,'75%',10,1),(94,7,18,0,1,7,'70%',10,1),(95,6,17,4,1,2,'67%',10,1),(96,5,16,4,2,3,'84%',10,1),(97,4,15,1,3,5,'82%',10,1),(98,3,14,3,2,5,'68%',10,1),(99,2,13,1,2,2,'65%',10,1),(100,11,12,4,2,7,'83%',10,1),(101,1,9,3,4,3,'76%',11,1),(102,10,8,3,3,8,'76%',11,1),(103,20,7,1,0,6,'99%',11,1),(104,19,6,0,3,5,'92%',11,1),(105,18,5,3,1,2,'90%',11,1),(106,17,4,5,3,7,'95%',11,1),(107,16,3,4,0,5,'82%',11,1),(108,15,2,0,2,4,'84%',11,1),(109,14,11,4,2,3,'80%',11,1),(110,13,12,2,3,5,'99%',11,1),(111,8,1,2,2,7,'87%',12,1),(112,7,9,4,4,6,'98%',12,1),(113,6,10,4,3,8,'78%',12,1),(114,5,20,4,2,5,'93%',12,1),(115,4,19,2,1,3,'67%',12,1),(116,3,18,0,2,8,'94%',12,1),(117,2,17,2,1,2,'83%',12,1),(118,11,16,1,2,4,'77%',12,1),(119,12,15,1,2,8,'87%',12,1),(120,13,14,0,3,4,'99%',12,1),(121,1,7,2,2,7,'90%',13,1),(122,8,6,3,0,5,'76%',13,1),(123,9,5,4,0,8,'83%',13,1),(124,10,4,2,1,5,'95%',13,1),(125,20,3,1,3,4,'88%',13,1),(126,19,2,1,1,3,'84%',13,1),(127,18,11,4,3,8,'94%',13,1),(128,17,12,1,2,4,'83%',13,1),(129,16,13,4,3,6,'73%',13,1),(130,15,14,2,1,3,'72%',13,1),(131,6,1,2,0,1,'89%',14,1),(132,5,7,2,0,8,'70%',14,1),(133,4,8,0,1,3,'92%',14,1),(134,3,9,2,1,5,'75%',14,1),(135,2,10,4,2,1,'95%',14,1),(136,11,20,3,3,6,'82%',14,1),(137,12,19,2,0,3,'76%',14,1),(138,13,18,3,0,6,'79%',14,1),(139,14,17,3,1,8,'74%',14,1),(140,15,16,2,4,8,'72%',14,1),(141,1,5,1,0,8,'84%',15,1),(142,6,4,1,2,1,'77%',15,1),(143,7,3,3,2,2,'98%',15,1),(144,8,2,1,2,1,'77%',15,1),(145,9,11,2,3,1,'76%',15,1),(146,10,12,0,1,7,'81%',15,1),(147,20,13,2,0,1,'72%',15,1),(148,19,14,2,2,1,'71%',15,1),(149,18,15,2,3,3,'90%',15,1),(150,17,16,3,2,1,'72%',15,1),(151,4,1,3,4,3,'90%',16,1),(152,3,5,4,1,1,'89%',16,1),(153,2,6,3,4,2,'89%',16,1),(154,11,7,2,3,5,'83%',16,1),(155,12,8,0,3,1,'79%',16,1),(156,13,9,3,2,2,'87%',16,1),(157,14,10,2,4,4,'78%',16,1),(158,15,20,2,0,3,'83%',16,1),(159,16,19,0,5,6,'83%',16,1),(160,17,18,4,1,8,'70%',16,1),(161,1,3,2,3,2,'76%',17,1),(162,4,2,3,3,4,'78%',17,1),(163,5,11,3,1,4,'79%',17,1),(164,6,12,2,1,5,'82%',17,1),(165,7,13,1,2,8,'80%',17,1),(166,8,14,4,2,4,'95%',17,1),(167,9,15,0,3,8,'74%',17,1),(168,10,16,2,3,8,'90%',17,1),(169,20,17,1,1,5,'99%',17,1),(170,19,18,0,1,7,'80%',17,1),(171,2,1,4,0,1,'68%',18,1),(172,11,3,3,4,6,'97%',18,1),(173,12,4,2,0,8,'94%',18,1),(174,13,5,3,3,8,'70%',18,1),(175,14,6,1,4,5,'69%',18,1),(176,15,7,1,2,2,'81%',18,1),(177,16,8,2,0,6,'69%',18,1),(178,17,9,3,3,8,'77%',18,1),(179,18,10,1,2,1,'85%',18,1),(180,19,20,3,1,3,'75%',18,1),(181,1,11,3,2,4,'89%',19,1),(182,2,12,4,3,5,'85%',19,1),(183,3,13,1,0,2,'72%',19,1),(184,4,14,1,3,8,'88%',19,1),(185,5,15,4,1,1,'92%',19,1),(186,6,16,1,0,4,'87%',19,1),(187,7,17,0,1,3,'97%',19,1),(188,8,18,3,0,2,'79%',19,1),(189,9,19,1,2,4,'80%',19,1),(190,10,20,2,2,3,'69%',19,1),(191,12,1,0,0,8,'88%',20,1),(192,13,11,4,3,3,'77%',20,1),(193,14,2,3,4,6,'82%',20,1),(194,15,3,1,2,8,'93%',20,1),(195,16,4,0,1,1,'94%',20,1),(196,17,5,1,0,7,'66%',20,1),(197,18,6,1,3,6,'95%',20,1),(198,19,7,5,2,2,'69%',20,1),(199,20,8,2,1,2,'86%',20,1),(200,10,9,2,0,6,'78%',20,1),(201,1,13,3,2,1,'80%',21,1),(202,12,14,3,2,5,'83%',21,1),(203,11,15,2,3,4,'96%',21,1),(204,2,16,5,0,4,'74%',21,1),(205,3,17,2,3,8,'91%',21,1),(206,4,18,4,1,2,'89%',21,1),(207,5,19,0,1,5,'67%',21,1),(208,6,20,4,3,2,'67%',21,1),(209,7,10,2,5,7,'86%',21,1),(210,8,9,2,0,1,'77%',21,1),(211,14,1,3,0,6,'82%',22,1),(212,15,13,0,3,3,'98%',22,1),(213,16,12,0,0,6,'79%',22,1),(214,17,11,1,3,8,'75%',22,1),(215,18,2,2,5,8,'74%',22,1),(216,19,3,2,1,3,'92%',22,1),(217,20,4,3,1,8,'84%',22,1),(218,10,5,1,2,1,'67%',22,1),(219,9,6,3,3,7,'86%',22,1),(220,8,7,4,2,5,'82%',22,1),(221,1,15,2,1,8,'95%',23,1),(222,14,16,1,0,6,'70%',23,1),(223,13,17,1,4,6,'78%',23,1),(224,12,18,4,2,6,'70%',23,1),(225,11,19,1,2,8,'87%',23,1),(226,2,20,5,1,4,'72%',23,1),(227,3,10,3,0,2,'77%',23,1),(228,4,9,1,4,4,'77%',23,1),(229,5,8,1,2,6,'80%',23,1),(230,6,7,2,2,6,'86%',23,1),(231,16,1,2,0,4,'76%',24,1),(232,17,15,4,1,7,'86%',24,1),(233,18,14,2,3,1,'72%',24,1),(234,19,13,1,2,3,'88%',24,1),(235,20,12,0,5,6,'71%',24,1),(236,10,11,3,2,2,'85%',24,1),(237,9,2,1,2,2,'95%',24,1),(238,8,3,2,4,4,'79%',24,1),(239,7,4,2,3,6,'90%',24,1),(240,6,5,6,3,8,'84%',24,1),(241,1,17,2,1,1,'84%',25,1),(242,16,18,2,2,7,'84%',25,1),(243,15,19,1,1,1,'67%',25,1),(244,14,20,1,3,3,'88%',25,1),(245,13,10,3,2,6,'75%',25,1),(246,12,9,2,3,2,'75%',25,1),(247,11,8,1,5,3,'73%',25,1),(248,2,7,5,3,3,'97%',25,1),(249,3,6,2,3,6,'94%',25,1),(250,4,5,2,3,8,'85%',25,1),(251,18,1,3,2,5,'94%',26,1),(252,19,17,2,1,2,'72%',26,1),(253,20,16,1,2,1,'68%',26,1),(254,10,15,4,3,7,'71%',26,1),(255,9,14,5,2,8,'82%',26,1),(256,8,13,4,3,3,'92%',26,1),(257,7,12,3,3,3,'71%',26,1),(258,6,11,4,0,8,'82%',26,1),(259,5,2,3,2,4,'65%',26,1),(260,4,3,2,3,1,'71%',26,1),(261,1,19,2,0,7,'76%',27,1),(262,18,20,2,1,1,'79%',27,1),(263,17,10,0,3,1,'89%',27,1),(264,16,9,0,4,7,'89%',27,1),(265,15,8,1,2,7,'66%',27,1),(266,14,7,3,2,8,'94%',27,1),(267,13,6,0,0,2,'84%',27,1),(268,12,5,4,1,1,'83%',27,1),(269,11,4,0,4,4,'93%',27,1),(270,2,3,3,2,6,'87%',27,1),(271,20,1,3,2,8,'73%',28,1),(272,10,19,3,4,3,'79%',28,1),(273,9,18,1,2,6,'84%',28,1),(274,8,17,3,1,3,'83%',28,1),(275,7,16,0,4,7,'67%',28,1),(276,6,15,5,0,5,'71%',28,1),(277,5,14,0,3,2,'94%',28,1),(278,4,13,2,0,6,'78%',28,1),(279,3,12,1,3,5,'81%',28,1),(280,2,11,6,2,1,'84%',28,1),(281,1,10,3,3,5,'84%',29,1),(282,20,9,1,6,2,'72%',29,1),(283,19,8,0,3,6,'95%',29,1),(284,18,7,0,1,3,'98%',29,1),(285,17,6,3,2,8,'93%',29,1),(286,16,5,0,1,4,'75%',29,1),(287,15,4,3,0,2,'95%',29,1),(288,14,3,0,2,7,'81%',29,1),(289,13,2,0,4,1,'81%',29,1),(290,12,11,1,2,5,'83%',29,1),(291,9,1,1,0,5,'68%',30,1),(292,8,10,0,0,1,'85%',30,1),(293,7,20,2,2,7,'75%',30,1),(294,6,19,1,0,2,'84%',30,1),(295,5,18,2,1,1,'94%',30,1),(296,4,17,2,4,1,'68%',30,1),(297,3,16,0,2,6,'79%',30,1),(298,2,15,4,1,8,'72%',30,1),(299,11,14,2,0,6,'77%',30,1),(300,12,13,3,2,8,'93%',30,1),(301,1,8,3,4,6,'80%',31,1),(302,9,7,5,3,5,'75%',31,1),(303,10,6,3,1,2,'72%',31,1),(304,20,5,0,2,6,'67%',31,1),(305,19,4,1,3,8,'69%',31,1),(306,18,3,3,6,2,'99%',31,1),(307,17,2,0,1,8,'78%',31,1),(308,16,11,2,3,7,'72%',31,1),(309,15,12,0,4,1,'74%',31,1),(310,14,13,3,2,8,'72%',31,1);
/*!40000 ALTER TABLE `partidos` ENABLE KEYS */;
UNLOCK TABLES;

--
-- Temporary view structure for view `partidosview`
--

DROP TABLE IF EXISTS `partidosview`;
/*!50001 DROP VIEW IF EXISTS `partidosview`*/;
SET @saved_cs_client     = @@character_set_client;
/*!50503 SET character_set_client = utf8mb4 */;
/*!50001 CREATE VIEW `partidosview` AS SELECT 
 1 AS `partido`,
 1 AS `local`,
 1 AS `goles_local`,
 1 AS `visitante`,
 1 AS `goles_visitante`,
 1 AS `arbitro`,
 1 AS `aforo`,
 1 AS `jornada`*/;
SET character_set_client = @saved_cs_client;

--
-- Table structure for table `temporada`
--

DROP TABLE IF EXISTS `temporada`;
/*!40101 SET @saved_cs_client     = @@character_set_client */;
/*!50503 SET character_set_client = utf8mb4 */;
CREATE TABLE `temporada` (
  `id` int NOT NULL AUTO_INCREMENT,
  `fecha_inicio` date DEFAULT NULL,
  `fecha_final` date DEFAULT NULL,
  PRIMARY KEY (`id`)
) ENGINE=InnoDB AUTO_INCREMENT=2 DEFAULT CHARSET=utf8mb4 COLLATE=utf8mb4_0900_ai_ci;
/*!40101 SET character_set_client = @saved_cs_client */;

--
-- Dumping data for table `temporada`
--

LOCK TABLES `temporada` WRITE;
/*!40000 ALTER TABLE `temporada` DISABLE KEYS */;
INSERT INTO `temporada` VALUES (1,'2022-05-24',NULL);
/*!40000 ALTER TABLE `temporada` ENABLE KEYS */;
UNLOCK TABLES;

--
-- Final view structure for view `clasificacionview`
--

/*!50001 DROP VIEW IF EXISTS `clasificacionview`*/;
/*!50001 SET @saved_cs_client          = @@character_set_client */;
/*!50001 SET @saved_cs_results         = @@character_set_results */;
/*!50001 SET @saved_col_connection     = @@collation_connection */;
/*!50001 SET character_set_client      = utf8mb4 */;
/*!50001 SET character_set_results     = utf8mb4 */;
/*!50001 SET collation_connection      = utf8mb4_0900_ai_ci */;
/*!50001 CREATE ALGORITHM=UNDEFINED */
/*!50013 DEFINER=`pollito`@`%` SQL SECURITY DEFINER */
/*!50001 VIEW `clasificacionview` AS select row_number() OVER (ORDER BY `clasificacion`.`puntos` desc,(`clasificacion`.`golesAfavor` - `clasificacion`.`golesEncontra`) desc )  AS `puesto`,`club`.`nombre` AS `nombre`,`clasificacion`.`puntos` AS `puntos`,`clasificacion`.`golesAfavor` AS `golesAfavor`,`clasificacion`.`golesEncontra` AS `golesEncontra`,(`clasificacion`.`golesAfavor` - `clasificacion`.`golesEncontra`) AS `diferenciaGoles`,`clasificacion`.`partidosGanados` AS `partidosGanados`,`clasificacion`.`partidosEmpatados` AS `partidosEmpatados`,`clasificacion`.`partidosPerdidos` AS `partidosPerdidos`,`clasificacion`.`id_club` AS `id_club` from (`clasificacion` join `club` on((`clasificacion`.`id_club` = `club`.`id`))) where (`clasificacion`.`temporada` = (select max(`temporada`.`id`) from `temporada`)) order by `puesto` */;
/*!50001 SET character_set_client      = @saved_cs_client */;
/*!50001 SET character_set_results     = @saved_cs_results */;
/*!50001 SET collation_connection      = @saved_col_connection */;

--
-- Final view structure for view `estadisticas_totales`
--

/*!50001 DROP VIEW IF EXISTS `estadisticas_totales`*/;
/*!50001 SET @saved_cs_client          = @@character_set_client */;
/*!50001 SET @saved_cs_results         = @@character_set_results */;
/*!50001 SET @saved_col_connection     = @@collation_connection */;
/*!50001 SET character_set_client      = utf8mb4 */;
/*!50001 SET character_set_results     = utf8mb4 */;
/*!50001 SET collation_connection      = utf8mb4_0900_ai_ci */;
/*!50001 CREATE ALGORITHM=UNDEFINED */
/*!50013 DEFINER=`pollito`@`%` SQL SECURITY DEFINER */
/*!50001 VIEW `estadisticas_totales` AS select `j`.`nombre` AS `nombre`,sum(`estadisticas_partido`.`goles`) AS `goles`,sum(`estadisticas_partido`.`asistencias`) AS `asistencias`,sum(`estadisticas_partido`.`amarillas`) AS `amarillas`,sum(`estadisticas_partido`.`rojas`) AS `rojas`,sum(`estadisticas_partido`.`titular`) AS `vecesTitular`,count(`estadisticas_partido`.`id`) AS `partidosTotales`,`j`.`posicion` AS `posicion`,`j`.`valor` AS `valor`,`club`.`nombre` AS `club`,`j`.`id` AS `id` from ((`estadisticas_partido` join `jugadores` `j` on((`j`.`id` = `estadisticas_partido`.`id_jugador`))) join `club` on((`club`.`id` = `j`.`id_club`))) group by `estadisticas_partido`.`id_jugador` order by `goles` desc,`asistencias` desc,`amarillas` desc,`rojas` desc */;
/*!50001 SET character_set_client      = @saved_cs_client */;
/*!50001 SET character_set_results     = @saved_cs_results */;
/*!50001 SET collation_connection      = @saved_col_connection */;

--
-- Final view structure for view `partidosview`
--

/*!50001 DROP VIEW IF EXISTS `partidosview`*/;
/*!50001 SET @saved_cs_client          = @@character_set_client */;
/*!50001 SET @saved_cs_results         = @@character_set_results */;
/*!50001 SET @saved_col_connection     = @@collation_connection */;
/*!50001 SET character_set_client      = utf8mb4 */;
/*!50001 SET character_set_results     = utf8mb4 */;
/*!50001 SET collation_connection      = utf8mb4_0900_ai_ci */;
/*!50001 CREATE ALGORITHM=UNDEFINED */
/*!50013 DEFINER=`pollito`@`%` SQL SECURITY DEFINER */
/*!50001 VIEW `partidosview` AS select `p`.`id` AS `partido`,`c1`.`nombre` AS `local`,`p`.`goles_local` AS `goles_local`,`c2`.`nombre` AS `visitante`,`p`.`goles_visitante` AS `goles_visitante`,`a`.`nombre` AS `arbitro`,`p`.`aforo` AS `aforo`,`p`.`jornada` AS `jornada` from (((`partidos` `p` join `club` `c1` on((`p`.`id_local` = `c1`.`id`))) join `club` `c2` on((`p`.`id_visitante` = `c2`.`id`))) join `arbitros` `a` on((`p`.`id_arbitro` = `a`.`id`))) order by `p`.`jornada` */;
/*!50001 SET character_set_client      = @saved_cs_client */;
/*!50001 SET character_set_results     = @saved_cs_results */;
/*!50001 SET collation_connection      = @saved_col_connection */;
/*!40103 SET TIME_ZONE=@OLD_TIME_ZONE */;

/*!40101 SET SQL_MODE=@OLD_SQL_MODE */;
/*!40014 SET FOREIGN_KEY_CHECKS=@OLD_FOREIGN_KEY_CHECKS */;
/*!40014 SET UNIQUE_CHECKS=@OLD_UNIQUE_CHECKS */;
/*!40101 SET CHARACTER_SET_CLIENT=@OLD_CHARACTER_SET_CLIENT */;
/*!40101 SET CHARACTER_SET_RESULTS=@OLD_CHARACTER_SET_RESULTS */;
/*!40101 SET COLLATION_CONNECTION=@OLD_COLLATION_CONNECTION */;
/*!40111 SET SQL_NOTES=@OLD_SQL_NOTES */;

-- Dump completed on 2022-05-28 20:23:52
